id,source,subreddit,text,date,score,num_comments,drug_mentioned
1h34xao,reddit,r/Ozempic,"Anyone else find it incredibly hard to drink fluids?. Prior to ozempic, I drank liquids (Diet Coke) constantly. Now, on ozempic, I struggle to finish a 12oz glass of water or diet soda. Some days I’ll forget to drink anything other than a small glass of diluted orange juice the entire day. Why is this? Is it the medication itself or the weight loss? Lowered A1c (was only 6.5 prior to treatment)?",2024-11-30,37,34,Ozempic
1h33eyb,reddit,r/Ozempic,"Alcohol tolerance raised? . As the title suggests does anyone else feel like their tolerance is raised or they just don’t get a buzz? I’ve been on for about a month now and my desire to drink has nearly all but vanished and the couple times like tonight where socially I had drinks it seemed like it hasn’t done anything. I used to be a pretty big drinker on weekends (35M, plenty of beer and bourbon) and now it’s less desirable to almost nothing. Tonight we had dnd with our friends and I hadn’t eaten too much today but I was like hey imma get a buzz. Got 3 or 4 white claws deep( swapped for the lower carbs for the T2D) and a couple fingers of bourbon and I felt nothin. I figured with lack of food I’d have something but I got nothing and then just felt like nah I don’t want anymore. It’s a blessing in disguise really but has anyone else felt this lack of getting a buzz? I’m curious if it’s just I expected that bit of alcohol to do more on an empty stomach or it’s the medicine",2024-11-30,5,16,GLP-1
1h33d5k,reddit,r/Ozempic,sus marketing. this seems like weird phrasing and too cheap. anyone know the deal with this provider?,2024-11-30,0,8,GLP-1
1h32yjk,reddit,r/Ozempic,Ozempic for weight loss,2024-11-30,1,1,Ozempic
1h32sjf,reddit,r/Ozempic,"Week5: no appetite, but no weight loss. I’m eating 1/4 of what I normally eat, but no weight loss. Any ideas why? #ozempic",2024-11-30,1,3,Ozempic
1h32okx,reddit,r/Ozempic,"I was the doctor on ozempic.. I had my first Injection 7 days ago! And today , I'm taking my second injection of 0.5mg. the scales have shocked me. Couldn't believe that I went from 128.4kg to 124.5kg which is 8 pounds about there in a week. Mostly water weight from appetite suppressing and reducing carbs but it does feel like a breath of fresh air.
Hoping for the coming week to show more more justice as I get my resistance training back in. 
Hope everyone is having a great week.",2024-11-30,85,22,Ozempic
1h32lf7,reddit,r/Ozempic,Injection made hard lump? . Hi team - I just did my injection in my upper thigh and having a weird experience that hasn’t occurred before (been on Ozempic for 6ish months) - I did my injection and it feels like there’s a hard lump under my skin and I can feel the cold of the medicine under my skin. Is this okay? It sort of feels like right when you get Botox and you can feel it.,2024-11-30,0,4,Ozempic
1h32kgc,reddit,r/Ozempic,"Taking my first shot tomw, is a chili party a bad idea?. I get my semaglutide delivered tomorrow. I plan to take it around noon. I am also having friends over around 7 PM for a chili party (they are fond of my slow cooker chili).

I know the answer to my question is “it varies,” but any thoughts on whether I will be a wreck by nighttime? Should I fast during the day to increase my chances of feeling ok by the time the party starts?

Last, are beans a good or bad idea? constipation scares me much more than diarrhea. So maybe beans are good? Thank you!",2024-11-30,14,37,Semaglutide
1h323ez,reddit,r/Ozempic,Did I get ripped off?. I’ve been getting semaglutide from a med spa in FL since April at 660$ for a 5 ml vial at 2.5 mg/ml. I just got a new shipment and spent the same money for a 5 ml vial at 2 mg/ml instead. Has this happened to anyone before? Is this a pharmacy mess up or was the med spa ripping me off?,2024-11-30,1,4,Semaglutide
1h31nia,reddit,r/Ozempic,Is Ozempic Putting An End To Bariatric Surgery? | Dr. Christine Ren-Fielding,2024-11-30,10,2,Ozempic
1h31kny,reddit,r/Ozempic,"Heartburn. Ever since I started *3 weeks ago* , I have really bad heartburn after eating anything. Anyone else have this problem? I am on .5mg.",2024-11-30,1,0,GLP-1
1h30try,reddit,r/Ozempic,Experiences pausing Ozempic for surgery?. I have surgery coming up (total hip replacement) and I have to be off Ozempic for 3 weeks prior.  There’s’ a two or three-month recovery period for this surgery.  I have been on Ozempic for about 18 months and it has really helped keep my anxiety under control. I’m nervous about how I’m going to react to going off the drug. Also about keeping the food noise at bay. Anyone out there have experience with pausing Ozempic and restarting a month or so later post-surgery?  What can I expect?,2024-11-30,1,10,Ozempic
1h2zva9,reddit,r/Ozempic,"Stop binge eating on and after ozempic. Is there anyone who, thanks to ozempic, has permanently stopped binge eating and comforting themselves with food? i.e. does this effect persist after you stop using ozempic?",2024-11-30,35,33,Ozempic
1h2zl2l,reddit,r/Ozempic,Just started .50mg and I see results . The first Pic was in March 2024. After summer I started doing fasting and healthy eating. Most of my meals are 90 to 100% protein. On beginning of November 2024 I start using Ozempic as a booster for lowering my sugar levels and to enhance the fasting period without hungry. I drop aprox aprox 50 pounds and from using size 60 pants now I just got into size 54. From a 3x just got into 2x. I'm motivated. Much love to everyone and trust the process.,2024-11-30,64,7,Ozempic
1h2yoym,reddit,r/Ozempic,"Just took my first shot!. I just took my first shot and I’m feeling a mix of hopefulness and nervousness. I’m not nervous about the wide range of gastro and bowel side effects people talk about. I’m worried most about the heart rate issues that some people get. I have a history of PVCs and tachycardic arrhythmias that have been well managed with medication for the last few years now. Both my cardiologist and GP have recommended this medication, so I want to follow their medical advice. I’m just feeling anxiety about the potential for the cardiac symptoms disrupting my life again. It was pretty bad for a while. 
Really hoping for a good outcome! 
I’m open to hearing from anyone who may have experienced some cardiac symptoms, as well as those of you who haven’t! I’ve read a couple posts about some people who said their PVCs actually went away on this medication, which is amazing!
I’ve been stalking this forum for a while as I considered this medication and took note of recommendations and tips, so I appreciate you all so much for sharing your experiences. It’s been helpful to read others’ comments and posts as I prepared to wrap my head around taking Ozempic.",2024-11-29,12,6,Ozempic
1h2xyya,reddit,r/Ozempic,"Phantom food noise?. Anyone else get this? 

Most of my adult life, I would have the worst cravings and hunger. Absolutely insatiable. Any time I went outside, I would be thinking about my next snack. I'd pass food in any store and my eyes would linger while I thought about wanting. So much of my mind would be taken up by these incessant cravings and mind-boggling hunger. 

I just went on Ozempic this Wednesday. I made a mistake and started my dose too high, and I got pretty major side effects in the stomach, but they're going down and I've been nursing them accordingly. 

My need for food/hunger stopped entirely. The weirdest thing is I am constantly /expecting/ the hunger that isn't there, so I feel a sort of phantom noise. 

Just today I was picking up medication for the nausea, and as I walked into the store I thought about a treat like a package of fruit, but then I realized how much I do not want a treat! I found myself doing this all day. I expect to want food, I think about wanting it, and then the reality that I don't hits me. 

So I wonder if anyone else gets this! Never have I had this experience before.",2024-11-29,8,3,Ozempic
1h2xi1r,reddit,r/Ozempic,"L carnitine and ozempic??. Hi, I just had my first shot of ozempic and prior to it, I was taking L carnitine pills. Is it still safe to take them ??",2024-11-29,1,4,Ozempic
1h2v2fy,reddit,r/Ozempic,"Anyone prescribed 3mg a wk. So wegovy comes in 2.5mg pens but is not covered by my insurance. Ozempic....which I take for type 2 and weight-loss only comes in 2mg pens but IS covered by my insurance. So my dr prescribed 2.5mg of Ozempic but measuring it out on the pen is cruel and unusual punishment lol. So wondering IF anyone has ever been prescribed 3mg. I notice that my sugars start to get high about 2 days before my shit is due and I'm going to go get my A1C retested soon to get an actual number....but if appropriate, I'm wondering if 3mg is a possibility or is that like never done?",2024-11-29,1,5,Both
1h2um8u,reddit,r/Ozempic,"Does anyone have issues with biting cheeks after losing weight in face?. I've lost weight in my face and wonder if this is causing me to bite my cheeks accidently all the time now since they may not be as rounded and a little more sunken in. 

Anyone have this problem?",2024-11-29,2,8,GLP-1
1h2u1gm,reddit,r/Ozempic,"Advice Needed to begin Ozempic. Hello all! First off I wanted to congratulate all of you on your weight loss!

I am 5'1 im nearly 160 pounds. And I honestly don't really look like I weigh that much but i do. I have definitely a little bit of gut and am no longer getting that ""morning skinny"" look. I also really value health and longevity and with me being on the shorter end I do understand how easy it is to gain weight, and it is an extremely slippery slope. 

 I was looking to begin Ozempic but im a little hesitant, I already have gut issues of extremely bloating (I cant even remember the last time I wasnt bloated). And I struggle with constipation already, will Ozempic worsen these issues? I understand its suppose to slow down your food tract to allow you to feel hungry for longer, but how does this work? Is it by constipating you? I would like to lose around 20-25 pounds of fat while putting on some muscle. I just wanted to know about your experiences, the results, the back outcomes.

I appreciate it!",2024-11-29,0,0,Ozempic
1h2ti7m,reddit,r/Ozempic,"Side effects . My husband has been on Ozempic for a year and is a T2 diabetic. He is currently on 1mg and has been for at least 4 months. He has had next to no side effects other than some constipation. He always takes his shot at night but since we were traveling this week he took the shot in the morning before we left for the airport so he didn’t have to bring the pen with us. He is also on daily insulin so I’m not sure why he made that choice but whatever. 

Since Tuesday evening (shot was taken Tuesday Morning) he has had non stop explosive diarrhea. It’s several times per day. He said there is no cramping or pain but it’s pretty miserable for him. Has anyone else had this experience after many months on the same dose?",2024-11-29,4,13,Ozempic
1h2ruun,reddit,r/Ozempic,"Weird skin reaction . I have been on Ozempic since February 2024 as soon as I injected myself this happened had anyone seen this before 
Is it an allergic reaction or just miss placed need?",2024-11-29,16,29,Ozempic
1h2qt7t,reddit,r/Ozempic,"Down 50lbs!. This works! At 60 years old, I’ve lost 50 lbs and can’t believe my old bikini fits again! Drinking more water, daily exercise and eating more protein was they key. Supplements like fish oil, iron, collagen, turmeric, and taking the energy & sleep electrolytes helps! Happy Saturday ☀️",2024-11-29,643,58,GLP-1
1h2qrsj,reddit,r/Ozempic,"Down 50lbs!. This works! At 60 years old, I’ve lost 50 lbs and can’t believe my old bikini fits again! Drinking more water, daily exercise and eating more protein was they key. Supplements like fish oil, iron, collagen, turmeric, and taking the energy & sleep electrolytes helps! Happy Friday ☀️",2024-11-29,1,0,GLP-1
1h2pkxs,reddit,r/Ozempic,"Not everyone is supportive…. Well, I’ve been on Ozempic for about a month. I have lost 8 pounds, have energy, more motivation, and I’ve even joined a Pilates studio.

However, I have at least two friends that continually remind me “oh wait till you go off of it. Your appetite comes back and you gain it all back “
In addition to that, they seem to feel that it’s necessary to tell me that I’m only taking it for weight loss, which is not true. I have suffered with the misery of the post Covid weight gain for the last three years. I was miserable ,hated myself, stopped exercising, and picked up some bad habits that I won’t go into here. I felt that I needed something to propel me out of my depression, as I did not have the motivation to diet and exercise on my own. A physical exam revealed that my A1c was 8.1 now because of my poor choices, I was diabetic. I was always insulin resistant, so I took a step forward.

I asked my doctor to start me on Ozempic so that I could become healthy again, and yes, that healthy included losing weight and I needed something to jumpstart me as well as control the insulin issues. 

I’m sure right now. I’m telling a lot of people’s story. I actually had a fight at Thanksgiving dinner last night with a female friend yelling at me that I was only taking it to lose weight. Well, I lost it on her and a lot of F words came out of my mouth as I told her to shut the F up lol I also told her she was just jealous because she insisted upon doing it the hard way and then she said well you wouldn’t do it the hard way.

Is there some reason why we need to do something the hard way when it doesn’t work for us oh and another argument that I had with her was she told me they’re gonna take me off of it. Like any other health management medication you can stay on this for life . Another argument.

OK, thanks for the vet lol I don’t need their approval and I feel good and I’m just wondering if anybody else has received this kind of response for people they thought they were their friends?",2024-11-29,50,56,Ozempic
1h2phbw,reddit,r/Ozempic,"Blood Backfill in Ozempic Pen?. After my latest injection, I noticed that some of my blood got inside of the pen itself. Looking online, I’ve only been able to find similar searches regarding insulin. Based off that search, it’d appear this happened because I released the plunger before removing the needle from my injection site.

Has anyone else had this happen before? Is the pen still good for its remaining injections, or should I consider this pen a bust now and throw it out?",2024-11-29,0,4,Ozempic
1h2o8lz,reddit,r/Ozempic,"2nd dose of .50 different injection site. I moved up from .25 to .50 last week. I felt no side effects and felt like it wasn’t working at all last week. Well last night I took my second dosage and this morning I woke up so nauseous (not throwing up though). I didn’t overdue it for Thanksgiving either- was exhausted from cooking all day and wasn’t hungry. 
This is the first time since I’ve been on it that I felt like this. I’m hoping I can stay at .50 for awhile. I started on .25 and I lost 10lbs in the first 3 weeks, then stopped losing. I didn’t gain but didn’t lose anything more. If I can just see some movement then feeling nauseous will at least be worth it.",2024-11-29,1,0,GLP-1
1h2n5jd,reddit,r/Ozempic,"10th Week. Hi!
Just a quick entry about my Ozempic experience. Would love to hear if anyone can relate. 
I’m in my 10th week. My starting weight was 187, I’m now at 168. That’s almost 20lbs down!

My side effects are mostly nausea and heart burn, but the heart burn has gotten progressively worse. 
Experiencing “GERD cough” 
My primary care doctor prescribed me a daily medicine, and I’ve started taking antacid OTC. 

The nausea typically comes in the middle of the night. I’m trying to work on better habits, because it’s triggered by certain foods and goes hand in hand with the heartburn. 

I’m getting the semaglutide through a third party doctor, and he’s very conservative with my doses. My first dose ever was 5 units and I’m at 18 units in my 10th week. 

My goal weight is 155, more than halfway there! Hoping the heartburn becomes more manageable with the daily meds.",2024-11-29,4,2,Ozempic
1h2n3op,reddit,r/Ozempic,"Diarrhea management tips welcome . Went from .25 (2 weeks) to .50 (3 weeks) and diarrhea has been an issue suddenly the last week. 

Any tips on managing this nasty side effect ?",2024-11-29,2,1,GLP-1
1h2j9mo,reddit,r/Ozempic,6 months on Ozempic. December makes 6 months being on Ozempic. I have been increasing my dosage by .25 each month. Currently taking 1.25 mg. Starting weight was 270. Current weight is 245. My goal is to get under 200 and then once i get there i’ll set another goal weight but thats where I am currently at right now. Not the healthiest eater. But i dont eat much and include lots of walking in my daily schedule,2024-11-29,280,29,Ozempic
1h2ifa8,reddit,r/Ozempic,"Habitual Eating. Hello everyone,
I started Ozempic 0.25mg yesterday, and I have to say, within 4 hrs of the shot I already noticed decreased appetite. I’m also doing a medically supervised very low calorie diet. I should also mention I took Ozempic summer of 2023 and had good results, but had to stop because of financial issues. 

Basically, I’m looking for tips on how to avoid snacking purely out of habit. Last evening I wasn’t hungry at all, and wasn’t even really thinking about food, but yet anytime I’d wander by the kitchen I’d find myself rummaging in the fridge or cupboards. Didn’t end up snacking but I’m worried about mindless eating. I know this was something I struggled with last year as well. 

I’m thinking my best bet is distraction, but the challenge is I’m not working right now (Back to work in 3 weeks), I have no kids, and winters here (in Northern Ontario) so I know I’ll be less likely to distract myself by getting outside. Just looking for things I can do inside to keep me from mindlessly eating when I’m not even hungry.",2024-11-29,4,8,Ozempic
1h2iboo,reddit,r/Ozempic,What do you eat while on ozempic. Curious to hear what everyone is eating / drinking in a day whilst on this medication?,2024-11-29,7,42,Ozempic
1h2i6dd,reddit,r/Ozempic,"11 week update: progress/stats. After 11 weeks on semaglutide my stats are:

F, 32yo, 5'7""

Sw: 197lbs

Cw: 175.5lbs

Gw: 150lbs (possibly 140, need to see how I look and feel at 150)

Loss: 21.5lbs

I'm a size and a half down in jeans and I'm starting to notice the weight loss on the top of my arms/that area in general now. Starting to not fully hate how I look. I'm eating as much protein as I can and considering lowering my calorie intake by about 200 a day and seeing if this can accelerate things as I've a night away at Christmas and an outfit I'm fitting into but want it to sit more comfortably on my body. 

Note to people: I don't know why or how this works, but inject anywhere but your stomach. I had been injecting in my thigh for weeks with no nausea/pain/vomiting. Injected in my stomach last night for no particular reason and I woke up in the middle of the night with pains in my stomach and proceeded to puke rings around myself 🙃",2024-11-29,4,2,Semaglutide
1h2gsid,reddit,r/Ozempic,"Food noise is so loud... Had my 2nd dose Wednesday, I am so fkn hungry.. and I cannot stop thinking about food.",2024-11-29,2,9,GLP-1
1h2ge02,reddit,r/Ozempic,"Morning sickness/stomach aches. I’m currently on 1mg, and I’ve been experiencing daily stomach pains every morning for almost 2 months. Occasionally it’s accompanied by nausea, but it feels more like a cramp. It doesn’t matter what or when I eat, it happens every single time.",2024-11-29,1,2,GLP-1
1h2cole,reddit,r/Ozempic,"Anyone else throw up their whole Thanksgiving dinner or just me?. I threw up once, tried to eat again, ate one bite and threw up again. 🫠",2024-11-29,0,45,GLP-1
1h2ccjv,reddit,r/Ozempic,"Sharing my experience: Staying on your minimum effective dose to avoid side effects. Been trying ozempic the past 4 months and wanted to share my experience in case anyone else finds it helpful.

When I initially started on 0.25mg, besides instant appetite suppression literally the same day, I also immediately noticed various benefits like more energy, better focus, more stable mood and better sleep. My insomnia disappeared overnight and I was having dreams in my sleep which I realized I hadn't had in year. I would wake up in the morning well rested! I was losing weight and feeling great.

Following the dosage instructions, I titrated up every two weeks. When I went to 0.5mg, I started completely losing appetite to the point I almost wouldn't eat at all. 

I went up to 0.75mg and then 1.0mg. I started feeling terrible anxiety, went into the deepest depression I had experienced in my life and became constantly fatigued to the point I didn't want to do anything at all. I also had nausea and headache. I felt hopeless about life and it felt like nothing mattered in life. I was barely eating and had to force myself to eat. At the time, there were other stressful things going on in my life, so I kept thinking the anxiety, depression and fatigue might have been caused by other factors. 

After about a month of this, I finally put 2 and 2 together and realized that it most likely was the ozempic causing the mental health side effects. I quit immediately and started to slowly recover. There was a gradual improvement every week and after about 6 weeks, I finally felt like my normal self. The fatigue, depression and anxiety all disappeared.

This whole experience totally freaked me out and for a while I felt like I would never take this drug again. However, I remembered how in the initial few weeks it had a ton of positive effects on me, and how the side effects only appeared when I went up with my dose. So I decided to give it another go, but only stay at 0.25mg. I've been on 0.25mg for the past 4 weeks and so far have had almost no side effects. Only some fatigue in the first two weeks that went away. I am losing weight and feeling the other benefits like improved energy, focus, mood and sleep, which I am super happy about. Compared to 4 months ago, my liver function tests also improved and my early stage NAFLD appears to be reversing.

Reflecting on my whole experience, I am guessing I might be a super responder. It's been a total rollercoaster going through a horrible depression, but now am hopeful that by staying on 0.25mg I can keep making progress without the side effects. 

Just wanted to put this out there in case others find it useful!",2024-11-29,49,20,Ozempic
1h2bq2j,reddit,r/Ozempic,Ozempic Plate. I didn’t realize how little I eat lol,2024-11-29,335,83,Ozempic
1h2blf1,reddit,r/Ozempic,"Starting my first dose today 🫡 . Wish me luck. I just picked up my first pen. Luckily I live here in Japan so I was able to get it for just $60 and a doctors appointment.

Any advice or tips for the first week?",2024-11-29,4,2,GLP-1
1h2biz0,reddit,r/Ozempic,"Stop loosing. I started Oz for diabetes, I was on long acting and short acting insulin as well. I don’t use social media . I wasn’t well informed on weight loss by Oz. But it worked in my favour and I am so happy. I was 196 when I started and I am 167 right now. Start date was April 2024 , in the beginning I didn’t know that I can loose weight on it. My doctor didn’t really say much about weight loss. I ate like I always did, no change in diet. After couple months on it , I learned from my friend that Oz is famous drug to help with weight loss. After learning about benefit of this drug, I changed my diet. I didn’t have Decreased appetite effect or any side effects from it for first 4 months. Neither I lost weight first 4 months. I start eating more protein and more clean . I still ate three meals but very healthy. Fast forward, I am stuck on 167.My doctor won’t up the dose because he doesn’t think I need to up the dose. I am off my short acting insulin and way low on long acting dose. I am in Canada , it’s hard to get a prescription for oz here. All of sudden , I have developed constipation . I have been taking Milk of mg but I look so bloated. I don’t have appetite these days , is this normal but my weight is not moving at all ? I am 5”2 and my goal weight is 140. What can I do to kick weight loss ? I don’t drink enough water .",2024-11-29,1,11,GLP-1
1h2bihj,reddit,r/Ozempic,Between sizes. Currently between 14 and 16 women’s US pant size. 16 is too lose but 14 is still a tad tight on my tummy. Anyone else experience this and how do you go about it? Just hang onto the 16’s even if they’re so loose?,2024-11-29,1,3,GLP-1
1h2bg8w,reddit,r/Ozempic,"This Thanksgiving v.s. Last Thanksgiving difference . I don’t know how much I weighed in 2023 but I do know I weighed about 240lbs in January 2024, so I’m guessing I was probably between that and 250 in the first picture. My SW for sema in February was about 240lbs, CW is 204, GW is 120. 
I wasn’t going to post until I reached my goal weight, but my dad sent me this picture from earlier and I couldn’t help comparing from last year since I wore the same sweater. It doesn’t even look like the same sweater! I’ve improved so much since then, I have PCOS, so I also had severe cystic acne in the first picture. It was definitely slow going, I only lost about 10 pounds between late February and July, and lost the almost 30 between July and now. I’m feeling super motivated now and I hope you all will too!",2024-11-29,170,5,GLP-1
1h2bepg,reddit,r/Ozempic,"It was going so good until it wasn’t!. Everything was amazing. I started off at 220 and am currently down to 150 in just six months. I take an in between dose of .75 bc .50 wasn’t cutting it & 1mg was literally going to take me out. 
The last 3 weeks I have been on deaths doorstep! Nausea, SUPER BAD FATIGUE like I’m going to pass out if I stand up. Headaches, stomachaches & now constipation. Literally can’t get out of bed & my husband is getting fed up. My goal weight is 125 & I’m so close so it makes me not want to give up but at the same time I have 4 kids and I can’t feel like this 4/7 days a week. I’m not drinking, not eating anything spicy or too terrible. In fact I’m barely eating at all. I’m wondering what I should do & if it’s time to give it up :( maybe I just need some encouragement.",2024-11-29,0,19,GLP-1
1h2bdu1,reddit,r/Ozempic,"Horrible Side Effects. Has anybody else experienced really rough side effects of Ozempic? To the point where you really had to question whether or not you could continue to take it? 

Sunday evening was my 2nd dose of 0.5mg. Given in the stomach. Monday was spent with a little nausea but it was tolerable. Then Tuesday I threw up once. Bad gas and burping, bad nausea. Bad stomach ache. Wednesday was mild-moderate nausea, again, it was pretty tolerable. But then today… Oh my lanta. Today was an awful day. I didn’t spend it with family, I spent it on the toilet with a dish pan next to me for vomiting. Vomited four times and basically peed out of my butt at the same time I was vomiting. Mind you, this entire time, no OTC meds or even Rx zofran touched any of my symptoms. Not pepto, not Imodium, not tums. Dramamine helped some but not a ton. Why is it that OTC meds don’t seem to work when taking Ozempic? I have never had issues with getting meds to work for me prior to Ozempic.

I have made big diet and lifestyle changes since starting Ozempic back in mid-October. Before it I would eat out almost every night from Taco Bell or McDonalds. I would sometimes eat leftovers that my mom and gma made from that night, but a lot of the time I would go out and eat big amounts of food loaded with fats and carbohydrates, and drink soda that was high in sugar. Now I’m mostly eating simply protein and veggies and mostly drinking water. A Diet Coke maybe once a week. My preferred dinner is chicken breast and green beans. Seasoned, but not aggressively spiced or anything.",2024-11-29,0,10,Ozempic
1h2b659,reddit,r/Ozempic,"Not enough needle tips?. I’m on a .25 dose and it’s working well for me. No need to go up right now, which means I can get 8 injections from the pen. However it only comes with 6 needle tips… 

That means I’ll have 2 injections left, but no way to use them. 

Have others faced this? What did you do?",2024-11-29,2,5,GLP-1
1h28bur,reddit,r/Ozempic,"Mild abdominal pain . Hi guys! 

I'm about 4 months in on 1mg and over the last week or so have been having mild but consistent pain in my upper left abdomen, is this normal?",2024-11-28,0,2,GLP-1
1h27i9p,reddit,r/Ozempic,"Cost of 4mg pen vs 2mg pen. I just received my 4mg pen for the first time. The cost I was charged was $315 which is the same as the 2mg pen. 

Is this correct? Are both the 4mg and the 2mg pen the same cost?",2024-11-28,3,6,GLP-1
1h279bu,reddit,r/Ozempic,"Bowel movements & gas. Is anybody experiencing trouble with what feels like bad gas pain, but not really passing gas? And trouble..going? Monday will be my 6th week, if that matters",2024-11-28,3,2,GLP-1
1h25tlx,reddit,r/Ozempic,"Low appetite BEFORE ozempic. Info:
LeeAnn, female, 33 years old, 6ft, Stocky/Muscular, 
CW: 360lbs
GW: 280-300
Lean body mass: 240lbs
Current Conditions: Endometrial hyperplasia (caused by anovulation), diabetic (caused by progesterone meds to fight hyperplasia), elevated testosterone for a female (PCOS)


Hey!

So I was recently prescribed ozempic to help combat high A1C brought on by progesterone meds. The doctor is hoping that by losing weight, my ovulation will return naturally. If that happens my hyperplasia will go away and I won't need the progesterone that causes my sugar to hike up 100+ points. 

The only thing though is I'm not a big eater. I maybe consume around 1500 calories a day at the very most. I track calories based on gram weight so I know exactly how much I'm consuming. Does ozempic help you lose weight even if you don't have much of an appetite to begin with? 

Thanks!",2024-11-28,0,1,Ozempic
1h25obc,reddit,r/Ozempic,"Biden makes glp1s covered for people with obesity under Medicare, health insurance and Medicaid.. I don’t know if you guys see this but we got some good news. Joe Biden just did a great thing for us. Love him or hate him I wish him a happy retirement and thank him for his service. This directly helps me and many other millions of Americans. Things are looking good for us taking glp1s.",2024-11-28,607,83,GLP-1
1h23vl6,reddit,r/Ozempic,"Help…. Hey guys ! 
Today is my 8th week on ozempic, about to complete my 4th dose of 0.5. 
I’ve lost nearly 12kg (26 pounds) and feeling pretty good. (F21, Australia) 

I just had a couple of questions. 
For the first 6 weeks I suffered mild constipation but nothing too bad. 
However this week … explosive diarrhoea. (Very watery, yellow, unpredictable)  

It’s not good, especially in the morning, and it’s seems to be every morning or every second) 
I haven’t changed much from what I was eating the first few weeks. 
My stomach also churns and grumbles veryyy loudly in the morning (not painful). If anyone has any advice to help these side effects I’d really appreciate it !! 

**I take fibre supplements everyday",2024-11-28,2,9,Ozempic
1h23tjh,reddit,r/Ozempic,"PSA: there's more in the pen than it let's you dispense.. After reading a comment from someone here yesterday that they insert a syringe needle into the jelly end of the pen to suck up the rest of the med and inject it, I wanted to try it myself.

It's true! I sucked up so much out of 4 old pens I have, I accidentally dumped a bunch out before taking these photos but I can't believe how much is in there you can't dispense normally. I did not inject these because they're months old but i will be going forward with my new pens! Crazy.",2024-11-28,4,3,GLP-1
1h23kl3,reddit,r/Ozempic,"Just starting week 6. I did my weigh in and I’m now down to 188.8 lbs. Started 198.9 lbs. 

On the non scale side I’m down a scrub size at work and I’m back into pants I haven’t been able to wear in about a year. 😁",2024-11-28,10,3,GLP-1
1h22tj0,reddit,r/Ozempic,Ozempic for diabetes . I’m a diabetic and haven’t had much success with several other drugs for my condition. My doctor suggested that I try oxempic and I’m a little concerned about losing weight since I may be over by only ten pounds. Weight loss isn’t my concern but I’d like to find out what to expect with my glucose levels and when I may see results! Any info would be greatly appreciated.,2024-11-28,2,10,Ozempic
1h2291u,reddit,r/Ozempic,"Pie. So being the eve of thanksgiving and on travel visiting family there’s extra junk food laying around.

I’ve been on Ozempic for almost 2 months and have been adhering to my diet fairly well.  So I decided to cheat and have a slice of pie last night.

Y’all remember comfort food and how some food would be like being wrapped in a warm blanket on a cold night?  Pie is one of those for me… or I guess used to be.

I had an apple pie and it tasted…. Fine… but hit me like… like a mouthful of kale.

There’s literally no pleasurable difference between kale and pie.  So why bother with the pie at all?

Wow. I was totally not expecting that. I figured Ozempic just made you feel full so you’d eat less.  I didn’t think it would help rewire the relationship with food.  Although I think this will wear off once I hit my
Goal and go off of it.

Right now greasy burgers, potato chips, ice cream, all the stuff bad for me doesn’t seem any more appealing than cardboard. I crave nothing and therefore I can become anything.",2024-11-28,15,8,Ozempic
1h220yq,reddit,r/Ozempic,2 years ozempic ❤️. 2 years and loving this journey ❤️. Has anyone found it also helps with their anxiety? I have really bad ptsd and one thing I have noticed is that since I have been taking ozempic my panic attacks have wildly decreased. I honestly want to just permanently stay on because of that factor.,2024-11-28,445,32,Ozempic
1h21d6y,reddit,r/Ozempic,"This Thanksgiving, I am grateful for a year's worth of healthy eating, weight loss, and improved quality of life from GLP-1's, Bariatric surgery, & intermittent fasting.",2024-11-28,39,8,GLP-1
1h215hd,reddit,r/Ozempic,"Weight loss speed . Just doing a check for those that have been on this longer. I found out I have T2D on oct 25, took immediate action to lose weight and got my OZ within a few days. I’ve taken 4 .25 doses and jump to .5 this Sunday. I’ve lost about 18-19 lbs since then and just wondering if that’s too fast for my situation? SW 270 CW 251 height 5’10",2024-11-28,4,6,GLP-1
1h20odt,reddit,r/Ozempic,"Warning for today. . If you are going to ""feast"" make sure you got and take the anti nausea drugs the second you think you might need em. Otherwise keep yourself in check.",2024-11-28,77,42,GLP-1
1h20eda,reddit,r/Ozempic,"How can you confirm you're really getting semaglutide? . Yes, I'm probably a little paranoid, but I don't completely trust compounding pharmacies... especially since semaglutide is a money-printing machine. There are semaglutide compounds (like semaglutide acetate) that are sometimes dispensed instead of the real thing. Or a small volume of the genuine semaglutide can be increased with sterile water or saline.

And yet, I do believe some of the pharmacies have integrity. 

Do any of you know of a way to check whether you're getting genuine semaglutide, and in the correct concentration?",2024-11-28,10,18,Semaglutide
1h1zoka,reddit,r/Ozempic,I stopped Ozempic and have been eating candy like a madwoman. No weight gain.. I was afraid to get on the scale. One pair of my pants even felt snug. I took my last injection a few weeks ago and have been eating a lot of sugar. I assumed I’d gained at a minimum of 5 lbs.  my weight is the same. How’s that possible? I’m expecting it’s all going to just boom show up one day.,2024-11-28,14,24,Ozempic
1h1zlln,reddit,r/Ozempic,"NSV for the holidays. . I've been on Oz for 14 months. Down several clothing sizes, feeling better than I have in years. Currently on 1mg because my endocrinologist doesn't want to increase me until it stops working to control my blood sugar. 😊",2024-11-28,150,8,GLP-1
1h1ytvq,reddit,r/Ozempic,"How to Get Off Ozempic?. Hi! So I do have PCOS. I gain weight really easy, struggle with carbs, and my menstrual cycle is very irregular along with other symptoms. I work out three times a week and I’m finally at my goal weight, maybe even under weight. I can gain weight back pretty fast though. However, I need to get off Ozempic. My main dose is 0.5. I just did two weeks at 0.75 but it’s not for me due to the side effects. 

My question is, do I stop cold turkey? Or do I go down to 0.25 for four weeks and then stop? Any advice is greatly appreciated! I would love to hear your experiences. Thank you.",2024-11-28,1,5,Ozempic
1h1yrwl,reddit,r/Ozempic,"I've been losing friends faster than losing weight . I'm 30F. Since starting Oz about 5 months ago, I've lost 3-4 friends. All female. We didn't fight. We didn't have any problems. They simply stopped inviting me to their parties/to hang out/ to their house. I noticed two of them unfollowed me and removed me from their followers on Instagram. 

I have two other friends who constantly ""joke"" about how lucky I am to get Oz. How they wish they could get it too. How if I don't need it, they'll take it!!! I'm diabetic...and obese. I'm not sure I'd call myself lucky. They're both normal weighted women in their late 20s early 30s in long term relationships. They have the normal healthy bodies. 

There may be something else going on and I'm mistakenly correlating oz to this happening...or me losing weight to this... but I can't think of anything else that's changed in the past few months. Only 1 friend told me I've lost weight and that's very good and impressive. Literally just 1 out of 4 that I met last night after 3 months of not seeing them. 

The others basically didn't even wanna talk about it. I don't understand why. They're all beautiful, normal weighted and healthy. Are they jealous that I'm losing weight? Threatened? Did they like me to be in their friends group just because I provided the safe ""at least I'm not the ugliest/most unattractive"" relief? Like I was the D.U.F.F? Or is this just my insecurity? 

Anyone else experiencing their ""friends"" acting weird since starting Oz? I almost don't wanna tell other people because of this.",2024-11-28,187,124,GLP-1
1h1xurx,reddit,r/Ozempic,"Weight Loss vs Look. I've been on Ozempic for 6 weeks now. We are at my in-laws for Thanksgiving and the 1st thing my MIL said was you've lost some weight and look good. The scale only shows 2 or 3 pounds but my face is definitely slimmer. Is this normal? I know the med is working because I definitely eat ALOT less and ""bad food"" tastes well bad now for the most part.",2024-11-28,5,2,Ozempic
1h1wxu4,reddit,r/Ozempic,"I feel like Ozempic is not working on me . I started Ozempic nearly four months ago and im at 1 mg right now. In four months i have collectively lost 5 kilos. My starting weight was 92 and i am at 87 now. This whole month i have lost 1 kg only. I am not eating too much i eat within a calorie deficit, i go to the gym 4 days a week and i also do strength training 2-3 times a week. I feel like 1 kg a month is too less, i don’t have any side effects just a little bit of nausea in the morning that’s it. My appetite is definitely lesser than before but it is just so frustrating that i have been killing myself for 4 months and i don’t even look any different. I thought 1 mg would do the trick but honestly it doesn’t feel any different. I feel so demotivated, i know a lot of you will say its a marathon and slow and steady wins the race etc. but this is too slow, i am spending my hard earned money on this and all i am getting in return is barely any weightloss. 
If i am doing anything wrong please tell me or if there’s anything that i should do to speed up my weight loss even just a little bit would be helpful",2024-11-28,3,9,Ozempic
1h1w50m,reddit,r/Ozempic,"5 mouths in and only 4kg down . I started in July this year and 5 months in I’ve only lost 4kg down. I’m currently on 0.5 a week, eating twice a day most days and in a job that requires me to be on my feet / walking all day. I started at 100kg and only on 96kg. I’m losing motivation and feel like giving up 😢 my doctor keeps pushing me towards the gastric sleeve surgery and it’s just not something I’m willing to do. I’m in my mid 20s and I don’t want invasive surgery before giving it my all. Has anyone had a similar experience? Any advice? I had a healthy weight most of my life this weight gain (30kg) has happened very quickly in the last 2.5 years.",2024-11-28,46,37,GLP-1
1h1v60z,reddit,r/Ozempic,Smells of food. I have noticed recently that the smells of food even food I usually enjoy have made me feel so nauseous. I notice most when I’m making things in my slow cooker. Like if I put something in to cook over night I will be woken up by the smell and need to open windows just so I can sleep again. This makes me worried as it’s Thanksgiving today and I’ll be cooking for quite awhile,2024-11-28,11,10,GLP-1
1h1v04s,reddit,r/Ozempic,"Frustrated with Ozempic. I’ve noticed since taking Ozempic for the past few months, that I have fallen several times.  I mean bad assed falls. I had on last night where my legs went out from under me. Then BAM!  

I looked it up and sure enough falling can occur with Ozempic. One source suggests increasing your protein intake.  If this doesn’t help then I guess I’ll stop taking it.  I don’t want to get a broken bone from this. 

Has anyone else experienced this?",2024-11-28,0,1,Ozempic
1h1u9ff,reddit,r/Ozempic,"No motivation to cook anymore. So I’ve just started my second month and am now on the 0.5 dose. Prior I used to live cooking for me and my partner but now that I basically have no hunger I have absolutely no interest in it. 

Has anyone else experienced this? What did you do?",2024-11-28,3,4,GLP-1
1h1sosm,reddit,r/Ozempic,Stoppisng ozempic. Is it fine to stop ozempic 1 mg without tapering?,2024-11-28,1,0,Ozempic
1h1rl8l,reddit,r/Ozempic,"Appetite reduction not lasting?. Per my previous post, I started Ozempic this past Sunday (11/24/24), 0.25mg as a beginner dose. No side effects, and there was an almost immediate reduction in my appetite!

...for a while. It's now Wednesday, and my appetite seems to be back to normal. Is it common for the appetite suppression not to last all week? Is it because of the beginner's dose, or is my body just adapting to it and ignoring it?",2024-11-28,1,7,Ozempic
1h1recx,reddit,r/Ozempic,"When will this be made available in India?. India is the diabetes capital of the world, it's actual hell. currently semaglutide is available in form of tablets (rybelsus) but i heard those aren't much effective. any idea of when a generic company makes a copy of this and launches it for cheap?",2024-11-28,0,4,Semaglutide
1h1qwz9,reddit,r/Ozempic,"No Weight Loss. I have been on Ozempic 16 months straight and NO weight loss. I recently started Contrave past 3 months WITH Ozempic and no weight loss. I am so discouraged. People all around me are losing so much weight this past year.. I am low fat/ low carb and exercising.. WTH

CW 200  First Goal was to be 175. Next goal after that is 160. WTH do I do?!?!?!",2024-11-28,1,0,Ozempic
1h1q65u,reddit,r/Ozempic,Looking to start on ozempic. Went to my weight loss dr and she agreed on starting ozempic but my insurance isn’t going to cover it. Basically where can I buy wegovy/ozempic at? I’ve seen some weight loss clinics such as options medical weight loss around the Chicagoland area so I might try and get an appointment there soon. But if anyone knows any other way to obtain it pls lmk :)),2024-11-28,0,1,Both
1h1q5mp,reddit,r/Ozempic,"December 2023 to November 2024. Hi! 

I’ve been on ozempic for about a year. I can’t say it curbed any of my cravings and unfortunately I still eat a lot of sugar. I am currently at 1.0 weekly.

From December to July I ramped up from .25, .5, .75 and I’ve been on 1.0 since then.

SW:220 CW: 184
I’ve lost a total of 36 pounds.",2024-11-28,72,5,Ozempic
1h1ng26,reddit,r/Ozempic,"PMSing while on Ozempic has my body confused as heck. This is more of a rant than anything, but I’m also open to advice any women might have. 

I’m just finishing my first month (0.25mg), which I actually began taking at the very start of my last period. Menstruation is always when my appetite is the lowest, so obviously in combination with Ozempic, I wasn’t feeling the need to eat much at all. It was great. 

This was pretty consistent until the week before my period: the dreaded PMS week. My poor body has been so confused. I felt VERY hungry ALL the time, but then when I’d eat I’d feel sick about half an hour later. It’s like the Ozempic sends a delayed  ‘reminder’ to my body like, “hey, we don’t eat this much anymore… remember how we get fuller sooner now?”

It’s like my body doesn’t have that ‘early satiety detector’ while eating on PMS week - it doesn’t kick in until the food has settled in my stomach for a bit. Then I suddenly feel uncomfortably full. Vomiting hadn’t been much of an issue until this week… now it’s an everyday occurrence.

Anyone else go through this and have any tips to adjust ravenous eating habits during hell week?",2024-11-28,8,4,Ozempic
1h1mmgn,reddit,r/Ozempic,"2nd dose. Just wondering, I had my second dose of ozempic  yesterday. My first dose was 0.5, I thought it might have been too much so I had a dose of 0.25 yesterday, am I able to have another dose of 0.25 to take it up to 0.5 again because I’m finding my hunger has not subsided at all.",2024-11-28,1,3,Ozempic
1h1l6fj,reddit,r/Ozempic,"Does anyone feel rough after a minimal workout??. Serious question. Does anyone ever feel super rough or just downright dead after a minimal workout such as a 30-40 min walk after supper?? I have been feeling like this the last couple of evenings.

For the last week I have been going on 30-40 min walks after supper to keep my insulin levels down but have been feeling super rough afterwards… I wonder why this is??

Has anyone else had this effect happen to them?",2024-11-28,5,5,GLP-1
1h1kfbq,reddit,r/Ozempic,What does it taste like?,2024-11-28,1,1,GLP-1
1h1jsqo,reddit,r/Ozempic,"Something to be Thankful for. I think it takes one or several reasons to starts a fat loss journey. I wanted to be healthy and to feel good about myself. My A1C, blood sugars were all over the place. I took photos with my younger brother last year and to see it hurt my heart. I looked so uncomfortable. I was noticably sucking in my stomach in the photo. My cheeks were bloated. A year later, today my brother flew in and was grabbing all over me LOL. He was so happy to see me and couldn't stop asking me how I felt. I can't wait for family photos tomorrow.

In a year I've gone from Obese, to overweight, and now to normal!!! 282 to 211lbs. 

Happy Thanksgiving Everyone!!!",2024-11-28,110,5,GLP-1
1h1jfbb,reddit,r/Ozempic,"First week felt good . As a diabetic 2, I have lost that hangry feeling where your hands are shaking and your mind is blank. So positive!",2024-11-28,6,2,GLP-1
1h1j4ky,reddit,r/Ozempic,"Traveling with Ozempic . I’m flying down to Florida on Friday. Should I pack my ozempic in my carry on or checked bag? 

How does everyone keep it safe? 

TIA !",2024-11-28,2,7,Ozempic
1h1hjhm,reddit,r/Ozempic,"Joinlivewell Canada scam?. Looking for anyone with updates on joinlivewell.ca

They took my money and ghosted me but I still don't have my prescription.

Looking for ways to complain beyond trustpilot",2024-11-27,0,8,GLP-1
1h1evv0,reddit,r/Ozempic,Should I move up to the next dose?. So I just started a little over a month ago and I'm doing very well on the .25 dose.  My numbers all look good for now and when I spoke to my doctor he basically said it was up to me if I wanted to move up to the next dose of .50.  I definitely feel the hunger go away so it's definitely doing what it suppose to do.  I told him I would try the .50 dose and see how I feel and if it's too much I'll go back to the .25 dose.  He seemed like he was behind either way.  My next follow up is in mid January.  My question is should I move up?  What are the differences between the two doses?  Is it basically the same just more intense?  I'm just trying to get an idea before I do my next dose on Saturday morning.  Thanks!,2024-11-27,2,10,GLP-1
1h1enzs,reddit,r/Ozempic,Brands? . Hi! I’ve been on Trizepatide since March. I’ve used to different companies. So far I’ve seen great results but starting to hit a plateau with a 95 unit injection. Any advice? because they’re getting pricey! I’m using the company Henry Meds and not happy used to use another company in Atlanta and it had a trizepatide & b12 compound,2024-11-27,0,0,GLP-1
1h1elfm,reddit,r/Ozempic,Second day on 2 mg. I Feel awful . How did yall feel after you went to 2 mg? I can't tell if I'm having a bad anxiety flare or what. I have an unsettled stomach and so much burping and feel so full even though I haven't eaten yet. Is this normal?,2024-11-27,0,1,GLP-1
1h1eiqv,reddit,r/Ozempic,"Possibly injected the dose wrong. Please help! . Hi,

So I just did my 3rd .25 dose, and this happened. The shot went in faster than normal, like the clicks went quicker than normal. I stabbed myself first (with out pushing the dose through), but the stab hurt so i accidentally took the needle out, then my mum ended up stabbing me again and then pushed the button for the dose to go through. (it was my first time trying to do it myself, turns out i am still too chicken to fully stab myself and do it all the way lol). Anyways, does anyone know if the pen is supposed to look this way, or would this be an indicator that I did not get a full dose and I messed up? 

  
(Also, my second shot got a bit messed up too, as my mum thought I needed to prep it again like the first time, so we wasted some of the dose as it splatted in the air. She ended up just readjusting the dose increase number back to the .25 number as it stopped on one of the lines once she realized she was wasting a dose. So not sure if that might be relevant or not as to what's happening to the pen today.) 

https://preview.redd.it/q45ue3jrai3e1.jpg?width=3024&format=pjpg&auto=webp&s=9960cdcd0a90f837c172ea3a5dd373da61766122",2024-11-27,1,6,GLP-1
1h1ehoe,reddit,r/Ozempic,"Weight-Tracking App Recommendations. I've been tracking my weight loss using graph paper and a pencil.  It is cumbersome, to say the least.  I hadn't looked into an app because my weight loss is big (90 pounds and still losing) over a long time (14 months now.)  Does anyone use an app that will cover large amounts over extended time?  I saw one this morning here but it looks like an Apple only app.  Ideally, I would like to install it on my Android Tablet - lots of room to see the complete graph.  Thanks in advance.",2024-11-27,1,2,GLP-1
1h1e5e5,reddit,r/Ozempic,"Stuck a little . I have been using Ozempic for one year. I have been in the 2.0 dose for several months. I have lost near 40 pounds and A1c has gone e from 9.1 to 6.4. All good things. However, over the past 2-3 weeks I have e been hungry a little more often and things seem to have stalled a bit. Anyone else experience this?",2024-11-27,1,0,Ozempic
1h1dd5a,reddit,r/Ozempic,"Should I ask my physician about Ozempic? . 17F, MY BMI is 30/31, and I think I may have PCOS.. should I ask my doctor to go on ozempic? I don’t think I have an underlying condition (besides suspicion of PCOS and pre-diabetes), but I was also hoping that my high BMI would be enough for me to qualify. If you need more info, ask away and I’ll answer as much as I can.",2024-11-27,0,3,Ozempic
1h1d0wo,reddit,r/Ozempic,"How do you get Ozempic or similar product if you don’t meet the BMI requirement or have diabetes? . Besides talking to your primary physician what are ways to get ozempic if you don’t fit the BMI/diabetes criteria for your PCP to prescribe it to you?

Any ways online to do so or alternative doctors that can help with getting this prescription? 

You can DM if you feel uncomfortable posting on this thread.",2024-11-27,0,4,Ozempic
1h1casu,reddit,r/Ozempic,"Wait, Ozempic comes in 2mg?!. At the end of July this year, my family doctor prescribed me Wegovy with the usual monthly dose increases. She mentioned that if Wegovy was too expensive, we could switch to Ozempic, but she said Ozempic maxes out at 1mg.

I did a lot of research back then and saw the same thing—Ozempic tops at 1mg, while Wegovy goes up to 2.4mg. They’re essentially the same drug, but with different dosing ranges.

When I spoke to my pharmacist, they suggested starting on Ozempic to save money until I hit 1mg, and then switching to Wegovy after if needed. This worked out perfectly since Ozempic is literally half the price. I’ve been doing 1 month at 0.25mg, 1 month at 0.5mg, and then stayed at 1mg for 3 months because I’ve been consistently losing more than 2 lbs a week. Spending more didn’t feel necessary.

I even told my doctor about this plan, and she updated my prescription to 1mg Ozempic for a full year.

But here’s the thing—today, I was scrolling through an FB group, and someone mentioned moving from 1mg to 2mg Ozempic. I was like, *What? There is no 2mg Ozempic! It maxes at 1mg.* But then I Googled it, and apparently, 2mg Ozempic is a thing??

Am I misremembering? Did 2mg Ozempic always exist and I just missed it? Or was it introduced more recently? It feels like I was so sure about this before, but now I’m second-guessing everything. Anyone know what’s going on? I'm in Quebec, Canada if that helps!",2024-11-27,17,41,Both
1h1caqa,reddit,r/Ozempic,"Frustrated at lack of progress lately. Its been 5 months and I guess Im a little frustrated with myself and the lack of progress lately. 

I started ozempic cuz type 2 diabetes and due to my hectic schedule, 2x a day metformin wasnt very manageable. 

Ht: 5'3
SW: 215
CW: 182
GW: 125
Current dose: 1mg
H1C: 5.3

Things were going great over the summer...went from 215 to 182 in 3 months. 

And now I feel stuck since September. I hurt my knee and couldnt walk for 4 weeks. Great. Nursing school is stressing me out but I dont want to blame stress for the lack of progress. My appetite isnt back entirely but I guess I havent really been more mindful about how Ive been eating...but I dont generally eat junk food as is...

Before my knee injury (ironically from overuse) i was doing cardio an hour a day and swimming twice a week. I guess now that school started, most of my free time is sitting down and studying just to keep my head above the water...

Im lucky that I the only major side effect I've felt since starting is occasional constipation which is easily addressed.

Idk...i just feel frustrated with the lack of progress since September. I feel like I plateaued for so long. With how much I was losing initially, I should he in my 160s by now...

I dont think I plan on going past 1mg tho. Ive woken up and did some random blood sugar tests in the morning and it's gotten as low as 62 as is. 

My only consolation atm seems to be how well its keeping my blood sugar in check. 

Sorry and thanks for reading my self pity rant I guess",2024-11-27,1,6,Ozempic
1h1c57z,reddit,r/Ozempic,"Week 2. Long story short, had started on a pen of 0.50 and did 18clicks for 0.25 but the first week lost a pound and today starts my second week got the shot and still not feeling any huge side effects or appetite suppression, do I do something wrong should I do more clicks? Tnx yall x",2024-11-27,1,0,GLP-1
1h1bsnp,reddit,r/Ozempic,"Iron infusion . Not sure if it was the iron infusion or increase to 2 mg..but just got weight and I gained 4 pounds back... so depressing . Apparently you can gain weight on iron infusions. 2 years ago I gained 15 pounds out of no where they said ""maybe"" it was iron infusions...well I tested it and yes.. I don't want to munch on ice everyday but now I've put on weight...my ears.. I am in wonderland finally but just on the cusp now 😢 
I swear I've stopped losing since I increased to 2mg..",2024-11-27,6,3,GLP-1
1h1bhzi,reddit,r/Ozempic,Been on Ozempic for 6 months and lost 40 lbs. Anyone else staying put at .5 because it’s doing its job? . I’m staying put at .5 for now and it seems to be working. Anyone else staying at a low or mid dose?,2024-11-27,14,7,Ozempic
1h1augi,reddit,r/Ozempic,"How did you stop losing weight when you reached your goal?. I never thought I'd be here, but here I am. Now I am planning for what comes next. I plan to keep up with strength training, walking, and eating as clean as I can. Although my BMI/weight are where they need to be, I want to continue to build muscle.

I'm 1lb away from my goal weight. Thanksgiving may put a temporary damper on that, but I'm going to get there! I will be at a normal BMI, which is not my only goal, but it is one of them. My question is: How did you prevent additional weight loss when you reached your weight loss goal? Did you lower your dose? Did you start taking the medication less frequently? Start eating more calories?",2024-11-27,2,15,GLP-1
1h1arip,reddit,r/Ozempic,"4 weeks on Oz 🙃. I just went to my 4 week  appointment and I'm down 21lbs!! My doctor high fived me 🤣 He did give me another month sample and is filing out my prior authorization form for Tricare so fingers crossed it gets approved.  I was on trulicty years ago and it made me so sick. I was also on metformin for many years on and off with HORRIBLE side effects and no real help with my blood sugar. This ozempic has given me hope and control of my life back. I do have another 60-70lbs to lose so fingers crossed 🤞🏻 my insurance does the right thing. Does anyone know how much Oz is without insurance via a local pharmacy? I do have 2 months of compound in my fridge just incase my insurance denies my prior authorization. 
🦃HAPPY THANKSGIVING EVERYONE!! 🦃",2024-11-27,8,5,Ozempic
1h1alkf,reddit,r/Ozempic,"Been off Ozempic for a year - before and after pics. Good morning, and happy early Thanksgiving!

I just wanted to share my success and open up dialogue for others to share to celebrate their victories as well because I LOVE seeing it!! I love how accepting and wonderful you all are in this community, so thank you, truly!!!

I was on ozempic from Jan 2023-Sept 2023 and since stopping I’ve been keeping up on diet (eating in moderation) and light exercise and I am SO HAPPY to report the weight has continued to drop!!!! I’m honestly in disbelief?? I keep expecting to randomly gain it all back, or wake up and it will all have been a dream LOL. 

I wfh so I don’t have a huge need to replace any of my clothes; however, I’m on an extended vacation for the holiday and quickly realized the three pairs of jeans I have that “fit” me, didn’t actually fit me well at all… I went thrift shopping expecting to go down one pant size… I WENT DOWN TWO!!!! I fit into a size 4!!!!! I was NOT expecting that AT ALL! I still see myself as big, I can’t seem to wrap my head around the changing size of my body. 

Honestly, I’m just so blessed and so thankful that Ozempic quite literally saved my life. Ozempic is not a cure-all, it still takes the hard work and the dedication to wanting to improve your quality of life. It took a lot of motivation and discipline to get these results, Ozempic was just the push my body needed to be able to do it, and I’m so grateful.",2024-11-27,1219,85,Ozempic
1h19oz8,reddit,r/Ozempic,"1 year on Ozempic!. Officially one year on ozempic! I will be stopping soon as I am almost at my goal weight which is 180.

I started at 248 and am now at 198!",2024-11-27,695,41,Ozempic
1h19bsy,reddit,r/Ozempic,"Do you have a weight loss graph? (And can I see it?). I'm at the start of this journey, I'm a data junkie, and I need inspiration. If you have a graph of your progress so far, can you share it? Screenshots from apps are great too!

This is mine, but since i just started, there's not much to look at. The faded yellow line is a trendline based on my actual data. Inaccurate (weight loss is never linear), but encouraging and fun to look at 😁

https://preview.redd.it/cc77g64p6h3e1.png?width=2248&format=png&auto=webp&s=c2e072d9e9a7134a87f6737f92ce316be37b9e35

*Note*: generated active and sedentary estimates from [here](https://keto-calculator.ankerl.com/) (I plugged in numbers, scrolled to the bottom, downloaded the data)",2024-11-27,6,81,GLP-1
1h199oy,reddit,r/Ozempic,"VSG + Ozempic . I had a vertical sleeve gastrectomy about 5 years ago, and started Ozempic about 2 months ago due to gaining a little since then. I find when I drink water, even just a cup, my stomach feels so full for about 5 minutes. 
I'm trying to increase my water because I only drink 20-30 oz a day and I'm dehydrated and feel bad . But it's unpleasant drinking. Does anyone else experience this, who has had a VSG or not?",2024-11-27,2,1,Ozempic
1h18v1g,reddit,r/Ozempic,Dosage. I'm currently on .5 and my appetite is increasing. I lost 20 lbs since August. Will going to 1 help with the craving?,2024-11-27,1,0,GLP-1
1h18l0k,reddit,r/Ozempic,"Ozempic 2.0 Weight Gain. I’ve been on ozempic around 2 years for pre diabetes and lost about 55lbs. I’ve been on the 2.0 dose once a week and over the last several months my weight has been slowly creeping back up. I also have hypothyroid and I noticed when I was at my thinnest my TSH was around 1.3 and my TSH is now 3.4 which is still in range but much higher. 

Ive been exercising multiple times a week and watching everything that I put in my mouth trying to eat mostly protein and vegetables-low carb low sugar and I’m still gaining weight.

I’m refuse to put back on the weight that I’ve lost, although despite my best efforts it seems to be happening. Has anyone had this happen? Moved to a different medication like Mounjaro? Any help/experience is appreciated.",2024-11-27,1,1,Ozempic
1h181he,reddit,r/Ozempic,"Sorry - It's poop chat time!. Hi folks!

Much like everyone else, I'm not pooping much on Ozempic which I am kinda okay with....

This morning I managed to pass some but it was very hard and BLACK. Black is bad, right???

I would normally recommend someone in this situation to make sure they are on point with hydration but that is not a concern as I am one hydrated layyydeee - I just love water.

Anyway. Thoughts?",2024-11-27,6,38,Ozempic
1h17v6p,reddit,r/Ozempic,I’m changing over. I’m switching from Ozempic to Tirzepatide. Does anyone have any advice for me?,2024-11-27,1,0,Ozempic
1h177gu,reddit,r/Ozempic,Eating less . Does anybody eat less on ozempic or is there anyone out there that eats the same and stays at their goal weight.,2024-11-27,0,10,Ozempic
1h172yf,reddit,r/Ozempic,How long will federal BCBS cover ozempic for T2D?. Is there a limit in time/refills that federal BCBS (basic) will cover ozempic treatment for T2D? Could I technically stay on it indefinitely?,2024-11-27,5,3,Ozempic
1h16y8e,reddit,r/Ozempic,Ozempic. Anyone willing to sell some Ozempic?,2024-11-27,0,2,Ozempic
1h16hv3,reddit,r/Ozempic,"Should I switch?. My endocrinologist is pretty lax about followups so I'm seeking advice from reddit lol. Don't worry, I'm gonna make an appointment soon, but I'm just here to vent and seek some insight on whether I should switch from semaglutide to tirzepatide. 

I started my journey in July 2024. I just took my second progress pictures today. I can see a very subtle difference but I'm pretty much the same, other than my hair colour. I'm a bit disheartened seeing as I'm paying out of pocket. I'm not diabetic but I have hormonal issues that have caused me to gain weight rapidly in the last few years. I take medication for hyperprolactinemia. I've been checked for Cushing's, PCOS and Prediabetes; all negative. I do have reactive hypoglycemia though.

My SW was 180lb. CW is 174lb and still 34"" waist. GW is 130lb at 5'3"". I'm 30F and weighed 130lb in 2020 with a 28"" waist.

My strategy going in was to go slow and steady, and see if I respond on a low dose. I did 8 weeks at 0.25mg, 8 weeks at 0.5mg (had to take a 2 week break for a colonoscopy). I've now been on 0.75mg for a week. Not sure if I should go straight away to 1mg.

My side effects are slight hunger reduction, chronic constipation (dealt with this pre-GLP-1 though) and it has exacerbated my GERD, especially the heartburn.

I've just started counting calories last week. So far my data is showing I'm staying at around 1650 cal without trying too hard. According to the app's settings, that would incur a 1lb loss a week. But I've only lost 5-6lb in 4 months. I noticed I don't have a need for as many sweets, but I still crave them after a meal. I try to eliminate sugar as much as I can though. Sugar-free ketchup, low sugar kombucha, sodas, yogurts, etc. I'm very mindful of my nutrition. Prioritizing protein and fiber, and not eating too close to bedtime.

I've been consistently going to the gym at least twice a week for the past 2 months. 30% cardio, 70% weight lifting to failure. I also walk my dog 2-3x a day.

Looks like I'm either going to keep going or quit. If the price for 1mg/week is close to CA$500 a month, I would rather switch to tirzepatide, but Zepbound is not available in Canada and Mounjaro has a shortage. Seeing as I'm also not diabetic, I'm not sure when it would be replenished for us non-diabetics to be able to use it.

My boyfriend compliments me and supports me in my progress, so he thinks I'm being too harsh. Again, it's just hard not to compare to other people's amazing results in a similar time frame. I feel like I'm barely making strides and I'm desperate to get back to my previous weight. Any advice?",2024-11-27,69,117,Semaglutide
1h16bvw,reddit,r/Ozempic,"Questions for newcomer . Hi! I am going to start ozempic in a week. I got it from skinny rx. Has anyone tried this company?

I have been on Zoloft for a year and it made me gain a ton of weight. I stopped Zoloft last week and am excited to start my weight loss journey on ozempic.

Do you recommend injecting into leg / or stomach? Also anything I should know about the first month?",2024-11-27,3,1,Ozempic
1h15uxv,reddit,r/Ozempic,"Kaiser still making it near impossible to get this. Why?

So the President wants my taxes to provide Ozempic and similar drugs to Medicare and Medicaid patients but Kaiser still won't give it to millions of patients (like myself) unless they have T2 Diabetes and ""proven"" other weight loss measures haven't worked. And due to our antiquated health insurance rules, this is the only insurer my employer provides.",2024-11-27,0,12,Ozempic
1h14sja,reddit,r/Ozempic,How’s your digestion on Ozempic?. Mine is pretty bad. Started having gallstones.,2024-11-27,2,16,Ozempic
1h13xqb,reddit,r/Ozempic,"Wegovy Prescription - Canada, please help! . I am in the process of getting Wegovy for obesity and weight loss. My BMI is 38 and I have PCOS as well as hypertension. I am not diabetic but I was on the cusp of gestional diabetes during pregnancy.

I am going through Felix and hoping to God I can be approved through my insurer. 

Any experience with Empire Life and the pre approval process through Express Scripts??",2024-11-27,1,0,Wegovy
1h13uzt,reddit,r/Ozempic,"out of curiosity!. Not a success story for me personally YET.
but, I started my journey just last Tuesday on 0.5mg, my starting weight was 271.4 I believe and my goal weight is anywhere between 160-170lbs. 

I’m 5’6 F and I know the “normal” weight for my height is around 120-140 but I can cross that bridge when I get to it if need be lol. 

what are your goal weights? what sizes did you start at and what’re we working to?

(I desperately want to fit into a medium/large rather than the 3x/4x & size 20 jeans im in right now 😭😭)",2024-11-27,5,11,GLP-1
1h13m0d,reddit,r/Ozempic,"65 lbs down . https://preview.redd.it/748bdn59yf3e1.jpg?width=2048&format=pjpg&auto=webp&s=54680208959601f4bc4b50e404b38258cda12b36

Taking all my strength and finally posting a photo where my face is visible. When I started my Ozempic journey, I longed for before and after photos because they motivated me (back then, there weren't that many on this sub).

The first photo is from February 2022, when I was at my highest weight. The photo on the right is from yesterday. In the first photo, I'm wearing make-up with lots of filters; in the photo on the right, it's a random office selfie with just lipstick and mascara, no filter.

I started Ozempic in August 2022 and lost weight over the course of a year. Since then, I've been maintaining my weight with lower weekly doses. I focus on protein-heavy meals, weight lifting, and lots of walking to maintain my weight and health.

The last two years have been rough for my health, with a couple of surgeries, and 2024 started off with a breast cancer diagnosis (I am cancer-free and healthy now). I can't imagine I would have powered through all of this while being overweight. Recovery is so much easier when one is strong and at a lower weight.

Glasses are gone, I have treated myself to laser surgery.

I can do so much more now that I have all this energy! Every single side effect was worth it for me!

For those loving statistics: 50F, starting weight 94 kg, current weight 64 kg.",2024-11-27,124,16,Ozempic
1h13jnx,reddit,r/Ozempic,"65lbs down - before and after. Taking all my strength and finally posting a photo where my face is visible. When I started my Ozempic journey, I longed for before and after photos because they motivated me (back then, there weren't that many on this sub).

The first photo is from February 2022, when I was at my highest weight. The photo on the right is from yesterday. In the first photo, I'm wearing make-up with lots of filters; in the photo on the right, it's a random office selfie with just lipstick and mascara, no filter.

I started Ozempic in August 2022 and lost weight over the course of a year. Since then, I've been maintaining my weight with lower weekly doses. I focus on protein-heavy meals, weight lifting, and lots of walking to maintain my weight and health.

The last two years have been rough for my health, with a couple of surgeries, and 2024 started off with a breast cancer diagnosis (I am cancer-free and healthy now). I can't imagine I would have powered through all of this while being overweight. Recovery is so much easier when one is strong and at a lower weight.

Glasses are gone, I have treated myself to a laser surgery.

I can do so much more now that I have all this energy! Every single side effect was worth it for me!

For those loving statistics: 50F, starting weight 94 kg, current weight 64 kg.",2024-11-27,1,1,Ozempic
1h126bo,reddit,r/Ozempic,"Losing too fast due to upset stomach and lack of appetite. suggestions?. my goal is to lose 2 pounds a week at most. in the last two weeks ive lost 8 pounds, which sounds fantastic! but its too fast, and i know its not healthy for me. ive been sick to my stomach so a lot of things turn my stomach, but the main issue is just a lack of \*desire\* to eat. i just dont want to, and im really tired all the time (probably from how little im eating, so its a self fulfilling prophecy). i try to explain it to people like.. imagine if you didnt have hunger cues. you could probably remember to do 3 meals a day. but on ozempic im supposed to eat smaller meals. so 5 times a day i need to remember and force myself to make/get food that i dont want to eat

if yall have food recommendations let me know. the ideal for me is something small (i get full too easily), easy, and nutritious. im looking for more calorie dense foods but when youre eating very little sugar and very little fat, and you cant eat in large volumes, its really hard   
  
im not taking a high dose, ive been going up very carefully, and i even lowered my dose this week until i can get my eating under control. when i was first going on it i felt just fine, but for the last few weeks i feel sick a lot

tldr: im losing weight too fast and have no appetite. what small, calorie dense foods would you recommend that are ozempic friendly?",2024-11-27,3,4,Ozempic
1h11u6q,reddit,r/Ozempic,"GI upset. I started Ozempic on Oct 21st. Completed 4 weeks of 0.25mg once per week, now I am on 0.5mg and have two more weeks of that. I had no GI issues on the 0.25mg, but once I was upped to the 0.5mg is when I started experiencing GI upset about 1 day after injection, and it lasts for about two days. Last week I had awful diarrhea and gas, this week the diarrhea isn’t as horrid but I had a horrible stomach ache and nausea yesterday and ended up throwing up. Yes, am in contact with my prescribing doc about this all, but am wondering if anyone else can relate or shed some knowledge on me. 😭 It has been so awful and Imodium/pepto/gas pills do little to help. Trying to hang in there and hoping it’s temporary. If it’s long term there’s no way I can continue this med.",2024-11-27,2,3,Ozempic
1h11q1t,reddit,r/Ozempic,"Why are we allowing this subreddit turning into /r/progresspics or equivalent?. This is an Ozempic based discussion subreddit. Shouldn't some relevant information on Ozempic usage accompanied a success story or non-scale victory post?

Lately, it just seems there is a picture dump without any mentioning of duration of treatment, dosage, and if applicable, discussion on side effects besides the weight loss transformation.

We can do better.",2024-11-27,0,4,Ozempic
1h10zh9,reddit,r/Ozempic,Ozempic cheap. Does anyone know where I can get semiglutide?? 😖I have a hormone balance disease that makes it difficult to lose weight and my insurance won’t cover it. I need to get some without a prescription preferably under $200? Plz I’ve tried diet and exercise for years but nothing helps!,2024-11-27,0,5,Ozempic
1h10b13,reddit,r/Ozempic,"Night sweats?. Before I went ozempic I was having bad, near on daily night sweats. I had various tests, including early menopause but everything came back normal. I have PCOS and was putting on weight rapidly at this time. The gynaecologist I saw suggested I take the supplement inositol for PCOS symptoms, which I did, however the night sweats got worse, so I stopped. This triggered me to think the night sweats could be connected to my blood sugar, so I bought I continuous blood sugar monitor and it looked like my blood sugar was crashing in the night, which would explain the night sweats. I decided to take ozempic to see if it would help, and it did. Not only did I lose the additional 50lbs I had gained, the night sweats also stopped instantly.

After a year and a half I weaned myself off the ozempic, I’m 4 weeks off so it will nearly all have left my system, and guess what.. the night sweats are back! 😩

Has anyone else experienced this? I’ve had various tests for diabetes over the years and my HbAC1 has always been ok, but maybe I need to do a fasting blood sugar test? Any advice appreciated, thanks!",2024-11-27,1,1,Ozempic
1h0zc9d,reddit,r/Ozempic,"I have hit a plateau. I started ozempic in july and lost 15 kgs so far. Now however, i have hit a plateau. Even with increase dose, i can't drop a single kilo. My inches are going down a lot slower. Its starting to get frustrating. What advise would you guys give?",2024-11-27,4,6,Ozempic
1h0xqfy,reddit,r/Ozempic,"Saxenda Stopped working . Hi all. I’ve been on Saxenda for a few months now and everything seemed to be working fine. Suddenly as of last week instead of losing weight I’ve put on a kg. Is this normal, should I swap to Ozempic?",2024-11-27,1,1,Ozempic
1h0x7qa,reddit,r/Ozempic,"I am no longer seeing the results . Hi,
I suffer from PCOS, hashimotos and hypothyroidism. Ozempic has not only helped me counteract PCOS symptoms but also lost the weight. Up until about a month ago. I have been on it for 3 months, .25 dosage 4 weeks then went up to .50 and it was working miracles. The last 3 weeks I have noticed that I started craving food again, and the weight increased because I’m indulging. I want to increase my dosage but I want to ask if any of you have other tips? I am SCARED to go back To my original weight. I am up 10 pounds",2024-11-27,2,4,Ozempic
1h0x5j2,reddit,r/Ozempic,"Getting kicked off medicaid, how to move forward and making sure my ozempic is covered?. Is there a way to check? I'm not even sure how to proceed. I may go with a job or marketplace, I'm not sure. I'm literally about to be prescribed ozempic too I'm so bummed!!",2024-11-27,1,3,Ozempic
1h0vr9h,reddit,r/Ozempic,"DM II in remission?. Wondering if there are any DM II out there who’ve lost weight and put their diabetes in remission (not having to take medication anymore etc…).

How long were you on medications/what medications? 
How long on Ozempic before you titrated down your medications?

Thanks all!",2024-11-27,1,1,Ozempic
1h0vj2m,reddit,r/Ozempic,"Don’t feel anything . So I just recently took my second official dose ever of .25 and I still don’t feel any different at all. No reduction in food noise, no reduction in appetite. I feel completely the same as I did before starting the medicine. I have the same appetite from before and eat the same portions. I still have food noise. I also have had no negative no side effects either. No nausea. No fatigue. Is this normal and is it just because it’s still a low dose? Should I switch up my injection site or is it too early for that? Both times I have done it my stomach (opposite sides of course). Do you think I’ll start to notice a difference when my dose increases to .5? 
Just wanted to see what if others have had the same experience as this and when did they start to notice a difference? And not necessarily weight wise but in terms of how it makes you feel. 

Also I know this is not a magic drug nor did I expect it to be. I know every body is different and everybody reacts differently and that it will still take time to lose weight regardless with the combination of portion control and exercise. I’m not worried about losing weight already or fast, I’m just wondering if it’s normal to not feel anything at all in terms of effects or symptoms whether it’s positive or negative?",2024-11-27,1,8,GLP-1
1h0umoy,reddit,r/Ozempic,"FedEx late with my ozempic . Hi Everyone,

My pharmacy shipped my ozempic yesterday and it was guaranteed overnight delivery. I was supposed to receive it this morning, I booked today off work and the package was never delivered. This means it won’t be still refrigerated when it finally gets here. I know it is stable outside teh fridge for a few weeks but that’s not what I paid 300 for. Has anyone been in this situation? I’m considering refusing the delivery when it finally shows up tomorrow or the next day.",2024-11-27,0,3,Ozempic
1h0uj2f,reddit,r/Ozempic,"Am I doing something wrong? . Just started my ozempic week 9 yesterday and this was the first week on .5 dosage. I’ve only lost 16lbs and I feel like maybe I’m doing something wrong? Not sure since this is my first time taking this medication for weight loss. Would like advice. 

SW: 240lb

CW: 224lbs",2024-11-27,0,10,Ozempic
1h0ugip,reddit,r/Ozempic,"Heightened smell / nausea. Please tell me that I am not the only one but smelling fast food and fried food just makes me wanna 🤢. Just the smell of the food makes me  naseous . I’m on 1 mg but everytime I take this I feel like this happens a bit. It causes me to stay away from the fast food/fried food but like damn . My mom is cooking thanksgiving food and I can smell the food , and I’m hiding under the cover to avoid the smell.. anybody else going through this? Or relates? Is this normal..?",2024-11-27,6,8,GLP-1
1h0twv5,reddit,r/Ozempic,"4 month difference (part 2). One more and then I promise I’ll stop! Side profile comparison, 4 months apart. Couldn’t be happier with my decision to get on ozempic.",2024-11-27,19,2,Ozempic
1h0to6a,reddit,r/Ozempic,One and a half years on Ozempic.,2024-11-27,818,54,Ozempic
1h0sy8l,reddit,r/Ozempic,"Biden proposes Medicare and Medicaid cover costly weight-loss drugs for millions of obese Americans. This would be huge, but it also is just as likely to be immediately rolled back if it manages to get in the books before Inauguration Day.",2024-11-27,51,23,GLP-1
1h0spsf,reddit,r/Ozempic,"90lbs down, it started with Ozempic. . While I've been on Mounjaro for a year now, it all started with Ozempic, so I thought I'd share my success with you. In shortened form (the long form can be found in my posts in the Mounjaro sub) 215 to 125lbs. I spent over 10 years in the gym, lifting, powerlifting and getting those steps in and dieting. It didn't work. 

I've been listing my too big clothes for sale and came across these gym pants that I remembered taking a photo in when this all started. I regret not taking measurements when I started because I didn't think it would work. 

I wish everyone continued success, your reasons are valid and you deserve better health. 💜💜💜",2024-11-27,245,33,Ozempic
1h0s6hd,reddit,r/Ozempic,"Back in the 200s club 🪩🕺. I’ve been 300lbs or more since at least 2019, I didn’t weigh myself before then so who really knows. Today I weighed in at 298.6. I’ve lost roughly 20lbs and I’m on my 8th week. So so happy this is available!!! We all can do it!!!",2024-11-27,62,10,GLP-1
1h0q7wm,reddit,r/Ozempic,"Anyone else feeling less social?. I've been on O since last April (over a year), and my weight is now stable, about 40lbs less than my starting weight.  One thing I'm noticing more lately is not being as motivated to socialize, eat out, go to movies, etc. I don't feel depressed (which I've been in the past), but I'm happy to hang out at home, watch TV, etc. Especially now that it's cold outside. My metabolism has slowed so much that I'm cold all the time, and that makes it hard to leave the house now that it's colder outside. Anyone else finding themselves less social on Ozempic?",2024-11-26,4,5,Ozempic
1h0op8x,reddit,r/Ozempic,"How many calories do you eat a day? . Can you give me an idea of your weight and height and gender? I’m 5’5” female, 163, and I eat 1000 calories a day and I’m not losing. Is this too much?",2024-11-26,2,108,GLP-1
1h0ocjr,reddit,r/Ozempic,Stopped losing. Hello! I’ve been on ozempic since march and was doing great and lost around 58 lbs. but the last 2 months I’ve been stuck between 175 lbs and 180lbs. I just don’t think it’s working anymore. I went up to 2mg two months ago thinking that would help and I’m still not losing. I don’t have any symptoms anymore except I’m just not eating a ton like I did before I was on it. I feel like it’s just helping me maintain. I feel like I have to starve myself just to lose anything and when I eat I gain it back even though I’m barely eating cause I’m just not hungry. I’m not sure what to do at this point. I’m on it for diabetes and it’s definitely controlling it and my dr said I could stay at 2mg until I reach my goal weight as long as I’m still losing and then I can slowly go down to a maintenance dose that still controls my diabetes. My next appointment is next month and I’m worried since I’ve stopped losing she will want to move me down to a maintenance dose early. Any one else have this issue? Any tips and tricks to kick start my losing again?,2024-11-26,0,4,Ozempic
1h0n7v8,reddit,r/Ozempic,"maintaining weight!. Hi All,

I wanted to share my success with tapering off. I have been slowly tapering from 1 mg off and have been on 0.5 mg for about 4 weeks now (about to go down to 0.25mg)

I hit 140 lbs (down from 201 lbs) the end of July (took about 9 months to lose 60 lbs) and I have maintained since then. I was so scared to gain it all back but I have successfully maintained my goal weight for nearly 4 months now - IT IS POSSIBLE!!!

I am a little afraid to go completely off it, but I am feeling optimistic. I am still tracking my calories (although I can eat a lot more!) so that I do not binge or get back into overeating habits. I hope everyone has the same success!",2024-11-26,25,7,GLP-1
1h0kr3g,reddit,r/Ozempic,"Any Good Stool Softners?. I just sat on the porcelain throne for like a half hour try to have a bowel movement. I've been using a Wal Mart stool softner/laxative that doesn't appear to be working, or maybe I need to take more? Does anyone have a good stoof softner or laxative that works? I have been eating lots of fiber. Another thing that I know works well to keep me regular is coffee, but I haven't been drinking much of it as late. Any advice would be great.",2024-11-26,19,49,GLP-1
1h0jyaa,reddit,r/Ozempic,"Whelp. . .looks like I'm joining the community. . .. Annual follow up with my cardiologist and doc noticed a1c was up a bit to 7.4 (already on metformin and Jardiance).  She asked if I wanted a GLP-1. 

""I can get approved for that?"" I asked.  100% she said.  

Frankly, I never considered it.  I could use to lose a bit of weight (20lbs would put me close to ideal) - but I'm no where close to obese.  But seems like there's a whole bunch of benefits, a1c, cardio protective, and help lower body weight and triglycerides, might be able to dump some other meds for HBP.  

Anyway, I'm game to try it out. . .as soon as the PA comes through.",2024-11-26,23,4,GLP-1
1h0je2f,reddit,r/Ozempic,"Last Nite Rash & Hives. I am on my 5th week of taking Ozempic.(.5)
Last nite around 10 pm i broke out in a rash/ hives.
It began in my groin area to my shoulders.
I immediately took a cold shower and applied Cortizone 10 cream on the affected areas. I then took two Benadryl’s and went to bed..
Upon waking up this morning, the rash and hives were all gone . Has anyone had this type of reaction?",2024-11-26,1,1,Ozempic
1h0j926,reddit,r/Ozempic,"Ozempic Price. Since we are from all over the world, I would be interested to know how much you pay for 4 injections of 0.5 

Here in Germany the costs are 171€",2024-11-26,1,61,Ozempic
1h0j70d,reddit,r/Ozempic,"Need some advice . I started ozempic in August 2024 and have lost about 20-30 pounds. I don't have the energy to exercise much if at all and I don't diet because I don't get hungry whatsoever. Is this normal?

My husband is concerned and is up my ass about eating and keeps saying that I have to stop using ozempic if I'm not going to eat. I've tried explaining that I'm just not getting hungry and I still feel full from dinner the night before/my morning coffee. I'm not sure how else I can explain this to him.",2024-11-26,1,25,Ozempic
1h0ivkx,reddit,r/Ozempic,6 weeks no loss but tons heartburn. I did my 7th injection this morning of .5. Do in 6 weeks I’ve lost 2 lb. Very bummed. And a ton of heartburn that Tums and other tablets don’t cut down the burn. I’m supposed to move to .1 in two weeks. My appetite is less but the weight isn’t coming off. I’m eating better and working out. As far as the heartburn it’s been brutal the first 4-5 days and a bit less the last day or two. Any suggestions on what to use for the heartburn? So far this hasn’t been what I expected.,2024-11-26,2,5,GLP-1
1h0ir98,reddit,r/Ozempic,Doubling Ozempic. My doctor upped my dose of Ozempic from .5 to 1 . I still have a month and a half left of the . 5 and am told they do not  recommend me just taking 2 shots of the . 5 until it’s gone. Is there a reason why?,2024-11-26,3,7,Ozempic
1h0hvdr,reddit,r/Ozempic,"Adaptation/tolerance to Ozempic?. I've been taking .5mg for about six weeks. Initially it was great -- strong appetite suppression, greatly reduced food noise, and, of course, some satisfying weight loss. (Eyeing those maybe-someday pants that have been on the top closet shelf forever!)

But the last couple of weeks, my appetite seems to be closer to my normal pre-Zemp patterns, my waistband isn't quite as roomy as it was, and I hear the snacks in the cupboard calling louder than the pants in the closet. 

I'm kind of assuming that I've adapted or developed a tolerance -- is that a thing? And if so, is the remedy to up the dose? What about switching to Zepbound or similar? For budgetary reasons I'd love to stay on this medication at this dose, but I'd also love to keep losing weight. 

Anyone have similar experiences or additional info? (Naturally I'm also asking my doctor, not just the internet, but would love any additional insight.)

Thanks fellow Zempers!",2024-11-26,11,31,Ozempic
1h0hpeg,reddit,r/Ozempic,"Anyone else have a Weird craving for citrus? . I’ve never been a lemonade or Sprite drinker most I normally do is ask for lemon with water or ice tea but since I started a 7up or a sprite or a lemonade ale sound good. Rather than my usual jack and coke or beer when I go out with friends or family ill order a lemon aid and sprite, or after a long hot day ill crave a Wendy’s lemonade it’s crazy because I’ve never felt like this before",2024-11-26,4,1,GLP-1
1h0hl9v,reddit,r/Ozempic,"Ozempic and gallbladder issues/stones?. Does anyone here have gallstones or issues with gallbladder?

I have been using Ozempic for 3 months, lost about 9 kg’s and had a gallbladder attack 20 days ago.

Could Ozempic be the reason for that?",2024-11-26,2,14,Ozempic
1h0hcr9,reddit,r/Ozempic,"Should I upper my dose?. Ive been on ozempic for a 6 weeks now, and I’m starting to notice that it doesn’t seem to have much effect on me anymore. 
I find myself thinking about food a lot more often, and my appetite isn’t as well controlled as it used to be in the first weeks.

I’m on 0.5mg for 3 weeks now and I almost don’t notice any effects. It feels the same like it used to be, without ozempic, a constant hunger craving. It’s time for my next shot today, and it’s increased to 1mg by my healthcare provider. But I think that’s too much in one go… should I take a dose of 0.75 today?


And has anyone experienced similar effects?",2024-11-26,3,3,Ozempic
1h0gtwu,reddit,r/Ozempic,Leaving pen out to room temperature . I was stuck at 225 forever it seemed. Sw 290. I heard that shot was more effective if left out to reach room temperature before injecting. I have been doing that for about 3 weeks and I have dropped 10 pounds. My portion sizes are down and I feel fuller faster again. I do put the pen back in the fridge after injection for the rest of the week.,2024-11-26,0,20,GLP-1
1h0gmem,reddit,r/Ozempic,Biden pushes for Medicare to cover weight-loss drugs. Wouldn't that be great!,2024-11-26,110,16,GLP-1
1h0g4y4,reddit,r/Ozempic,How do I start? . How do I start. Really have tried every other avenue and they haven't worked for me so I would love to try this. ALSO how much is it?,2024-11-26,0,1,GLP-1
1h0fnl5,reddit,r/Ozempic,"Random nausea 2 months in. Hi all, I’ve been on ozempic for the past 2 and a half months now. Started with the .25 and went to the .5 about a month ago. I was nauseous the first couple times after the injection day but lately felt fine. I took my shot last night and feel so nauseous again- mouth watering like I’m going to throw up. Has anyone experienced a resurgence of nausea even when you’re on the same dose and hadn’t been getting any side effects the past few weeks ?",2024-11-26,2,7,Ozempic
1h0fju1,reddit,r/Ozempic,"Not losing on Ozempic. So discouraged.. I was on Ozempic in 2020 (.5 dose) lost 60lbs! Never have I felt so great. I have always been active and like to run, swim, yoga, and finally felt like I was able to lose weight. In 2022 I had a beautiful baby and gained it all back!

I have been on Ozempic again for the past four months at a .5 dose and have not felt any reduction in appetite and haven't lost any weight at all. I have been working out and trying my best to eat well. I have PCOS and am so discouraged that I will never lose weight again. Currently 215lbs. Any guidance? Is it necessary to go up to 1.0 dose? Any further guidance or suggestions very welcome.",2024-11-26,9,22,Ozempic
1h0exoq,reddit,r/Ozempic,"Skin Sag. How is everyone dealing with skin sagging? I’m vegan and so any vegan collagen products would be helpful too if that’s the way I should go. 

Side fun question: anyone ever just wave their arms around to hear the skin slap. It’s so satisfying hearing all the weight I’ve lost! 

Pics of progress! 4 months in and 40lbs down!",2024-11-26,79,23,GLP-1
1h0eubg,reddit,r/Ozempic,A1C. What is a number that insurance look for in a1c,2024-11-26,1,6,GLP-1
1h0eiz2,reddit,r/Ozempic,"June 2024-November 2024. -50 pounds down 
SW: 215
CW: 165 
GW: 130",2024-11-26,3,1,GLP-1
1h0e5c0,reddit,r/Ozempic,"And it begins . 57m (5'-11"") t2 on insulin sw 236. Cw 228 gw 180  the first shot was .25. this morning I just did  my second week of .50. I have noticed my weight has been up and down between the weeks. Im doing this to get my health back on track. While at the dr office I asked my dr if I can try the ozempic.  My a1c was good earlier this year 6.6 but started climbing 8.3 and my morning readings were getting higher.  He looked at my chart and said let try it. He gave me a starter sample to try.  So far no side effects after 2 weeks. He gave me a list of similar medications if my insurance didn't cover ozempic.  It was covered . My goal is to get the weight down so I can reduce my medication.  Thanks",2024-11-26,3,4,Ozempic
1h0e235,reddit,r/Ozempic,"Injection . Hi all,

I usually do my injection Thursday evening. But because it's Thanksgiving this week. Should I go early a day and complete my injection tomorrow instead of thursday or stick with Thursday? Advice would be great. This is my first Thanksgiving on the medication.",2024-11-26,2,3,GLP-1
1h0e1er,reddit,r/Ozempic,"Compounded ozempic. Has anyone tried the compounded ozempic offered by places like Hers? I can no longer afford the prescription. 
Does it work as good as the prescription ozempic? TIA",2024-11-26,1,5,Ozempic
1h0d6ut,reddit,r/Ozempic,"Week 5 I don't see any changes . Hi, I'm overweight 253lb, pre diabetic and I have lipedema, I started with 0.25 for two weeks and I didn't have any side effects, and I didn't lose any weight, week 3 I went up to 0.5 again nothing, week 4 and 5 I dosed up to 1mg and I had some acid reflux and tummy pain but no appetite or scale change, should I stop or continue?",2024-11-26,0,8,GLP-1
1h0d3w6,reddit,r/Ozempic,0.25 mg 2 weeks. Hey guys! I’m on my second week of 0.25 mg and don’t feel much of a difference and my appetite hasn’t been really affected too much. Is this normal? Thanks!,2024-11-26,0,1,GLP-1
1h0czwk,reddit,r/Ozempic,"Suggest me something for morning sickness please!. I am in my third month at 0.50mg, I have started experiencing very strange heartburn and bloating early morning! I have never felt this way before oz, what can I do to feel better? this is exactly like morning sickness during pregnancy.",2024-11-26,1,7,GLP-1
1h0c6oe,reddit,r/Ozempic,"Weight gain?. Took my third ozenpic shot yesterday,weighed myself this morning and I gained weight?

Week one I lost 4 pounds 
Week two gained 4 pounds 
Week three I gained another 4 pounds 

Am I being impatient?  I swear I’m eating less and I’m not eating as much junk when I do eat. Honestly, I think I’ve eaten pretty darn well. I think I’ve had less than 10 g of sugar per day. I’m eating fiber drinking lots of water. I don’t understand.

Has this happened to anyone else? What am I doing wrong?",2024-11-26,2,15,GLP-1
1h0bz18,reddit,r/Ozempic,The Future of Your Weight-Loss Medication Hangs in the Balance,2024-11-26,2,0,GLP-1
1h0btj4,reddit,r/Ozempic,Reminder to all my ozempic family. >Hi I started Oct 24 sw209 cw 192 gw 150 ish . I read post on here everyday. Love seeing everyones progress. Im about to move up this thursday to .5 a little nervous and anxious. I read some post about people writing how they gain a few pounds or staying the same. If your working out and eating right it can be your building muscle because muscle weighs more than fat. Thanks giving is this thursday and I know we're all used to stuffing our face until we cant eat no more that being said Im portioning my plate and definetly taking a walk afterwards. Keep up the good work guys success is the best. Happy Thanksgiving in advance and thanks for reading.,2024-11-26,5,0,Ozempic
1h0bjyn,reddit,r/Ozempic,"Impact 6 weeks in - alcohol . I haven’t really experienced any weight loss on my .5 mg dose. 

1. The diabetes is definitely managed much better as i handle spikes much better now - and I look forward to checking in on my bloodwork later. 

Am 70 days in. 

2. What I am most interested in from this group though is the impact on alcohol. I would say I definitely drank close to 4 nips a day. That’s a lot and it’s a longer story but in less than a week, my body just couldn’t handle a drink. 

Am 63 days alcohol free now and the mere thought of a drink makes me want to throw up. Am not sure if these are related but the reaction is really physical.

Not complaining about the unexpected. Just interesting.",2024-11-26,10,9,GLP-1
1h0bey1,reddit,r/Ozempic,"Do not eat KFC !!(Fried foods) 2wks 0.25mg. Hi guys, so I am a newbie 2wks on 0.25 my next shot is tomorrow. I am just understanding how my body works on this drug. I am also on Metformin 100 mg and Jardiance 10 mg. I was hungry and the kids wanted KFC and I didn't want to drive around as I was tired, so I got 3 drumsticks... that's it. I should know better because metformin doesn't work well with greasy or fried foods BUT chile, I almost didn't make it to work. I spent hours before work in the bathroom. I'm going to have to do low carb no fried foods from now on. I'm down 10 pounds which is great, most of it came off the first week.  I ate a greek yogurt no sugar this morning and some turkey and cheese slices for breaky. I'm actually exhausted. Any experience with fried foods? What is your go to when starving, I could have gotten a salad but who gets a KFC salad :(",2024-11-26,0,16,GLP-1
1h0aghn,reddit,r/Ozempic,"6 Months ish!. Started semaglutide at the beginning of June this year.

Here’s me more recently, 2 stone down (12.7kilos).

Sometimes I struggle to see in the mirror how much weight I’ve lost but I can really tell in my face and shoulders! I’m so happy. ❤️",2024-11-26,581,26,Semaglutide
1h09uy9,reddit,r/Ozempic,"Finding ozempic in EU. Hi all, 
Is there a way to get ozempic in EU/Benelux without prescription of a doctor? 
Anyone knows or experience buying it?

Thankyouuu",2024-11-26,2,1,Ozempic
1h09atx,reddit,r/Ozempic,"RED / BLACK MARKS FROM INJECTIONS . I have gotten these black inflamed marks on my injection marks, they have come up 3 weeks after starting ozempic. I was on a daily weight loss before this and got nothing, has anyone else got this?",2024-11-26,25,95,Ozempic
1h08lb0,reddit,r/Ozempic,"Started to feel a weird symptom with ozempic.. 0.25 basically had no symptoms at all then I jump to 0.5mg and nothing till the 4th week. My stomach felt extremely bloated and numb. Like my stomach felt paralyzed. It was a little hard to breathe but gradually went away after a couple of hours. It was such a scary feeling. Anyone had this happen before?

My doctor just up the dose to 1mg and I’m a bit scared tbh.",2024-11-26,0,2,Ozempic
1h07gx0,reddit,r/Ozempic,"Took 0.5 (2nd dose). I accidentally took 0.5 instead of 0.25 today (I started last week though I’ve been on ozempic before, I was on 2mg for like a year before going off of it for a few months and here I am again) but I accidentally took the higher dose and I have super bad health anxiety, should I be worried? Should I do anything about it? I’m feeling so anxious and panicky and ugh. I tolerated it fine when I first started originally so I’m sure I’ll be fine I just need someone to ease my mind. Is 0.5 too much for a second dose?",2024-11-26,2,2,Ozempic
1h06sc2,reddit,r/Ozempic,Holy shit I think I fucked up please help. I’ve been injecting into my theighs lately.. when I first started my theighs we’re very fat.. now my theighs aren’t as fat but I think I’ve been injecting it into my muscle. I didn’t realize I was doing that. Am I going to die??? My heart has been pounding every time I take a dose I didn’t know I was doing it wrong,2024-11-26,0,7,GLP-1
1h04jz5,reddit,r/Ozempic,"Am a doctor myself. On ozempic week 1.. Am a doctor myself. SW : 283 lbs, GW : 185 lbs. Have always been a big sized guy a large part of my life. From young until I was 18, I weighed at 285lbs. Somehow, I used to exercise and controlled my diet and worked out until I went lowest to 180lbs, I lost about 100lbs for about 2 years, till I was 20. Up till the age of 28,  I was able to maintain. However when I started to work as a doctor , my mental health, general health, sleeping patterns , stress , food intake dwindled. Covid made it a lot worse. In a span of 3 years, I gained 100 lbs. Pretty bummed as I'm 32 and supposed to be at my prime. To be fair, I have muscle mass as well but l have a lot of excess fat. Going on this journey in hoping to lose all the weight and go back to 185 and fit back into all my clothes, look fitter and feel better. 

I took my injection on 23/11 on Saturday , decided to start with 0.5mg instead of 0.25mg. had a little nausea on day 2, but my appetite is low, and I think I barely get through 1000 cal or 1200 cal a day . Before this, Im sure I was eating about 3000 cals. 

Hoping to drop weight during this journey. 

Would appreciate any advice that anyone could give with regards to anything they have to share. 

Thanks for reading my post. Writing this as I'm taking a lunch break from my ICU patients.",2024-11-26,98,47,Ozempic
1h04hds,reddit,r/Ozempic,"First post please be patient with me.. Starting Ozempic in May and I am currently on 1 mg. I have not had a suppressed appetite until recently about three weeks ago. I have started to notice that my stomach is severely distended. I have the worst smelling obnoxious, belches and flatulence. I mean it is literally disgusting. With that being said tonight, I ate a large tuna sub from a place called Wawa and it’s been about six hours since I ate and I feel like my food is still in my esophagus. I tried to lean over the sink with a pillow on my belly to vomit, but it is too far processed to come back up, so I am suffering terribly. I took a Zofran and some Pepto since I know that I’m gonna have to just ride this out. I have never learned on the quantity of food that you shouldn’t take daily while on this medication. When I first started it in May, my hemoglobin A1c was 9.9 now it is 7.5 and dropping so it’s working wonders for the diabetes that I have been battling for over 30 years. I’m kind of a weird situation because October 22. I had a total hysterectomy so my stomach can’t be prodded too much right now, but I know that I’ve done this to myself because I’ve ate too much at one sitting. I weighed 11 pounds when I was born and I have been obese my whole life. I do have a significant amount of height on my side, but still I wanna lose 50 pounds for myself and for my health so I want to work with the medication? I’m not looking for a quick fix because I could’ve been on this a long time ago, but I put it off because I seen so many people looking like meat sacks hanging off of them And I didn’t wanna look that way ever in life. I am 47 years old and would like to know from some people. What do you do if you have over eaten to make it through the night and also how should I eat tomorrow because I know that I’m still gonna feel like trash in the morning?? Thank you all for reading if you’ve made it this far I’m 5’10 270 pounds.   I do have a wedge that was ordered for me as a gift when I had the hysterectomy to sleep on my back then I’m gonna use tonight to prevent me from having this food feel like it’s backing up in me. Any suggestions for tomorrow or going forward with diet. I am going to search in the subsection but tonight I’m miserable and these beers have been disgusting over the last two weeks. I also wanted to add that I stopped the Ozempic 1 mg 14 days before I had the hysterectomy and started it back after so maybe the time that I had off and starting it back like I did is catching up to me Because I’m currently five weeks tomorrow out of the hysterectomy. I’m new to all of this. I was taking the medication only for my diabetes. I have only lost around 2 to 3 pounds but I ran into some health issues that prevented me from being able to really exercise and I plan on regaining that Around Christmas when I’m cleared from the surgeon. Thank you all and best of luck and I’m proud of all of you whatever your journey is.",2024-11-26,2,23,Ozempic
1h04ar4,reddit,r/Ozempic,4 month difference. End of July to now. Feeling like myself again!,2024-11-26,707,127,GLP-1
1h03ve0,reddit,r/Ozempic,How do you decide on a goal weight on Ozempic. I noticed that posters goal weights that appear to be above what BMI charts predict. How does everyone find their goal weight?,2024-11-26,6,22,Ozempic
1h0221c,reddit,r/Ozempic,"Should I continue with my next shot? 💩 . So, I’m on week 7 of Ozempic (started with 0.25 and upped to 0.5 for the last two shots and will remain on this dose for as long as I can) and it wasn’t until yesterday that I started to experience diarrhea. 

It has been two days of watery diarrhea and tomorrow would be my 8th shot. Should I go ahead and take it or would you recommend waiting till the diarrhea goes away? 

Any tips with how to handle 💩 and sulphuric belches are greatly appreciated!",2024-11-26,2,11,Ozempic
1h01c18,reddit,r/Ozempic,"Before and after . Female (5”5, 24yrs) I made this cute little before and after reel for my Instagram! Feeling good. I have bipolar (the real bad kind) and have been on anti-psychotics, mood stabilizers for 20 years. The medicine has made weight loss difficult and I struggle with a diagnosed binge eating disorder. I went to an iop program for my BED, and managed to lose about 20 lbs, but after a 5 month psych hospital stay and being on deaths door from over medication, I was at my heaviest 260lbs. My insurance covered ozempic and I started back in April. I finally feel like a normal person. My mental health has improved as well. I am graduating college this month and starting grad school!",2024-11-26,245,25,Ozempic
1h00loa,reddit,r/Ozempic,"Upper leg pain in general joint discomfort. I started .25 Ozepic roughly a month ago. I received my flu shot at the same time. At first I thought maybe it was related to my flu vaccine because my arm was stiff longer than normal. Now my legs especially the upper legs are in pain. I've read scatter reports of people having joint and leg pain from ozepic. Has anyone had these effects and did they go away? I am taking multivitamins, eating bananas and taking magnesium supplements at night. Staying hydrated as well. I am 90% sure this is related to the ozepic because I didn't have that type of pain before and had multiple flu shots over my lifetime.",2024-11-26,2,1,GLP-1
1h004v2,reddit,r/Ozempic,"Took wrong dosage and had the worst week . My prescription came in after ages of delays and I took a dose without reading (my mistake). Instead of 1mg it was 1.5mg. My god, nausea, puking, fever, dehydration. My vision was blurry and spinning for a week. Now I have a bunch of ozempic in my fridge and a health provider I fired because they were of zero help.",2024-11-26,0,6,Ozempic
1h004jf,reddit,r/Ozempic,First day on Ozempic . Hi just like the title says it is my first day on ozempic I have lost a lot of weight but I can’t seem to lose the last 10 pounds from 120 to 110 female at 5’4 but I haven’t noticed a difference and I’m thinking maybe this wasn’t worth it? It’s the first full day and I’ve been eating and snacking a lot. I struggle with binge eating so I thought this would go away. Anyone else try to lose just 10 pounds from 120-110? Did it work? I need some stories,2024-11-26,1,1,Ozempic
1h001k0,reddit,r/Ozempic,"How to know whether to stick it out or switch?. I have been on Ozempic since mid September. The normal .25 for 4 weeks, now at .5. I have a history of T2 diabetes, had WLS 2 years ago and went on a GLP-1 when my diabetes was no longer in remission. I am so nauseous almost all the time though. I can barely eat or drink, I could eat a decent portion pre-ozempic, and now I’m averaging about 4-5 bites before I’m nauseated and no longer interested in eating, and when I can eat it’s rarely protein that I’m able to eat more than a couple bites of. Most days I go at least half the day without actually eating anything, and drinking barely half of my protein coffee, which usually is consumed within an hour or so of being made. Yes, it’s brought my blood sugar down and cut out the grazing, but I can barely function and I can’t run anymore without becoming so sick I almost pass out. My doctor said not to go up from the .5 dose and mentioned switching to Mounjaro in January if I still felt crappy but I’m not sure I can take another 6 weeks of this. I miss exercising, not only for my physically health, but my mental health too. I’m not sure if it’s related, but my depression has been so much worse since starting this med. I wanted a GLP-1 for diabetes management AND to help with some regain, but if I can never run like I used to or even survive a normal day being a parent without so much dizziness I’m not sure it’s worth it. I’m looking for advice for those that have been on this journey a while, do I see if I can switch sooner, or tough it out longer in hopes it gets better?",2024-11-26,1,4,Ozempic
1gzzntx,reddit,r/Ozempic,"Plateaued with 2.0 mg semaglutide. I’ve been on semaglutide for about 2.5 years at this point but it’s been on and off since my insurance wanted to fuck around over and over and then ultimately fuck me over ◡̈ I ended up being recommended henry meds composed semaglutide and have been on that maybe 4 months? I haven’t lost like a single pound. I am not eating like 100% clean and still get sweet/carb cravings. My appetite is less for sure but I don’t feel like it is working like it did the first year I was on it consistently I was down to 175 from 212 and now i’m stuck at 180-185. I workout 4-6 times a week 30 mins minimal, peloton and weight lifting. Does my body just hate me? I thought this was my miracle since finally something worked to help me lose weight but now i’m just stuck paying $400 a month to be the same weight.",2024-11-26,3,9,Semaglutide
1gzznjq,reddit,r/Ozempic,"Lucky with prescriptions . Feel like I’m successfully committing a heist with how lucky I’ve been with getting pens. 

I’m in Australia and on a private prescription and the rules have changed and pharmacies I think are supposed to give wegovy instead (about $100-150 more expensive a pen). And my first time getting the pen I rang about 10 pharmacies and one had a pen and it was ozempic so I saved the money there! And while I was ringing around I got myself on a waitlist for another place for when they got stock again. And they rang today that they had stock and put a pen on hold for me for Friday when I’ll need to refill my script! 
Sending this kind of luck onward to anyone who needs it I know it’s hard to source at the moment!",2024-11-26,6,3,Both
1gzz45u,reddit,r/Ozempic,"Any low bmi’s taking ozempic?. Hi all,

anyone out there with a low bmi on ozempic? I do not have weight to lose but have other medical issues.",2024-11-26,0,9,Ozempic
1gzyzfj,reddit,r/Ozempic,"Curious girlie with some questions . Hello beautiful people. I know a lot of questions have already been answered on this sub before. However I’m curious if anybody who is non-diabetic has tried ozempic here to get rid of stress (cortisol) weight. I never had weight issues but last two years for me were filled with back to back unfathomable stressful events. This caused tremendous amount of weight gain. Life’s finally starting to become better (touch wood) and I finally have time and mental capacity to actually look after my health. Unfortunately I did try the diet and exercise route but I’m working 12 hour shifts at my job and it becomes practically impossible to even do anything other than work, chores, repeat. I have seen a lot of transformations on here and y’all look absolutely amazing! However I did see a few posts where people actually became too skinny. I’m not sure if I’m comfortable being that skinny. Can the dose be adjustable to the point where you can stop when you get your goal weight? Or is it something like you have to finish the entire treatment in order to not put on all the weight back? I’m not diabetic nor do I have PCOS. I strictly want to drop the extra pounds I gained in the last 2 years. Any kind of advice is welcome. Insurance clearly won’t cover for me. So I’m planning on either trying compounded or seeing if I can afford the medication through a different route. 

Thanks!",2024-11-26,0,1,Ozempic
1gzylb1,reddit,r/Ozempic,"Day 4 - learning the hard way. I'm new to Ozempic with my first 0.25mg injection last Friday.  I went into this all kind of blindly after my partner has been on it for 6 weeks with no side effects and so far no positive effects.  I was surprised to have a few hours of feeling kind of icky and mildly nauseous a few hours after the injection, as I expected no side effects.  

The real kicker was last evening (Day 3) when I had a moderate amount of pizza for dinner but then later ate maybe 4 macadamia nut cookies and had a pint of Ben & Jerry's Half Baked ice cream.  I know that's not great in any scenario, but I was thinking I wouldn't have any effects of any kind for at least 6 weeks or longer.  Long story short, it was a night of mild heartburn all night.  The real fun started after getting up this morning 9 hours later when the nausea hit me at a level of sitting as still as I could on the couch with my eyes closed with the ""on the verge of losing it"" feeling for about 45 minutes.  I've clearly got to be a lot more careful already with my previous eating habits.",2024-11-26,1,0,Ozempic
1gzxmhc,reddit,r/Ozempic,Scale hasn’t moved in 2 weeks. Ive been taking ozempic for 1 month 1 week. The first 2 weeks I lost 10 lbs but since then the scale hasn’t moved… any advice? I’ve really been watching what I eat and I’m kinda confused as to why it stopped working for me,2024-11-25,0,9,Ozempic
1gzxccl,reddit,r/Ozempic,"I'm about to start, what should I be adding to my Amazon cart?. As much as I've talked to my doctor, I feel lost. I know I need to keep my protien up. I've been binge watching tik toks of others on it. What have you found to be helpful/necessary?",2024-11-25,3,31,GLP-1
1gzx41i,reddit,r/Ozempic,"My Doc Reduced Metformin and More!! . My doc likes how Oz manages my T2.  Reduced script from 2500/day to 1500/day. I dropped it by 500 already and she wanted more of a drop.  Spironolactone and Synthroid reduced too.  From my high of 420 to now 225,  Synthroid dropped from 175 to 112.",2024-11-25,7,1,GLP-1
1gzwqpz,reddit,r/Ozempic,"Does anyone cover Ozempic in the USA? Illinois specifically. . We have BlueCross BlueShield, but it seems they only approve coverage for diabetes diagnoses, and even then, most ""prior authorizations"" are being denied. Has anyone found an affordable way to get access to these medications? Both of us are overweight, and we've tried various approaches, but the food options in the US make it nearly impossible to maintain a healthy weight. We're becoming increasingly concerned about our health and are now considering these medications as a way to regain control. Every time we travel back to our home country, we can eat bread and pasta all day without gaining weight, but as soon as we return, we start gaining it back when eating salads and fruits in just a couple of days. It's tough out here.",2024-11-25,0,11,Ozempic
1gzvk8u,reddit,r/Ozempic,"Your Own Clicks?. Hi all, After doing a ton of research before taking Ozempic, I finally got a prescription for it from my dr.  I have to pay for it because I'm not diabetic but with a BMI of 47 my doctor felt this was the best route.

I started a couple of weeks ago at .25 and have had alot of luck with it. I know that in a month or two, my doctor will want to put me up to .5.  So here is my question:

Have any of you not gone up to .5 but just gone up to .37 mg or something? I've been hearing some people have done this and have had good results. I just don't see a point going up to .5 unless it is completely not working at .25.  

If you have done this, can you tell me how it's gone for you? I wouldn't obviously ever go more than what my doctor recommends, but going less seems reasonable. It would definitely save me some money in the long run.",2024-11-25,1,3,Ozempic
1gztt4g,reddit,r/Ozempic,"Just prescribed by my doctor today, have some questions.. 1. What should I expect when starting in terms of feelings, side effects, etc.?

2. What advice would you give when it comes to any difficulties you've faced when starting yours?

3. Any food recommendations? What kinds of foods should you stay away from vs eat more of?",2024-11-25,0,6,GLP-1
1gzraho,reddit,r/Ozempic,?. What calorie intake does everyone average in a day?,2024-11-25,0,13,GLP-1
1gzqwql,reddit,r/Ozempic,"Did my first shot but feel nothing. I did my first shot of Ozempic 0.25 on wednesday and while I had some mild side effects like nausea, I‘m still feeling very hungry. Maybe even more than before.
I probably should be more patient but tbh I am freaking out a little bit and worry if it will work for me at all.
Do you think the effects will kick in when I increase to 0.5 in three weeks? Should I just be more patient? Any advice is appreciated.",2024-11-25,0,7,Ozempic
1gzqqk4,reddit,r/Ozempic,"Oz and hair loss. I have been on Ozempic for almost a year, I have successfully lost over 40lbs, changed eating habits, managed my hypoglycaemia and overall have had a great experience. 
A few months ago I started losing my hair, a lot of it. I’m wondering if anyone else has experienced hair loss while take Ozempic??",2024-11-25,2,3,Ozempic
1gzoptj,reddit,r/Ozempic,"Just Did My First Shot. Hey y’all! I 30-NB just did my first shot today and it was terrifying. As many tattoos I have on my body, piercing myself with the smallest needle was such a mindfuck. I’m hoping the shot gets easier and I’ll have more practice to not freak out. Looking forward to the results!

SW: 228 lbs GW: 160lbs
Wish me luck!",2024-11-25,7,11,GLP-1
1gzn0z5,reddit,r/Ozempic,"Cereal Recommendations?. I am a cereal lover and curious what cereals other Ozempic users are eating.  I've seen high protein granola mentioned before but I'm not the biggest granola fan.  Which cereal products are your go-to and why?

Thanks in advance for the recommendations.",2024-11-25,11,45,Ozempic
1gzmxyh,reddit,r/Ozempic,"Stool changes . So obviously I know our bathroom habits change with ozempic. But I had very dark brown, if not black, loose stool. It worried me. Has anyone experienced this?",2024-11-25,1,8,Ozempic
1gzmw1m,reddit,r/Ozempic,"Need encouragement . I have really tried my best to trust the process and have been able to not hyper-focus on this, but I’m losing the battle right now.

Started Ozempic on September 13, 2024. I *think* I’ve lost around 7.5 pounds so far but can’t trust that that is true. My starting weight was around 326 (according to the most recent doctor’s visit — July 2024 — prior to starting the shots).

The first few weeks I felt as though I was losing inches even though the scale didn’t really move. I read a lot (here, especially) that the 0.25/0.50 doses are more introductory and there was just as many people who don’t lose on them as there are who do.

The holidays, and being around problematic family seem to be what have really caused me to second-guess my progress. I know I shouldn’t compare, but an older aunt of mine lost 40 pounds in four months. Everyone is oohing and awwing at her progress and then asking me how much I’ve lost and it’s nowhere near that.

Idk. Thank you if you read all of this.",2024-11-25,7,9,Ozempic
1gzm17z,reddit,r/Ozempic,"Finished the first pen. Hello fellow ozempic users,
I just finished using my first 0.25 ozempic pen and there is lots of medicine still in the pen. I only had 4 needles provided with the pen so how am I supposed to get the rest out? Another question is, do people reuse the needles? Am pretty sure that you shouldn’t for ur own sake but I can’t find any disposable needle heads to buy. Or I don’t know which ones to buy to use up the rest of the medicine. And I am really afraid of using the whole disposable needles am sure I’ll mess it up. So how can I get the rest of the ‘gold liquid’ out for use? 
Do u have suggestions for buying a name brand for disposable needle heads that fit?
Thank you!",2024-11-25,4,9,Ozempic
1gzkswg,reddit,r/Ozempic,"Doctor started me on 0.5.. . Should I do my next dose at 0.25? I’ve only had one dose of 0.5, but I feel 0.25 would definitely ease my body into a little smoother..",2024-11-25,6,20,GLP-1
1gzks9f,reddit,r/Ozempic,"Oz and magic mushrooms - how does it change? . Hi all.  I’m looking for a bit of advice.  Currently on 2.5 dose and doing well.  I’ve noticed that weed gummies are now far less predictable.  I’m assuming that taking a dose of magic mushrooms will also now mean a longer wait time for the effects.

Could anyone guide me a bit about what to expect while on ozempic when taking shrooms?  These will be in pill form and I am familiar with the dosage level that takes me where I want to go. I take mushrooms 2-3 times a year for big dance parties…am planning not to up my OZ dose until after said party because it’s a banger and I don’t want to miss it. 

TIA Fam!",2024-11-25,0,5,Ozempic
1gzkhhv,reddit,r/Ozempic,"My experience with Ozempic. I started Ozempic Aug 2023. I lost almost 100LBS in this time period. My max dose was 1MG.
However, I started to notice some issues like cramping in my legs and feet, upper abdominal pain.
I got an ultrasound. There’s fatty liver and a dilated gallbladder duct with no blockage. 
I’ve been off the Ozempic now for two weeks without tapering (I’m non-diabetic), the upper abdominal pain has subsided, I am able to go to the washroom everyday now. I don’t have any bad discontinuation symptoms. I was concerned I was having some health issues, and not absorbing nutrients. For those doing weight loss, we still need to do the hard work of changing diet and exercise. Ozempic definitely helped me a lot but it’s not a long term answer.

Take care of your health guys! ☺️",2024-11-25,20,1,Ozempic
1gzke6r,reddit,r/Ozempic,"Weight-loss drug found to shrink heart muscle in mice, human cells. Do I need to see my cardiologist now as part of monitoring?!",2024-11-25,113,76,GLP-1
1gzkcgd,reddit,r/Ozempic,"Have you taken Ozempic after 28 days?. I’m feeling more nauseous than usual and I’m not sure if it’s because I’m traveling and eating more random food or because I accidentally took a dose out of a vial older than 32 days. Have any of you taken meds out of an older vial and if so, how did it make you feel?",2024-11-25,0,5,Ozempic
1gzir2z,reddit,r/Ozempic,"Starting my ozempic journey! . Hi all! I just took my first dose of ozempic and am excited to join the journey! I was on metformin before, and had a little success but came to realize that with my lifestyle and work schedule, taking a med every day at the same time with dinner just wasnt doable. So my prescriber switched me to a once a week injectable. Is there any advice anyone would like to offer as I start this journey? Or even success stories theyd like to share? I need the motivation. Thank you all !",2024-11-25,2,1,Ozempic
1gzho49,reddit,r/Ozempic,"Feeling like I should stop taking it but loving the results . I've been on Ozempic since the end of July and so far I'm down 18.5 kilos 
I've only been on the 1mg dose for 4 weeks but my symptoms have been getting worse. More frequently I'm getting the bad tasting burps followed by a day of nausea vomiting and diarrhoea as soon as the burps start I get an overwhelming feeling of panic knowing the vomiting and pain is going to start soon. I also have been getting indigestion pain? I think upper stomach pain after eating certain meals that does go away fairly quickly with gaviscon and nurofen however in the short term the pain is intense. 
I still have a lot of weight left to lose so stopping ozempic isn't something I want to do but im torn on if I can deal with the side effects 
Any advice?",2024-11-25,4,12,Ozempic
1gzhg1j,reddit,r/Ozempic,"Anyone Tried Splitting Their Ozempic Dose for Better Appetite Control?. I’ve been on Ozempic for a bit now and recently noticed that the appetite suppression only lasts about three days after my dose. By the end of the week, hunger creeps back in, and I’m finding it harder to stick to my eating plan.

I’m currently at 0.5 mg per week but am planning to move up to 1 mg soon. I’m wondering if anyone here has experimented with splitting their dose—like taking 0.5 mg twice a week (e.g., every three days) instead of 1 mg all at once?

Does this help extend the appetite control throughout the week? Is it effective, and did you notice any differences with side effects or results? I’m curious if this is something worth trying or if it’s better to stick to the full dose at once.

Would love to hear from anyone who’s done this or has thoughts on it! Thanks in advance!",2024-11-25,0,4,Ozempic
1gzh0er,reddit,r/Ozempic,"Is a hot chocolate a day, a lot of sugar? . My recipe for two ppl is 0,5ml of oat milk, 1 big spoon of cacao, a splash of vanilla extract, I’d say 2 spoons of honey, a handful of chocolate chips and whipped cream on top. 

I’m not trying to have a diet or anything alike, I’m just genuinely curious if it’s too much sugar. I don’t like sweet things much, don’t drink soda, don’t like anything with sugar like coffee or tea, etc. so im curious if it’s a lot of sugar, considering I’m having one everyday before bed cuz it feels so good now it’s winter 😭 

Thank you x",2024-11-25,3,20,GLP-1
1gzfznv,reddit,r/Ozempic,how is everyone tracking their intake times?. Just wondering if you pur reminders to time it exactly or its fine if its a bit off.,2024-11-25,2,14,GLP-1
1gzf9fa,reddit,r/Ozempic,"Unable to lose weight . It’s my 2nd week on Ozempic and so far I haven’t lost any weight this week. I lost 3 kgs in first week but this week is about to end and no progress. It’s still the same. I didn’t face any side effects except day one where there was sulphur burping. I just have a headache but nothing other than that. Should I increase the dose? 

I’m not at all comfortable in my body and I absolutely hate it. Can’t even look at myself in the mirror. I just want to drop some weight.

Btw I’m not eating that unhealthy anymore like I was last month. 

Any tips/advices are welcome.",2024-11-25,0,17,Ozempic
1gzf5qi,reddit,r/Ozempic,"Energy is back up with vitamins . For those feeling major fatigue like I was, I started supplementing 6 weeks ago with high quality vitamins d, k, fish oil omega 3, and biotin. Feels like my energy is back up. This has been game changing!",2024-11-25,11,0,GLP-1
1gzeq5h,reddit,r/Ozempic,"Do I need to go beyond 0.25 mg/week after Week 4?. Hi, I have started Week 4 of my Ozempic treatment. So far I am on the  0.25 mg/week dosage. I am having minimal side effects and feeling fine. My appetite is suppressed, I have been able to switch to a diet (lean animal protein + complex carbs + vitamins) that has consistently produced significant and rapid weight loss for me in the past. This diet also usually gives me satiety, so I am getting satiety both from the diet and Ozempic.

Do I really need to up my dosage at the end of Week 4? I plan to stay on this diet/treatment for about 4-5 months. If I am already quite happy with the results on 0.25 mg/week, do I really need to increase my intake to 0.5 mg/week? Can I at perhaps delay the shift from 0.25 mg/week to 0.5 mg/week? Manufacturer says that I should increase my dosage after 4 weeks of 0.25 mg/week, and no exceptions/special circumstances are mentioned.

I don't want to unnecessarily increase Ozempic dosage and I want to be able to smoothly taper off from Ozempic in the future.

I live in a country where physicians don't know much about Semaglutide, so seeking advice from them is pointless.",2024-11-25,3,10,Ozempic
1gzdp1u,reddit,r/Ozempic,"Should I switch to Mounjaro?. First the good : I went last Friday to my endocrinologist and my blood work is amazing.My insulin and glucose and cholesterol were always too high before Oz and now they are all in a good range.Yaay.
But for weight loss :I have only lost 10kg since I started with the Obesity centre (I usually call it weight loss clinic but it’s really called the obesity centre but I digress).And 4 of those kilos I lost on my own so just 6kgs with Ozempic within 3+months.My endo told me we finally have Mounjaro in Belgium and if I want I can switch,it’s a bit more expensive she said around €220+ and now I pay €103 for Ozempic.I don’t know if I should,I said I will think about it and call her office to update my script if I switch.Has anyone had a better experience with Mounjaro from Ozempic?",2024-11-25,2,3,Ozempic
1gzdc84,reddit,r/Ozempic,Thanksgiving game plan??? . Ozempic has been life changing for the most part not over not being able to eat steak without smelling like Humpty Dumpty but small price to pay for now I guess. My only issue is right now is that Thanksgiving is coming and idk about your families but mine can cook and I’d like to Actually eat. Being able to eat a single peanut is an amazing party trick and money saver while out to dinner. But I would like to enjoy all of my food. Any idea how to balance this out. I already plan on taking a to go plate and freezing it. But I just want one day of enjoying my food without feeling sick or even not being hungry. 🥲,2024-11-25,14,17,Ozempic
1gzclga,reddit,r/Ozempic,"Food noise . I’m curious especially for those of you that were successful, in maintenance, or completely off and keeping weight off 

- how did you mentally teach yourself to address food noise? 

Aside from the ozempic",2024-11-25,3,4,Ozempic
1gzbxwa,reddit,r/Ozempic,Feeling hungover day after dose. I recently started 1mg and noticed that I feel almost hungover the day after my dose. Does anyone else experience this?,2024-11-25,3,1,GLP-1
1gz9v4k,reddit,r/Ozempic,"Going in for a consultation with my PCP tomorrow, advice? . Hello everyone, I hope you're having a good evening! 

I'm reaching out to ask for some advice. I have an appointment with my PCP tomorrow regarding weight loss, and I am really nervous. I am scared to be judged or dismissed. I am worried that my PCP will brush me off and say that I need to try harder with diet and exercise (which I do! I am very active and eat well). I would love to get suggestions on how to better prepare myself for this appointment and better advocate for myself. Thank you all so much in advance!",2024-11-25,1,1,GLP-1
1gz93kk,reddit,r/Ozempic,"Higher dosage - not seeing a difference. Hi all, so I started on 0.25 for 4 weeks as advised by my doctor. I weighed myself weekly and the number continued going down. I’m now on 0.5 (again as advised by my doctor) for 3 weeks and I’ve been going up 500g-1kg then it will drop down a bit again. 
My diet an exercise has been consistent throughout
Overall I’ve lost 2kg. I’m okay with it being slow however seeing the scales jumping around a lot more since being on the higher dosage is making me a little worried 

Did this happen to you? Will it settle? Planning to give it a few more weeks before contacting my doctor.",2024-11-25,7,10,GLP-1
1gz8qpg,reddit,r/Ozempic,"Down 55 pounds! . I have a ways to go, but the progress keeps me motivated! SW: 288 lbs CW: 233 GW: 160",2024-11-25,456,42,GLP-1
1gz8nzx,reddit,r/Ozempic,Ozempic 8mg Canada. Does anyone know if this sized pen is being sold in Canada?,2024-11-25,1,0,Ozempic
1gz8lda,reddit,r/Ozempic,"Americans using insurance: any non-diabetics here?. So my insurance covers Ozempic and Mounjaro and requires a prior authorization. Does this mean that I would need a diabetes diagnosis for it?

My BMI is around 30, I have insulin resistance/PCOS, and high triglycerides. I’ve been taking the max dose of Metformin for about 11 years. 

What are the chances that they’d cover it without a diabetes diagnosis? Slim to none? I think I only had my doctor write a prior authorization letter once before, but it was to get a certain type of birth control covered.",2024-11-25,1,14,Ozempic
1gz84yb,reddit,r/Ozempic,"Everything tastes awful, acid reflux, and fatigue.. So I started Ozempic 5 weeks ago in October. To say the least, it has been a difficult journey. I've been dizzy, nauseous, not hungry, or alternatively can only eat a couple bites of food and then I'm full and stay full for many hours to the rest of the day. I can't eat later than 5 p.m. because I need to be in bed by 9 for work and I discovered I'll have heartburn. So if I haven't eaten by 5, I don't eat. (Honestly, not hungry, I'm forcing to eat a small dinner here). This is especially the case because a couple weeks ago, I ignored that little rule, and ate a light meal at 6:30. Well, at 11 p.m. I woke up in the throes of vomiting, choking and gagging on pure acid. I was coughing, burning in my chest, up and out my nose and my mouth. Took a sip of water, that made it worse. I then dissolved 2 teaspoons of baking soda in the water and finally that brought relief to my stomach and throat, but not my chest or nose. I coughed and gagged until about 3 a.m. Rough night. The bedsheets were burned by the acid and had to be thrown out. I lost my voice for 2 days as I badly burned my throat, and then coughed, wheezed, and hacked for a week. Slept upright and took Pepcid twice a day for a week until I was sure things had healed. Lesson learned, I'll never do that again. I've never had this happen to me before in my life. 

Since then, the reflux has settled and no heartburn at all. So that is good. 

And OMG the fatigue. What is with that? I get home from work and I'm out cold on the couch by 6:30, sotting upright!! Then I will wake up at something my 9 or 10 and drag myself to bed, and I'm out cold until my alarm goes off at 5:45 a.m. I seem to be okay during the day, but as soon as 6:30 rolls around, my head is rolling like my 90 yr old grandma. What.Is.The.Deal!!??

Fast forward to yesterday and today and I'm realizing I am having really strong food aversion which is NOT a thing for me, normally. I like food, usually. But now, everything tastes wrong. Everything tastes bitter or off putting. Eggs, chicken, tomatoes, cucumber, cauliflower, beans, doesn't  matter, everything is just ew. I'll be hungry, and start to cook a small healthy meal of food I used to like, such as steamed mixed veggies and a piece of chicken thigh, and by the time it's finished cooking I am good and revolted, and can barely get 1/3 of it down. 

Today in desperation, I chose a higher calorie turkey sausage because I've only managed 250 calories today so far and I need calories. So I cooked the sausage and some steamed veggies, and took one bite and nearly hurled. So, I took my time and very small bites and managed to get it down. Then I had 5 large olives which I actually liked - so far gotta say the olives are the only thing that still tastes like olives. Tried a piece of cheddar cheese and nope nope nope. 

Right now I'm sipping a zero sugar cranberry ginger ale, but even it tastes a bit metallic-like. 

No, I'm not pregnant. The only good news is through this hell, I've lost 10 pounds. 🤕 I'm not sure it's worth it? 🤷‍♀️

I'm in trouble, I think. I am only taking 0.25 mg of Ozempic. My practitioner is aware I am having side effects and has held my dose to the lowest possible.

Please tell me this is just a phase and it will settle?? Is this normal when first starting this??? Advice? I'm kinda worried. 

I mean I get part of Ozempic's profile is it changes your brain so you don't crave, and reduces hunger, but I think this might be a tad more than usual?",2024-11-25,5,7,Ozempic
1gz7z8r,reddit,r/Ozempic,"Goal weight. Hey all,

I understand people may use BMI to calculate their goal weight, but as we know BMI isn't the best indication. How are yall deciding on your ideal weight while using ozempic? From my BMI suggestion, the ideal weight for me would have me weighing as much as a teen because im so short. I just don't see this as being realistic for myself.",2024-11-25,4,21,Ozempic
1gz6zm5,reddit,r/Ozempic,"Any tips? . I’m starting in January. I switched providers, so now it’s covered. Anything I should buy to keep the nausea at bay? 

I’m 5’8, 254.3lbs, and type 2 diabetes. I’ve been working out daily. And increased my water intake take. I am not doing for weight loss, it’s really to help with my diabetes. Goal weight is 190lbs. I am hoping with already working out it will, I will lose the fat and stay toned. I like being a thicker girl. 
I use to only eat 1 meal a day and snack. Now I try to eat 3 small meals and snack healthier. 
Thanks in advance!",2024-11-25,2,4,GLP-1
1gz5zhv,reddit,r/Ozempic,Dose reduction for restarting after one month off. How much do you all think I should reduce my dose if it's been a month since my last injection.  I don't want to get sick from losing my tolerance.  Thanks!,2024-11-25,3,5,GLP-1
1gz5wur,reddit,r/Ozempic,Saxenda or Ozempic- Which one should I get ?. I have always been an overweight person since young and I'm 19 now. I have PCOS and Acanthosis nigricans. I believe i also have insulin resistance from my condition from my research. I have come to think of starting on Saxenda or Ozempic just for a few months but still not sure about it. Thoughts?,2024-11-25,1,0,Ozempic
1gz5wn0,reddit,r/Ozempic,"Maintenance Melbourne Australia . Hi all,

I’ve been on ozempic/wegovy since June and have lost 10.5kg, I went to see the doctor today and my bmi is 26, she wants me to completely stop when I get to a bmi of 25 😬 

I have pcos so I find it hard to keep the weight off even with diet and exercise (I’m a qualified pt so have a good idea of what I need to do). Is there anyone from north/north west Melbourne (Tullamarine etc) that can recommend a doctor for the maintenance phase of my journey as I’m hoping to lower the dose and not completely stop taking it.",2024-11-25,2,1,Both
1gz5wgl,reddit,r/Ozempic,"Maintenance Melbourne Australia . Hi all,

I’ve been on ozempic/wegovy since June and have lost 10.5kg, I went to see the doctor today and my bmi is 26, she wants me to completely stop when I get to a bmi of 25 😬 

I have pcos so I find it hard to keep the weight off even with diet and exercise (I’m a qualified pt so have a good idea of what I need to do). Is there anyone from north/north west Melbourne (Tullamarine etc) that can recommend a doctor for the maintenance phase of my journey as I’m hoping to lower the dose and not completely stop taking it.",2024-11-25,0,0,Both
1gz5epk,reddit,r/Ozempic,"I finally see the difference . 38 pounds down today! Getting close to maintenance soon. Started my journey around a year ago trying everything I could on my own. Started GLP1s in April. Began with zepbound, switched to ozempic after a couple months. Was diagnosed with insulin resistance and PCOS. Ozempic has been a miracle. 
Starting weight around 211 current weight 173.",2024-11-24,556,45,Ozempic
1gz5bpy,reddit,r/Ozempic,"Update to my rant back in august. A few months ago I (5’3 27f) posted a rant talking about how my doctor wanted me to lose 15lbs on my own within 3 months if i wanted to get on any type of weight loss medications. I thought it was impossible with how many times ive tried to lose weight in the past but with going to the gym literally every day i was able to do it. 

On October 16th i was prescribed Phentermine instead but its been really helping the food noise. 
I was 256lbs when i first talked to my doctor and today i just hit 220lbs! 

I know its not ozempic but i did post the rant here and ive been so inspired seeing all of these posts so i thought i’d share. Same outfit with photos 5 months apart",2024-11-24,335,30,Ozempic
1gz48yn,reddit,r/Ozempic,"Leftover Ozempic Dosage Help. I've been decanting the leftover Ozempic into insulin needles, but I have a really hard time with math, and from my understanding the conversion isn't 1 to 1.   
I took this from a 2.01MG/1.5ML pen and the needles say 50 units.  How much would a full 50 unit insulin syringe of Ozempic 2.01 contain?",2024-11-24,0,2,Ozempic
1gyzlur,reddit,r/Ozempic,Im going from 2mg to 1 mg of Ozempic. I’m paying out of pocket till January. It seems like I get more bang for my buck if I stay on 2mg and just half my dose? The price stays the same no matter what pen it is. Am I missing something here?. I’m going down in dose to “wean” off since I’m about at my goal weight.,2024-11-24,4,9,Ozempic
1gyzf9u,reddit,r/Ozempic,"Ozempic and cannabis?. I just started my Ozempic journey. I’m using 0.25 now for the first few weeks. Just wondering if any of you use cannabis and if you find it impacts the medicine in any way? I feel like I’m curbing a lot of potential nausea. I don’t get munchies as much and I’m practicing my own self control, but wondering if anyone has any other perspectives?",2024-11-24,17,44,Ozempic
1gyz9n8,reddit,r/Ozempic,"Wondering if something is off with current dose of Ozempic.. I am wondering, if you somehow miss injecting ozempic into fat cells, does it hit like a truck?

I took my dose of Ozempic yesterday morning.  1mg.  Normally I feel its effects most strongly around day 5 after taking it.  Yesterday however, I had no appetite, I choked down maybe 300 calories total.  I felt sick an feverish with hot flashes and cold sweats but didn't have a fever.  Headache and stiffness like I was sick.  Today I still have no appetite,  I don't feel as awful as I did yesterday, but still feel feverish while my temp is right where it is supposed to be.",2024-11-24,2,4,Ozempic
1gyybxv,reddit,r/Ozempic,Can my family doctor cancel my prescription from another?. Long story short my family doctor refused to prescribe me but I was able to get a prescription through telehealth. I have my yearly checkup coming up and I’m wondering if my family doctor will/can cancel the prescription from the other doctor,2024-11-24,4,17,GLP-1
1gyy2ue,reddit,r/Ozempic,"Blood pressure sky high with ozempic!. Am I literally the only weirdo who has crazy high bp with head pressure after injecting? I’m only on 0.25mg and it’s awful. Started Aug 2 and thinking about just quitting altogether. I’ve had to double my bp meds but even that doesn’t help completely, it just makes me not be in a danger zone. Happened with Mounjaro too but that ended me in the ICU for 8 days. Am I the only person who this happens to?",2024-11-24,3,3,Ozempic
1gyy136,reddit,r/Ozempic,"Christmas do 23 V 24. Reflecting on almost a year of Oz and 64 pounds down. This drug has not only changed my relationship with food but also my quality of sleep, PCOS and fertility. Here’s to our journeys and changing our lives 🥳",2024-11-24,239,23,GLP-1
1gyxv66,reddit,r/Ozempic,"What do you guys pay? . I'm in Canada I pay 185ish dollars for my pen and needles every month. I literally use my too dollars to pay for it with my other meds it's around a 300$ day at the pharmacy! So 50$ tips left! 

What do you guys pay?",2024-11-24,13,134,GLP-1
1gyxh10,reddit,r/Ozempic,"Toss or use the rest? . I’ve taken all four 0.25 doses, this is what’s left. Just picked up my new pen for my next dose of 0.5. Should I use this pen for the 0.5 until the discard date or just toss & start with the new pen? Seems like a lot of meds to waste!",2024-11-24,74,111,GLP-1
1gywr9b,reddit,r/Ozempic,"Netherlands. My BMI is 32. Im totally healthy but my weight is bothering me, specially that i turned 40.
I havent been to doctor but Im pretty sure Dutch GP is not going to prescribe it.
I want to get it legally but i don’t want to get ripped off either. 
I see body clinic offers it but prices are high.
Does anyone have experience getting any sort of Semaglutide in netherlands or maybe buy it from other european countries and getting it shipped to netherlands?",2024-11-24,1,0,Semaglutide
1gywd6q,reddit,r/Ozempic,Online Providers. My prescription coverage will end on December 31. Does anyone have a provider that will provide the pen and not the needle and vial? Needles just freak me out. I’m on Wegovy but Ozempic will probably work. Any advice?? I mean 1600$ a month is for rent these days and that is not even all the rent. Senior and disabled in US. Thanks in advance.,2024-11-24,1,2,Both
1gyw57m,reddit,r/Ozempic,Has anyone tried it from the website HERS? . Just curious how to get a more affordable reputable version of this. I've  seen a lot of advertisements in hers and I was curious yalla opionin,2024-11-24,3,4,GLP-1
1gyubej,reddit,r/Ozempic,"Dating after weightloss….. I’ve lost 110 lbs in a year. After not dating for a long time due to body image issues, I joined some dating sites. I’ve been seeing someone, it’s new, intimacy is the next stage. I’m so disgusted with how my body looks naked, so much loose skin, lumpy and gross. TBH I look pretty good with clothes on, so he would never really know what awaits him. He doesn’t know about my weightloss journey, I didn’t think it was relevant, how do I now bring up my gross body?",2024-11-24,56,34,GLP-1
1gytwjc,reddit,r/Ozempic,"How long does it take to lower blood sugar levels?. My wife just start 2 days ago, .5, for her diabetes, I know each person is different so things vary, but how long after starting did it begin to lower your blood sugar levels?",2024-11-24,3,5,GLP-1
1gyttwi,reddit,r/Ozempic,"Double vision and involuntary movements . I started taking Mounjaro last December. In February, I started developing double vision, vertigo, involuntary movements in my arms and legs, and loss of my ability to speak. Basically, it looked like I was having a seizure and sounded like I was having a stroke. 

I started having these attacks almost weekly, and the double vision would last for days. I was diagnosed with basilar migraines because MRIs, CTs, EEGs, and ECGs showed nothing. It was basically a diagnosis of exclusion. The doctors insisted it couldn’t be the Mounjaro. 

 I stopped taking Mounjaro briefly because of the shortage, and the attacks stopped. When I started taking it again, the attacks came back. 

I asked my doctor to switch me to Ozempic to see if it was something about the Mounjaro, but the attacks kept occurring. 

I stopped everything three months ago and haven’t had an attack since. Has anyone experienced something similar?",2024-11-24,3,4,Ozempic
1gys4ak,reddit,r/Ozempic,"A Wish for You. Many years ago, Valerie Bertinelli became a spokesperson for a popular weight loss company. I've always admired her. Anyway, one thing she said in an ad really stuck with me. I don't remember the exact words but it was about how this would be the first New Year that she wouldn't be making a resolution to lose weight because she didn't need to anymore. 

I was like ""wow, can you imagine?"" My resolution to lose weight has been an annual thing since I was like 14. I'm 52 now. That's decades of wishing and hoping and dreaming and getting frustrated and failing and sinking deeper into despair. 

Guess what? I'm there! I will not be making that resolution this year because I've met and gone a bit beyond my goal weight. Thankful for my doctor and Ozempic and this sub for helping me get here.

I want this for YOU too! It's possible. Keep working at it, keep believing in yourself. I believe in you!",2024-11-24,179,16,Ozempic
1gyrpqq,reddit,r/Ozempic,Fasting glucose level changes. Hey everyone. I’m T2 and I quit eating carbs after 7pm and I have changed my eating habits. I’ve lost 6-8 lbs and I’m on week 2 but my fasting glucose levels are higher than after meal glucose levels. Does it take time for ozempic to change that? I’m confused about it.,2024-11-24,1,9,Ozempic
1gyqsyv,reddit,r/Ozempic,"Starting Ozempic soon but worried. Hello everyone. I am supposed to start taking Ozempic but I am worried about many of the side effects folks have discussed here. I am afraid of the nausea, burping, diarrhea and constipation and honestly, I am worried about losing the enjoyment of food. I’ve read here that food just isn’t enjoyable anymore after taking Ozempic and while eliminating cravings would be great I am afraid of losing the enjoyment from food. Any thoughts? Please help me calm my fears/hesitation.",2024-11-24,1,14,Ozempic
1gyojfh,reddit,r/Ozempic,"Fear. Hi.I have a big fear of taking ozempic.my doctor prescribed it but still didn’t take it.Can anyone relate? Any advice? I do need it I tried to lose weight by myself but it’s not working and I am chronically ill,the weight being obese makes everything worse.It’s just that I went trough so many health issues that I became so scared of trying new things",2024-11-24,0,22,Ozempic
1gym54k,reddit,r/Ozempic,"I saw this posted elsewhere, and I ran over here to share it lol. May your bathroom times be productive and comfortable 🫶",2024-11-24,98,5,GLP-1
1gym29b,reddit,r/Ozempic,"About to start in on Ozempic in a few hours.... Hi, everyone!

After a bunch of struggling with my doctors and my insurance company and whatnot, I finally got a prescription of Ozempic that I can actually afford to get filled.

For reference, I am diabetic - A1C currently at a very uncontrolled 10 - and while I've made all the lifestyle changes to go with the diagnosis, I recently learned why nothing I've been doing has helped: my kidneys have been damaged, in part due to a 10-year-long stint with Metformin. My kidneys are no longer processing it, which would explain why things are bad: functionally, it's as if I haven't been taking Metformin at all. 

I've just started on Farxiga, and I literally picked up my Ozempic prescription yesterday. I work nights, so my first dose will be in about 4-5 hours when I get home from work.

My doctor and my brother (who has taken Mounjaro) have done their best to answer questions, but I still have some, because I'm naturally coming up with new ones at 2 in the morning because of course I am.

\-----

How long does it usually take to see results from Ozempic? Will I experience reduced appetite right away, will it take a day, a week, a month? The weight loss is a nice side effect, but I'm mostly taking it for medical reasons.

How severe does the nausea tend to be? Do I need to set up a comfy cushion in front of the toilet? Do you think I'll be able to sleep it off?

Should I eat before I take my first dose? Should I avoid eating before I take my first dose? Does it even matter?

\-----

Any help you can offer would be greatly appreciated.",2024-11-24,7,9,Ozempic
1gylm0t,reddit,r/Ozempic,"A somewhat weird question about salivation. I feel beyond weird posting this, but I'm also really curious to know if anyone else has experienced this. Apologies in advance for asking such a weird question.

So, I'm new to Ozempic, and I'm really lucky in that I do sometimes have a bit of appetite suppression and reduction in food noise. I noticed that if I see foods I love (and probably am addicted to), I'm okay not having them. I can pass them up and not be agonized over it, but my mouth salivates like crazy. It happens if I smell the food too, like if someone is baking bread. This happens even when I'm full and I don't even want food.

It's super noticeable when I'm grocery shopping. Amazingly, I won't impulse buy foods (new life skill officially unlocked!), but if I see chocolate or pastries, the kind of alarming salivation kicks in, and I have to literally look away. I literally have to stare at the floor until I get to the spot in the store that has the food I went there to buy.

Has anyone else experienced this? 

(And as I hit ""Post"" I have the dreaded feeling that I am 100% alone in this)",2024-11-24,1,0,Ozempic
1gylho8,reddit,r/Ozempic,"On 2 Weight Loss Drugs and Not Losing Weight !! AGHHH. I am on 4 Contrave pills a day and 2 mg of Ozempic a week and am still not losing weight. Like wtf..

 I took Ozempic max dose 2mg/week for 14 months and never lost a pound. I actually gained 7 pounds,,

So Doc put me on Contrave - lost 8 pounds over 3 months and then stopped losing. For the next 3 months I was taking Contrave and OZ  together and still no weight loss. 

1. Is anyone in the same boat I'm in? 
2. And if so, did you find a fix for it? 
3. Does anyone know if the OZ be increased to 2.5 or 3mg? Or perhaps the Contrave can be increased? 
4. Has anyone had a BIG stall and then the weight loss kick in again? 

I've been on these drugs for 2 years and lost 8 pounds!!! I have been on a low carb diet for the last 10 years religiously. AGHHH Please gawd may someone have some suggestions as what to do next!!  Feeling so defeated/ frustrated/ mad. 

Thanks all",2024-11-24,1,0,Ozempic
1gylgwa,reddit,r/Ozempic,"Is there a maximum amount of protein per meal?. So I was looking at some recipes from Stealth Health Life, and checked the comments to see if I could find an alternative for a weird ingredient they used, only to find comments about how the body can only absorb 30g of protein per meal. 

I started looking into it because my ozempic stomach can only deal with 2 meals a day and they’re always over 30g of protein, but I’m finding very mixed research. So is there any truth to a maximum amount of protein per meal, or can I keep eating aggressive amounts of chicken?",2024-11-24,1,5,Ozempic
1gykf1x,reddit,r/Ozempic,"Stopping because of vision changes as a high myope. I have been on Ozempic for 10 weeks, 4 weeks of 0.25 and 6 weeks of 0.5. I am not diabetic, using Oz for weight loss. Lost about 10 lbs but will unfortunately be stopping due to changes in my vision. 

For context my prescription is -8.75 in one eye and -9.25 in the other, so I experience very high nearsightedness. I also have astigmatism though not sure of the numbers there. My prescription has been relatively stable for the last 10ish years and I got an eye exam about two months before starting Oz with no new issues reported. 

The first week was uneventful but by week 2 I started noticing some slight double vision/ghosting. I researched online and saw that it could be related to my astigmatism and didn’t think much of it, and didn’t connect it to Ozempic. I brushed it off to maybe being tired or having dry eyes. I used lubricating drops and heat masks to see if it worked but nothing really made a difference. 

Fast forward to now and the double vision and ghosting have gotten much worse. But I’m now also noticing some other visual changes as well including difficulty focusing, difficulty reading and sometimes what feels like a motion blur when I shift my vision onto something new. As someone who has high myopia I am quite nervous as I have never experienced such a quick onset of vision changes and it definitely has me spooked. I am only 31 so I doubt it is age related, especially since I just had my vision checked before starting Ozempic. I’ve made an appointment to see an ophthalmologist.

Nothing else has changed in my life besides this, and while I’m not 100% sure it’s a side effect from the medication, I also can’t be certain it’s not from the medication. I noticed some people online say it could be related to blood sugar levels with decreased appetite, but I felt my appetite suppression on 0.5 doses was at most moderate, and very mild at 0.25.

Anyways just wanted to share my experience as someone with high myopia who experienced some vision changes coinciding with when I began the medication. I do still have one unopened pen in my fridge and will consider trying again depending on what the eye doctor says, but for now I think I unfortunately need to stop.",2024-11-24,1,0,Ozempic
1gykd3a,reddit,r/Ozempic,"Please complete my survey!. My master's thesis group is conducting a survey study on the correlation between patient education/knowledge on the management of Type 2 Diabetes Mellitus. Our survey will take less than 10 minutes to complete. Please consider filling out our survey and sharing with friends and family!

[https://wagner.co1.qualtrics.com/jfe/form/SV\_d6bO5MRor7KNdJA](https://wagner.co1.qualtrics.com/jfe/form/SV_d6bO5MRor7KNdJA)",2024-11-24,1,1,GLP-1
1gyk74x,reddit,r/Ozempic,"Is it possible to have a manufactured, “pure” semaglutide if it isn’t ozempic or wegovy?. If someone says their semaglutide isn’t made from novo but is FDA approved and isn’t compounded (no salts or vitamins added), is that possible?",2024-11-24,1,1,Both
1gyjtc3,reddit,r/Ozempic,"Hair loss: For those that have lost hair, has it grown back?. Has your hair regrown? Did it start to regrow once you stopping taking the medication, or while you were still on the medication?",2024-11-24,1,1,GLP-1
1gyjrp1,reddit,r/Ozempic,"Question re: Ozempic and Insurance more broadly in America from an Aussie - just curious.... I have seen some conversations about insurance and people being able to get Ozempic through some insurances but not others....

My Dr or insurance (if I could use it for that!) would not be wanting to see me monthly or be tracking when I get prescriptions ... does this happen in the U.S?

For example I have a 2mg pen but am dosing 0.75mg per week so I'll get 10 weeks out of my pen before I have to reorder - would this ring any alarms bells in the system there, as far as you not buying another pen after 4 weeks...?

Just curious more than anything.

Happy losing!

P.S. If anyone can recommend a book or something else that in-depth explains the instracies of the American health system and the web that exists between insurance and health providers and the middle men would be very interested.",2024-11-24,1,4,Ozempic
1gyjf97,reddit,r/Ozempic,Ozempic stopped working. It seems after the first 6 months my Ozempic stopped working for me  I took it for diabetes I didn’t need to lose weight. The first 4 or 5 months it worked great . Anyone else have this happen?,2024-11-24,3,2,Ozempic
1gyj0rm,reddit,r/Ozempic,Thinking of quitting... Been on Ozempic since 25th May and only lost 11lb. Barely any inches however I do feel the puffiness from my face has gone down (which is why people think I’ve lost significant weight when infact I haven’t). Thinking of quitting and just doing keto cause I’m sick of being sick (and affordability).,2024-11-24,0,8,Ozempic
1gyibsk,reddit,r/Ozempic,"Protein additives ? . I can't get my head around protein additives. I've never used them nor know anything about them. I've always associated them with gym jocks, & as a 60 something gal not something I thought I would need. Now taking Oz I recognise that I probably need to increase my protein by using these & need some help.

Without deep research & trialling them all (time & $$$) & keeping in mind easy access (Australia) what would be my go to ?

**Question 1: Are all protein powders 'equal' ?** How do they differ?

  
**Question 2:** Not knowing where to start should I consider these **criteria? Pros/ Cons** ?

1. tasteless?  
2. no sugar?
3. flavoured ?
4. palatable texture?

I probably want something to add to cereal, yogurt or smoothies (use lite milk)for ease of use.

**Question 3:**   
I read about **Whey protein isolate** containing 90g of protein per 100g. Is this a good choice? Is it better to go flavourless? Are they all the same? Which one? 

  
**Question 4: How much** should I be adding?

Any help gratefully accepted ! 😊",2024-11-24,1,1,GLP-1
1gyib7s,reddit,r/Ozempic,"Heartburn and acid reflux - positive results . I’m suppose to be starting Ozempic in the next week.  I currently have acid reflux and heartburn and I have been working on getting it under control for two years.  One of the main reasons I want to go on Ozempic is to lose weight to help my acid reflux.  I have read a tonne about Ozempic increasing acid reflux and heartburn if you already have it.  I would love to hear from people with pre-existing acid issues that did not get worse with Ozempic or even better, they improved.  If it got worse and unbearable feel free to pipe in too, but I would love some positive stories.",2024-11-24,1,0,Ozempic
1gyhqts,reddit,r/Ozempic,"Does my pcp know I'm taking ozempic?. I'm trying to find a new pcp who supports me taking ozempic. Current one does not agree for any of his clients. 

I went through Henry Meds online. Is my pcp going to know I'm on it somehow if I do not inform him?",2024-11-24,0,3,Ozempic
1gyhlxj,reddit,r/Ozempic,"Irritability and Uptick in Intrusive thoughts. I’ve been on sema for a week and a half. Just took my second shot on Thursday. I’ve lost three pounds which is amazing! But I’ve noticed my intrusive thoughts have gone way upppp.  Like random scary thoughts which triggers OCD symptoms to pop up. I’m also so irritable! My husband is usually annoying lol, but right now I can’t be around him!  I also generally just feel kinda down. Not depressed but just kinda blah. I’m definitely eating less but I still having cravings. 

Should I try another week of this? Does anyone know of orderly meds let’s you switch brands? I think I read mounjaro might have less side effects if sema is too much? Will symptoms subside?",2024-11-24,2,0,GLP-1
1gyhjjf,reddit,r/Ozempic,"Extreme Side Effects. Hello everyone I've never posted on reddit so bare with me. Im very desperate. Im on week 2 of a .5 dose, and I am so miserable and exhausted. It started with sulfur burps last night as many people have mentioned experiencing. Then the nausea came in a big wave. I was able to hold it down and go to bed fine until 5am. Since 5am I have been well, shitting water. There's nothing left to expel and it won't stop. I'm so tired and uncomfortable has anyone experienced this? How do I make it stop!
Edit to add: I have lost 2.5 lbs from just losing water and my dignity over the last 24 hours.",2024-11-24,18,32,GLP-1
1gyh14m,reddit,r/Ozempic,"Oz for weight loss, results slowing down. Help!. I’ve been on oz since March. I have lost about 45 lbs so far. However I’ve noticed that my results are slowing down a little. I’m still losing but not the same 4-6 lbs/month. I’ve also noticed that my appetite is coming back as well. 

I’m currently on 1.25 dose. Hesitant to go up as the yellow pen isn’t available in Canada yet and I pay out of pocket. Therefore it would be more than 1 pen a month… but if that’s the only way it is what it is and I will up my dose. 

some of you will say to speak to my dr about it, however I feel like I am a little bit of a experiment as he was telling me that not many of his patients do it for weight loss. 

Any suggestions appreciated. 

Thank you",2024-11-24,0,6,GLP-1
1gyg9ha,reddit,r/Ozempic,"Mounjaro >> Ozempic - my experience . I just wanted to share my experience, having moved from Ozempic to Mounjaro in case it’s of use to anybody.

I took Ozempic for a year, I eventually went to 2 mg and lost about 15 pounds total. Blood sugar dropped, other stuff got better too. Decreased appetite, but not insanely decreased. Not many side effects.

A month ago, my endocrinologist moved me to Mounjaro, says it works even better and costs the same. It targets the same GLP-1 receptor that Ozempic targets, but also targets a second receptor, GIP. She said she would have originally prescribed it, but there was a bad shortage at the time so I might have ended up with gaps where I couldn’t get it.

Wow. 

I’m at the second from highest dose of Mounjaro, appetite is much more suppressed vs Ozempic. No side effects. I obviously don’t know how it has affected my blood sugar, etc., yet, but studies indicate that it has a substantially stronger effect than Ozempic.",2024-11-24,104,30,Ozempic
1gyg4wy,reddit,r/Ozempic,"I’m soooo ready. . Starting my ozempic journey today! Wasn’t sure how it would affect me so I took half half of .25 just to see how I would feel but I plan on going the regular dose in less than a week and then going month by month like everyone else. 
Was on saxenda many many years ago. Went from 200 to 180 and stayed there after stopping it for years. Then got sick (mental health issues) and dropped to 159. Got on SSRI and now I’m at 175. I’m only 5’2” so I’m hoping this works for me. 
I’m ready like the rest of you! 

Here we gooooooo.",2024-11-24,23,20,Ozempic
1gyf123,reddit,r/Ozempic,I am on 1 mg for the past 2 month and have minimal appetite suppression and 0 weight loss. What to do? . i,2024-11-24,4,16,GLP-1
1gyex5m,reddit,r/Ozempic,"blood test. Hello
I just booked an appointment for the endocrinologist, I was wondering what kind of blood tests they had everyone else get to see if they’re eligible for ozempic?",2024-11-24,2,8,Ozempic
1gydyv2,reddit,r/Ozempic,"Screwed up my first dose…. …big time. On Wednesday I injected myself with 80 units instead of 8. Whoops! I spent the next day vomiting up everything, and took myself to the doctor for a 2L hydration IV and supply of Zofran. It’s now Saturday and I have basically been in bed since then, unable to work or do really anything. 

My question is, with 2 months worth of Oz in my system now, when should I start my first actual dose? Do I start it next Wednesday? Or wait longer? The doctor and the “team” where I received the meds have not been able to give me an answer.",2024-11-24,0,17,GLP-1
1gycpzb,reddit,r/Ozempic,"Do side effects ever go away? . I was perfectly fine with .25 n .50
2 months ago I went up to 1, every week since then on the 2-3 day I get diarrhea. I’m a garbage man I don’t have a toilet easy to use. Didn’t take shot last sat (which would have been my shot day) n still got diarrhea. Didn’t take it today either because stomach still upset. Thinking of stopping it, been on it 2 months I have lost 20 pounds but idk if it’s worth all the pain n diarrhea",2024-11-23,1,11,GLP-1
1gybgh9,reddit,r/Ozempic,"How long before it kicks in?. I started taking 0.25mg for weight loss and am coming up to the end of my second week. So far I have not noticed any appreciable difference in my appetite, or decrease in 'food noise'. I haven't lost any weight .  I also don't have any side effects. They could have been injecting expensive saline for all the difference I noticed.



I've heard from others that the effect was immediate, but the nurse told me it would take up to a month. I'm wondering what people here have experienced? I'm hoping not to be in the 15% it does nothing for.",2024-11-23,6,36,GLP-1
1gyavk9,reddit,r/Ozempic,"Abdominal pain? . Started taking oz on Sept 12th and felt like it was helping me get fuller quicker but had zero changes in weight. I went in for a checkup with my doc 2 weeks ago, and she ran some labs after I explained there’s been zero change in weight. 
She prescribed me Metformin 500mg, twice daily due to PCOS and being insulin resistant. I’ve been taking it since last Sunday and I feel like my internal organs are withering away.  O_o I had zero pain or discomfort before the Met and now I feel as if my gallbladder, liver, kidneys, and stomach are always in pain. I’ve been extremely nauseous and having terrible diarrhea.
I currently take Ozempic (weekly), Metformin, Straterra, fiber gummies, and magnesium on a daily basis. I count calories, workout daily, sleep regularly, and drink water. My weight hasn’t changed still and I’m going through hell. Is there something I’m doing wrong? I’m considering just stopping the Oz all together at this point. :(",2024-11-23,2,3,Ozempic
1gyafma,reddit,r/Ozempic,"Nagging Fear. Anyone else start to lose some weight and feel like it's the start of every other time that you've started to lose weight and now there's a nagging fear that it's not going to keep working and just be like every other time that a diet/exercise plan failed and you'll gain all the weight again? 

I have to keep reminding myself I'm only at the start of my journey and that the success will continue but just wondering if anyone else feels this anxiety and how you've dealt with it?",2024-11-23,5,8,GLP-1
1gy8t2p,reddit,r/Ozempic,"My first week . It hasn’t been too bad for what it’s worth, a few vomits here and there, but I’m just wondering, did anyone quit after their first week? I’m thinking of waiting til I’m at a point in my life where I am feeling a bit better mentally",2024-11-23,0,8,GLP-1
1gy6whk,reddit,r/Ozempic,"Help ozempic . Hello I’ve been taking ozempic for 1 month and I didn’t lose any kilos, can someone help me ?

First I did diet for a month and I lost 6 kilos and after 3 weeks of stagnation I decided to take ozempic to reboost my weight loss but it didn’t help me at all! What Should I do ?",2024-11-23,1,12,Ozempic
1gy6clf,reddit,r/Ozempic,"I'm in Onederland!! . I was prescribed Ozempic by my PCP in late July for my T2D. I was 230 pounds the day of my first dose. This pic was taken today. My A1C is now 4.9, and I'm well on my way to being off insulin all together! I received my TD2 diagnosis on January 2, 2023, with an A1C of 10.5 and my blood sugar at 473. I'm so proud of myself, and thankful for the amazing care I'm receiving from my PCP. WOO HOO!!!",2024-11-23,657,33,Ozempic
1gy66m2,reddit,r/Ozempic,"Can I stop Ozempic after my first shot?. Now I don’t want anyone to attack me for my stupidity cuz I know, I’m upset at myself as well and I’m panicking 

I took Ozempic as a means for weight lose, I did some research, but not much apparently. It was not prescribed or anything, from where I’m from you can buy it without a prescription so I did and I took the 1 mg pen. (I know, 1 mg is high dose for a first time)

Yesterday I took my first shot ever and I could feel it right away, especially the loss of appetite. I knew that it’d happen but I wasn’t aware that it’s going to be this bad.. it’s the second day since I took the shot and I only ate once, and barely anything at that. The sight of food in front of me makes me sick and full. My body is tired and it needs food to function normally but I can’t even stomach the food in front of me. I decided that this isn’t for me and I don’t want to continue this medication but now I’m lost on what I should do???

Since I only took one shot can I stop it ? Or there’s no going back? If this isn’t the correct way then what should I do?? Any insight or solution would be appreciated. (PLEASE)",2024-11-23,0,13,Ozempic
1gy5xf1,reddit,r/Ozempic,"Itchy after increasing Ozempic. I started Ozempic in late August and was on .25 starter dose for like 6 weeks. I went up to .50 and I noticed that I would get itchiness/tingling around my mouth and sometimes on Tounge. No hives, no swelling or anything. I told the doctor and he said he never heard of that, and to try to stay on it. I stayed on it for like 3 more weeks, but it was really annoying. So my last injection was Oct 17th. I’m still noticing that my face around mouth feels funny, and that I get itching in other places that I normally didn’t. I’ve been off it for around a month now. I’m on Jardiance, which I started 2 weeks ago. Primary care doc has no ideas except take Zyrtec. There’s some days it feels like my skin is crawling. Has anyone else had an experience like this? If so did it go away?",2024-11-23,3,1,Ozempic
1gy55bl,reddit,r/Ozempic,"Ozempic to compounded semaglutide dosing question. Okay yall I switched from ozempic to a compound shot bc the naturopath NP I’ve been working with puts extra things like glycine and b12 in hers. I told her I was on 1mg of oz and she started me on 20 units of compound in an insulin syringe. 

Since I switched 2m ago I’m stalled and I feel zero effects. In fact, I’m craving sugar like crazy. 

I’m worried she started me on a lower dose than I was on and I keep seeing conflict things online so I’m trying to get clarification.",2024-11-23,4,3,Ozempic
1gy3g51,reddit,r/Ozempic,Took my first shot .25 AND found out I’m pregnant the next day,2024-11-23,1,1,GLP-1
1gy3fbx,reddit,r/Ozempic,"Why did this happen?. I ate a Nation’s bacon cheeseburger (no sauce) last night. Only ate 1/2 of the bun, only had a couple of fries. 2 hours later, I threw up, stomach cramps. I would like to avoid this in the future. Any ideas why what happened happened?",2024-11-23,8,47,GLP-1
1gy3c1k,reddit,r/Ozempic,"Ozempic has improved my blood labs significantly. I'm 58 and I've never had this good bloodwork results in my entire life!

Anyone else seeing improved bloodwork after being on Ozempic?

Just got these back from last weeks doctor-ordered labs:



B-Leuk    - 5.2 E9/l

B-Eryt    - 4.8 E12/l

B-Hb      - 146 g/l

B-HKR     - 42 %

E-MCV     - 87 fl

E-MCH     - 30 pg

E-MCHC    - 349 g/l

B-Trom    - 233 E9/l

fs-Folaat - 18 nmol/l

S-B12-Vit - 364 pmol/l

B-PEth    - <0.05 umol/l

S-TSH     - 1.9 mU/l

B-La      - 2 mm/h

B-HbA1c   - 33 mmol/mol

S-CRP     - <1 mg/l

S-Ferrit  - 249 ug/l

S-Krea    - 68 umol/l

S-ALAT    - 50 u/l

S-T4-V    - 14 pmol/l",2024-11-23,3,2,Ozempic
1gy35wg,reddit,r/Ozempic,Price increase when dosage increased?. Did your price increase when you doubled your dosage?  Thanks.  I need to know what to expect.  I may need to go from 1 mg to 2 mg.  I am a type 2 diabetic.,2024-11-23,4,8,GLP-1
1gy2yin,reddit,r/Ozempic,"My gym photo ! . I logged into my gym and I happened to be wearing the same glasses, so I shot a pic. 

I've lost 50 pounds so far!",2024-11-23,115,13,GLP-1
1gy2x4d,reddit,r/Ozempic,"Yesterday was the beginning of my 5th week on Ozempic.. I have taken my first shot at .5
My beginning weight was 245.
This morning i checked in at 233.7
I have no side affects 🙏
I have drop to a 36” pant. I was at 38”.
I’m glad i didn’t throw away those 36”
I feel so much better.
My diet has changed also. No more sugars, bread or pastas.😞",2024-11-23,22,3,Ozempic
1gy2r4v,reddit,r/Ozempic,"Zepbound and Ozempic not covered by my insurance . A little medical history…
I have Polycystic Ovarian Syndrome, hypertension, pre diabetic with strong family history of diabetes, and significantly overweight. 

My dr thinks I would benefit greatly from using Ozempic or Zepbound. My insurance company will not cover either medication since I don’t officially have diabetes.

Any advice how to appeal this? My dr won’t participate with a peer to peer review, I already tried that. Or, how can I find one of these meds at a lower cost than the retail price of an average of $1000 a month!",2024-11-23,2,6,Ozempic
1gy2nxj,reddit,r/Ozempic,"My thyroid is working much better… to from hypo to hyperthyroidism . I have seen people post on this topic in here before, but I wanted to add my story. I’ve been on ozempic since April and I have lost about 35 pounds. People have really noticed the difference in how I look and keep commenting, which is surprising since I have another 45 to lose. I have a lot more energy than I used to, and one of the biggest things the medicine has done is made me have to reduce my hypothyroid medication by almost half.

I started on 135mg of NP Thyroid. Now on 75 mg because I’ve been having symptoms indicative of HYPERthyroidism after years of being almost unresponsive in terms of symptoms of hypothyroidism, hence the high dose. I was losing hair, gaining weight, feeling lethargic, depressed and cold. I was actually on two separate medications for the thyroid because they didn’t make a dose as high as I needed. So Ozempic has actually paid for itself by me no longer needing one of those medications for my thyroid.

But now, even on being 75 for a few days, I’m still having sweaty palms, insomnia, and before was sometimes diarrhea before feeling faint or just feeling faint or very hot suddenly, all symptoms of hyperthyroid. There were a couple of scary instances where I felt really faint in the last few months. I happen to go to the doctor that same day a feeling faint episode happened and my thyroid TSH was almost at zero!! Off the charts low. I immediately reduced my dose And seem to have to be continuing to reduce the dose. Anybody know why this is the case? I am losing weight, but it just doesn’t seem to math to me.",2024-11-23,2,8,Ozempic
1gy2le6,reddit,r/Ozempic,"Is 1mg enough? . I started on 0.5 a month ago and for 0.5 I was okay keeping my normal diet, but didn’t really lose any weight.

I upped to 1mg last Wednesday and holy shit did I see a difference! The first night I had 2 small low calories sandwiches and I felt so sick for the next 24 hours that I am literally traumatized of overeating and feeling that way again. Since then I have adjusted my portions to what feels comfortable to me and have been feeling fine. However, I understand I am eating a lot less than what an adult should. (I ended up with 800 calories yesterday bc it was pasta, but had I eaten something healthier it would be a lot less).

The plan is for me to up to 1.7 or 1.8 in 3 weeks (I forgot which one exactly) and I am actually scared of what that might do. Did anyone stop at 1mg? It’s also really soon for me to make that decision, but just wondering.",2024-11-23,6,4,GLP-1
1gy1j2m,reddit,r/Ozempic,Serious question. Why will insurance cover ozempic for diabetic patients but not PCOS patients? . I’m having to get the compounded ozempic because insurance won’t cover it for PCOS. It just makes no sense to me.,2024-11-23,45,41,Ozempic
1gy1c6q,reddit,r/Ozempic,"First time ozempic. I‘m F22, 102kg 170cm, and got diagnosed with insulin resistance one and a half years ago. 
I have been on metformin 1000 ever since which has done absolutely nothing for me. 
I have tried every possible diet, workout, went to the dietitian but bc i lack discipline (not bc im lazy (only a bit), mostly bc im on the spectrum) there has been no change in weight nor insulin levels. 
My Doctor has decided to put me ozempic because she doesnt want me to turn diabetic and she thinks this may work for me. 
She told me take a 0.5 dose but Ozempic is not covered by insurance here so i have to pay it out of pocket which is a shit ton of money, which is why i want to start with 0.25 instead so the pen lasts me a full month. 
Another reason why i want to start with 0.25 is because im very sensitive and get easily sick and with metformin i fought life and death the first two weeks with its side effects. 

Can someone please give me any tips as a first time user, what i have to be mindful/careful of, give tips on injections as someone who has stretch marks everywhere and has a needle phobia and also give tips on exercise and diet since my doctor hasnt? 🙏",2024-11-23,1,6,Ozempic
1gy030g,reddit,r/Ozempic,"Wanting to support my spouse🩵. Hi, everyone!  My husband is going to be starting Wegovy (or Ozempic, depending on availability) for obesity/prediabetes. I want to support him, so what do I need to know?  Can you help me learn about what and what not to eat? What side potential effects to be aware of and how to help them?  I guess I’m asking for Sema for dummies. I really want him to feel successful and supported - and it’d be nice for me to be able to say, “oh! I’ve heard this could be a thing - here, try this!”

And basic information would be so helpful. Thank you to the lovely community here!!",2024-11-23,4,35,Both
1gxyq2i,reddit,r/Ozempic,"My experience so far (only 5 days). Hi all here’s my experience so far .On Ozempic 0.25 and Metformin ,22F Have PCOS and Prediabetic ,binge eating disorder but it got better years ago just unfortunately food noise has become a habit same with binging . Started 18/11/24 SW: 105kg CW: ? GW: 65-70kg. Had my first dose of 0.25 on Monday . I immediately had side effects being a headache and dizziness . But manageable. I continued having absolutely no appetite and even looking at a passing billboard with food on it made me sick to my stomach i think at most i ate 1000cal this whole week including today. But as the week went on i started feeling like the appetite was coming back but i think it might have to do with maybe my body metabolising the 0.25? The side effects might come back with the second dose.


I have no idea what weight i am at and i dont want to know until my dose changes but i am hopeful . I have struggled for 8 years with PCOS and how its affected my wellbeing and weight . I picked up 10kgs with in a matter of a few short weeks but i didn’t know until i went to the doctor the past Saturday. 

I measured my body to see what influences the medication has to the water retention and inflammation Ive been dealing with and i have to say i an SHOCKED at the results .I tried again Last week Saturday as last resort to save my own life before its too late . And i must say i am hopeful. It’s looking very different from my past attempts and i feel more energetic and happier as days go on . 

My measurements from monday on the left and measurements from today on the right.",2024-11-23,5,1,Ozempic
1gxymv5,reddit,r/Ozempic,"Bruising (not related to injection). I have been on ozempic for a few months and am recently experiencing a lot of blood bruising on my hands. Almost like what you see in much older people. I’m 47, so I don’t think it’s age related. Has anyone experienced this? Headed to derm in 2 weeks, but wanted to see if anyone else has had this experience and if it was related to ozempic.",2024-11-23,2,1,Ozempic
1gxy872,reddit,r/Ozempic,Research study for those with Type 2 Diabetes on Medicaid (paid of course!),2024-11-23,1,0,GLP-1
1gxy5fh,reddit,r/Ozempic,"Not losing. I'm type 1, my endocrinologist put me on ozempic after my first baby and I had great and fast results in both blood sugar and weight.    Been on for about 2 months now after having twins. I've lost about 5 pounds but have totally stalled.   I'm definitely in a calorie deficit.   Haven't had the same impacts on blood sugar this time either.   What gives?!",2024-11-23,6,23,Ozempic
1gxxyx4,reddit,r/Ozempic,How was going from 0.5 mg to 1 mg was like for you?,2024-11-23,1,0,GLP-1
1gxxp8z,reddit,r/Ozempic,"Ozempic in Calgary. Currently living in Thailand where Ozempic is $420 and noticed some posts that it is nearly half that price in Alberta.  I'll be back in Canada for Christmas and was hoping to save some money by picking up some Ozempic there. 

What is the process?  It seems like I can get an prescription on-line and then just take it to a pharmacy?  Is there a limit on how many pens I can get?   Any extra costs (e.g. blood test)?

I'm a Canadian citizen but I don't have a provincial health card.",2024-11-23,1,1,Ozempic
1gxwayh,reddit,r/Ozempic,"Sex drive . 3 months in and where has my sex drive gone? 
Horny no more 😱
Anybody else experiencing this?",2024-11-23,3,3,GLP-1
1gxvmtr,reddit,r/Ozempic,"Need help ppl!. ^this is the pen i have got. 

it's my first dose today so please guide me how to inject 0.25mg dose from 1mg pen? 

i have tried to look online but it is all so confusing.  
help me out guys and be as specific as you can.",2024-11-23,3,11,GLP-1
1gxupa9,reddit,r/Ozempic,"I kindly need your advice with this. Hi, I’m an Ozempic user from Turkey—or at least I hope I am! Ozempic only became available here last month, so I assume the user base is still quite new.

I recently purchased my first pen to take 0.25 mg doses for four weeks. The pen I received has a gray label, which I noticed isn’t listed on Novo Nordisk’s official website. After some research, I couldn’t find much information about it, which left me a bit uncertain.

Today, I took my fourth dose, but I noticed something odd: the gray plunger inside the pen didn’t seem to move as much as I expected. To check, I set the pen back to 0.25 mg (the maximum it allows), and it seemed to click into place just fine. When I pressed the gray button on top, it dispensed medicine (I tested it on a napkin). After that, I tried switching it back to 0.25 mg again, and I could switch it to 0.25 still! Thought only 4 doses were in this thing?  *The photo below shows how far the gray thing came out after 5 clicks.*

I only received four needles in the package, and now I’m worried I might have done something wrong during my doses. The only issue I can recall is during my very first dose, where I may have released the gray button too early. 

For the time being, I haven’t experienced any noticeable side effects—just mild nausea twice, which went away quickly after drinking water.

For reference, I always see a small drop of medicine appear after attaching the needle cap. I’ve been injecting into my belly and even wait longer than the recommended six seconds to ensure I’m doing everything correctly.

I plan to reach out to the pharmacy where I purchased the pen, but I’d really appreciate hearing your opinions regarding this. Does this all sound normal? Guess I need some assurance...

Thanks for reading, and sorry for the long post!

https://preview.redd.it/ok4adsspyl2e1.png?width=524&format=png&auto=webp&s=a13e3811c4a172701b2b14d47d8f843f76ad149a

https://preview.redd.it/hsqbtcxqyl2e1.png?width=521&format=png&auto=webp&s=826a8439434fcbea9d5ee08f7fd1691122d2f50e",2024-11-23,3,13,Ozempic
1gxu6y6,reddit,r/Ozempic,"Help. Hello friends, I am someone who has lived 80 percent of my life as an obese person. Years later, I discovered a drug called Ozempic. But I don't have money to buy it right now. Is there anyone who can help? Ozempic is 300 dollars in my country. I am 180cm(5.9Feet) and 190kg(418lbs)
I have dreams of being able to wear clothes from normal stores, and not getting tired even if I walk all day, and it hurts",2024-11-23,0,3,Ozempic
1gxu4r2,reddit,r/Ozempic,"Help. Hello friends, I am someone who has lived 80 percent of my life as an obese person. Years later, I discovered a drug called Ozempic. But I don't have money to buy it right now. Is there anyone who can help? Ozempic is 300 dollars in my country. I am 180cm(5.9Feet) and 190kg(418lbs)
I have dreams of being able to wear clothes from normal stores, and not getting tired even if I walk all day, and it hurts",2024-11-23,1,0,Ozempic
1gxu4j3,reddit,r/Ozempic,"Clothing size help from any Aussies in the room. . So.. On the back of my recent post on my one year anniversary with ozempic, I thought I'd throw a little question out there for the Aussie females in the room.

My one year weight loss sees me 20kg lighter, and understandably significantly smaller in most body measurements. My go to clothing style is jeans and long sleeved tshirts and tops. 

I have had a number of plus size ranges that I used, predominantly Regatta curve from Myer, but their range in jeans and pants are erratic at the best of times to the point where I can't rely on the smallest sizes being available any more. 

I then discovered that Just Jeans curve range were a viable option. Due to the inches dropping I now find the smallest size in the curve range for their jeans are a touch too big. Because the denim eases after washing I can wear them once and they are then unattractively baggy. I feel that I'm a tiny bit too big for the size 16s in the regular range. 

This calls out the known drama with vanity sizing in general, but especially so in plus size clothing. 

I know I can try op shopping, but while I'm in between sizes, do any of you have any go to brands/stores that in their regular range are moderately vanity sized? I'm talking regular ranges where their 16-18 sizes are an option. 

I have discovered that I'm fitting either XL or XXL in some Uniqlo items, Macpac are also my friend for casual weekend outdoor clothing. Are there any others out there that you swear by?",2024-11-23,1,2,Ozempic
1gxtszh,reddit,r/Ozempic,"Food tolerance changes over time. I've been on Ozempic about 4 months and am on a 1mg dose. The past couple of weeks I have noticed a marked change in the amount of food I can eat without feeling sick. When I first started all hunger basically went out the window, and I started eating only once a day. Since moving to my therapeutic dosage I've been careful to listen to my body, and try not to overeat...but I've gotten into a situation lately where I am getting the ""full"" signal, stopping eating, then within an hour or so feeling like I've eaten too much. I don't have an issue slowing down my eating even more, but I just wondering if this is a normal experience. I've been on the therapeutic dosage for a number of months kinda expected my food tolerance to level out. 

Maybe the question is stupid...but I am getting really tired of feeling sick even when I listen to my body and cut off the food when it tells me to.",2024-11-23,6,2,Ozempic
1gxsau2,reddit,r/Ozempic,"We’re Starting a New Insurance Company That Supports GLP-1 Medications—Seeking Your Input!. Hey everyone -- several loved ones have been using weight loss meds on their health journey, and they’ve made a significant difference in their life. They have been a game-changer. However, like many of you, I’ve been frustrated with traditional health insurance not fully covering these treatments or making the process overly complicated.

That’s why we’re starting a new insurance company to address this issue.

**We’re developing a hybrid insurance and credit model**, and we’d love your insights to make it as valuable as possible. Here’s the main idea:

* **Better Health Outcomes, Lower Costs**: People using GLP-1 medications often see significant health improvements, which can lead to reduced long-term medical costs.
* **Health Credit System**: We’ll provide credit to help fund your GLP-1 medications and related healthcare needs.
* **Investing in Your Future Health**: As your health improves, the savings from lower medical expenses and insurance claims can help repay your health credit. Essentially, you’re borrowing from your healthier future self, and the cost savings pay it back.
* **Accessible Wellness Insurance**: Our goal is to make health insurance that fully supports GLP-1 medications more accessible and affordable, so you don’t have to choose between effective treatment and financial strain.

I would love to know:

* What challenges have you faced with traditional insurance when accessing GLP-1 medications?
* How do you think this hybrid model could be improved?
* What features or services would make this most beneficial for you?

Let's create an insurance solution that truly supports our health journeys.

Looking forward to your thoughts!",2024-11-23,0,9,GLP-1
1gxqwg5,reddit,r/Ozempic,"Pepto Bismol Liquid or Caplets or Chewables?. Stocking up on Pepto as I’m starting Ozempic this weekend. What type is recommended? I read some cause constipation which is already an issue for me on Trulicity. But I really need to curb the sulphur burps. I can take Metamucil for constipation and Pepto for burps perhaps? Or omeprazole? Or Phazyme? It’ll all be trial and error. 

These OTC meds (other than Omeprazole) are not available in my country so I have to stock up in advance via Amazon or iHerb. 

What’s the best way to take these? Before eating or after? Do you take something ahead of starting on Oz?",2024-11-23,1,8,Ozempic
1gxpwd8,reddit,r/Ozempic,"Ozempic not working. . I started on Ozempic in August. I started on .25 I have graduated to 1mg. My A-1c has been much better but i haven’t loss anything!! I went to the dr today. I have been on 1mg for just two weeks now and she just upped me to 2mg. 
Has this happened to anyone else? Any advice?? 

F.Y.I. I haven’t been able to exercise as I have had to be off my broken foot.",2024-11-23,1,1,Ozempic
1gxpmm4,reddit,r/Ozempic,"Amazon link? . Hi all, I’m looking for a link to order more disposable needles… I’m split-dosing to help minimize my symptoms, so I’m running out. 

The pharmacy wanted me to buy a box of 100 for $60 but I don’t need that many! Hoping I can just buy online…does anybody have an Amazon link for Canada?",2024-11-23,4,7,GLP-1
1gxovxb,reddit,r/Ozempic,Can i inject twice of 0.5 mg to make 1mg dose? . My doctor increased my dose to 1mg. I am currently at 0.5mg. I used the 0.25mg/0.5mg pen. I have 2 more pen and i do not want to waste them.,2024-11-23,5,6,GLP-1
1gxoif6,reddit,r/Ozempic,"Titrated upto 1mg total. Wow the early satiety!. Following my doctor's advice, I've been managing doses of 0.25mg and 0.5mg over the past 7 weeks. Now, I can consider stopping metformin at 1mg. To ease into this, I took 0.5mg four days ago and another 0.5mg last night. I'm preparing for 1x weekly injections in the next four days.

While on the 0.25mg/0.5mg dose, my food intake has been cut in half. This morning, I was preparing my second meal, three hours after breakfast, which consists of a protein shake with vitamins and probiotics. At this rate, counting my calories, I can probably only manage a maximum of 1200 calories daily. I have been on 1600-1800 calories. Current 208lbs 5ʻ4 39 Year old Male.

https://preview.redd.it/9np8jsub2k2e1.jpg?width=480&format=pjpg&auto=webp&s=bc6c3fa80e3cfbe0ab972ee3e9cdea816cda1556",2024-11-23,5,2,GLP-1
1gxnz8w,reddit,r/Ozempic,how do i start ozempic. just like the title says how do i start ozempic. where can i go to get prescribed,2024-11-23,0,3,Ozempic
1gxmlmx,reddit,r/Ozempic,"Spreading out the doses?. Do you think I would experience lighter side effects if I, for example, split my weekly 1mg dose into two 0.5mg doses? 

Usually, I start experiencing side effects a few days after my injection. They last 24-48 hours.

Has anyone tried this? Will it be safe to use each needle twice?

Thanks!",2024-11-23,0,5,GLP-1
1gxmav6,reddit,r/Ozempic,"Just started today!. I had my first shot today about an hour ago. I went on it for my diabetes and over all health. In March I had two strokes and I am still bedridden but learning to walk again.  Here are my worries, the side effects and losing muscle mass because there are are only certain exercises I can do until I master walking again. I don't even have a starting weight because I weighed myself last  before I got sick at the end of Feb. I am excited and scared!",2024-11-23,7,7,GLP-1
1gxlwt6,reddit,r/Ozempic,Reddit help a girl out (2mg pen) . So I was previously on the .5 mg and my doctor wanted to bump me up to 1mg. The pharmacy accidentally gave me the 2mg pen. This pen doesn’t have the increments like the others just the dashes. My doctor wants me to take 1 mg but I dony know if the pharmacy will give me a new pen. Any advice?,2024-11-22,2,6,GLP-1
1gxlwru,reddit,r/Ozempic,"Getting Ozempic.. online? . Hey everyone, I wanna start on Ozempic for weightloss (dont judge me) Ive been struggling with overweight my whole life.. already try the old method (diet,exercise,starvation) and no good results. Anyways.. I have insurance but my PCP or any weight loss clinic on my area doesnt have any available appointments until next year..
 I wanna start the soon as possible and I keep seeing on TikTok some girls getting it online.. I saw one call mochi.. and amble. Are those sites authentic? I mean they are super cheap.. I believe is like 180$/per month. Google says off-label on pharmacies with prescription is expensive. Is there another easy way to get it without paying a thousand dollars? Any of you guys have tried those sites? It works? 

Thanks xx.",2024-11-22,1,10,Ozempic
1gxl61d,reddit,r/Ozempic,"Quick question . Hello, I had my first shot of ozempic .25 on 11/16; nothing for the first 2 days & then constant diarrhea for the rest of the week, couldn’t keep anything down but I lost 6 pounds. I know diarrhea is a side effect & I’m debating if I want to take the second dose tomorrow. Do the side effects taper off after the first dose?",2024-11-22,0,3,Ozempic
1gxkktg,reddit,r/Ozempic,"Feeling like maybe this isn’t for me but unsure? . I’m a 25F 150lb 5’2 and I was recently prescribed semaglutide for weight loss. I took my first dose yesterday and have had terrible nausea and migraine so far. Haven’t been able to eat anything today and am just overall feeling really weak and not great. I was barely able to function today at work and had to cancel social plans I had. 

I’m worried it will be like this after each dose, in which case I don’t think the cost to my quality of life is worth losing some weight. I know I’m overweight, but not obese, so I’m just not sure this is the way to go or if I should tough it out. I also really dislike the idea of being dependent on a medication long term. Any thoughts?",2024-11-22,1,10,Semaglutide
1gxix1f,reddit,r/Ozempic,"Will my appetite get better again?. I started ozempic 4 weeks ago with a dose of 0.25 for the first 2 weeks. During the initial weeks, it worked wonders for my appetite. I didn’t overeat, and I felt much more in control of my food intake.

However, after those first weeks my appetite came back and the effect of ozempic didn’t feel as strong. I even got a higher dose of 0.5mg at week 3, my appetite was still there.

Next week, I’ll up to 1mg. For those with similar experiences, does appetite control improve at 1mg? And I’m curious if there are more people who didn’t have major effects with smaller doses of 0.25-0.5mg.

On the bright side, I haven’t experienced any side effects - maybe a little nausea after injection  and a slight headache.",2024-11-22,1,2,Ozempic
1gxiw3j,reddit,r/Ozempic,"Will it my appetite het better again?. I started ozempic 4 weeks ago with a dose of 0.25 for the first 2 weeks. During the initial weeks, it worked wonders for my appetite. I didn’t overeat, and I felt much more in control of my food intake.

However, after those first weeks my appetite came back and the effect of ozempic didn’t feel as strong. I even got a higher dose of 0.5mg at week 3, my appetite was still there.

Next week, I’ll up to 1mg. For those with similar experiences, does appetite control improve at 1mg? And I’m curious if there are more people who didn’t have major effects with smaller doses of 0.25-0.5mg.

On the bright side, I haven’t experienced any side effects - maybe a little nausea after injection  and a slight headache.",2024-11-22,1,0,Ozempic
1gxigx3,reddit,r/Ozempic,"Good news at the doctor today. . I had my 3 month checkup today at my primary care doctor. Not only is my A1C down to 6.0, my cholesterol is way down and I’ve lost 25 lbs. since my last appointment. 

My doctor is supporting me continuing on Ozempic to continue lowering the A1C and so I can continue the weight loss.",2024-11-22,65,9,Ozempic
1gxi6so,reddit,r/Ozempic,Pen ran out. Can I take a .25 dose today and then a .25 dose tomorrow when I pick up my new pen?,2024-11-22,4,4,GLP-1
1gxhh09,reddit,r/Ozempic,Finally bathroom success!! . After 4 weeks on oz I was so bloated I thought I’d end up in the hospital. I tried everything I could think of and everything I could find on here! And finally after reading a post here I tried some magnesium citrate chews. And bam! The next morning I am clear! So I wanted to share . Because that was the worst side effect I have had yet.,2024-11-22,16,5,GLP-1
1gxhblz,reddit,r/Ozempic,"Weight Loss Question. Okay, so I’m only just starting my journey with Ozempic and Metformin for T2 Diabetes and I’m also wanting to lose weight. My question is, if I’m not eating enough is that going to stop or slow the weight loss? Most days I’m lucky to get 1100 calories. I’m also doing my best to add moderate exercise at least 5 days a week. Any advice is appreciated!",2024-11-22,2,3,Ozempic
1gxh8up,reddit,r/Ozempic,"Weight gain after a short hiatus . Hi everyone! 

I recently took a 3-week break from Ozempic due to surgery. I was told I could not take Ozemlic for 3 weeks leading up to the surgery. During these 3 weeks, I gained a lot of weight; I was too scared to get on the scale to see how much, but I can tell you I've gone up two dress sizes
.
The surgery went well, so that I can return to my regular ozempic dose of two milligrams weekly.  I just started it up again last Sunday.

 Here's my question: 
With the proper activity and resuming my regular dose, will I be able to lose the weight that I've gained during my hiatus? Has anyone experienced anything similar?   Please understand I'm in a bit of a post-surgical depression, and the weight gain around holiday time is not exactly helping me. 

I appreciate any help you can provide. ♥️",2024-11-22,1,3,Ozempic
1gxh3me,reddit,r/Ozempic,"Favorite Protein Drinks?. I started Ozempic on Nov 3 at .25 mg and have lost 7 lbs so far (although I lost 6 lbs prior to starting the medication.) I had a couple of days I felt really lethargic which were four and six days after my injection in the same week, so thought it might be because I wasn't eating enough those two days. I started tracking what I eat, and I'm consistently coming up short on protein. I ordered some clear protein drinks and they are wretched, so I'm going to go back to the regular type. I've tried Fairlife  and Premier Protein shakes and was wondering if anyone has suggestions of others they really like.",2024-11-22,9,30,Ozempic
1gxf8mx,reddit,r/Ozempic,"What would you do?. I have been taking Ozempic since the beginning of September, 2024. Diagnosed with T2D August 8, 2024 and started 1000mg/day Metformin right away. I have been paying out of pocket from the start awaiting insurance coverage. Fast forward, I was denied coverage. I finally had my appointment with an endocrinologist, she is happy with my numbers and said she wouldn't recommend any changes in my prescriptions or daily routines. When I mentioned that I am paying out of pocket for the pen, she suggested we back track, increase metformin and stop ozempic to prove I do require ozempic. 

I am considering keeping things status quo for now. I am starting to see a difference in weight loss and symptom management. I am scheduled to see the endocrinologist again in Feb. and we will look at my numbers again, and if they meet the criteria for insurance coverage. 

I still have a couple refills left on my prescription, so not a problem to continue to receive the pen. It seems counterintuitive to back to the beginning.

What would you do?",2024-11-22,3,2,Ozempic
1gxdi0i,reddit,r/Ozempic,"Acne . I have been on ozempic for a month and a half and I have been getting the worst acne. I started getting little pimples that looked like fungal acne way before Ozempic but generally speaking I’ve always had clear skin , never had acne in my life. I’ve tried so many things. I use clean skincare. I drink water I don’t eat dairy I don’t consume sugar and things are starting to get worse. I thought it was fungal acne now I just don’t know anymore .Someone please help w some advice cuz I’m honestly at a breaking point.",2024-11-22,0,3,Ozempic
1gxcxqm,reddit,r/Ozempic,Feeling hungry now but when I first stated I had no appetite . By my 5th week of taking Ozempic I can feel my hunger cravings coming back. Is that normal?,2024-11-22,2,5,Ozempic
1gxciw6,reddit,r/Ozempic,"8 lbs 4 days!. Took my first shot Tuesday, so that hasn’t even been a full 4 days. SW: 258 CW: 250 GW: - 180 5’11 M.

Prior to taking Ozempic I was drinking a fifth of vodka if not more almost daily for 8 ish months after losing my house. I ballooned from 225 to 258 in that time. I made the decision to quit drinking prior to Ozempic but it’s also helped me curve any want (probably because I’m so fucking tired all the time!)

I’ve barely eaten 2 whole meals in these 4 days. I just don’t feel the need to eat, but have been supplementing with water protein shakes.

Seems I’m responding well!",2024-11-22,6,7,Ozempic
1gxc37l,reddit,r/Ozempic,"Rybelsus to Trulicity to Ozempic. Hey, I started in Rybelsus last year but had awfully violent nausea and lifelessness when I switched up from 350 to 700 mg Rybelsus. I frankly couldn’t live like that and stopped it after 2 months. 

Switched to Trulicity a few months later and have had minor sided effects - nothing too unbearable - but also very little weight loss or appetite suppression. 

Now I’m starting Ozempic this weekend and I’m super anxious about the side effects. Extra scared thinking of my time on Rybelsus.

Are there any success stories where people had a bad time on the pill but not quite on the injectable? Any hope that the injectable may be less violent for my GI tract? I’m really excited to try Ozempic but also super stressed about managing my day to day.",2024-11-22,3,1,Ozempic
1gxc35f,reddit,r/Ozempic,"Trust the Process. 44M SW:275 CW:235 GW 190 5’8 
Pic on the left is mid September and the right is this morning 11/21/24",2024-11-22,691,74,GLP-1
1gxblsx,reddit,r/Ozempic,Canadian Postal Strike. Anyone found a way around the current strike? We order from PolarBear. Is it worth it to have them ship UPS or other method?,2024-11-22,1,0,GLP-1
1gxb3rq,reddit,r/Ozempic,"Cost. Hi everyone, I just had a really quick question my grandfather is trying to get on either ozempic or jardiance for his diabetes and we tried to get through the insurance company to compare costs and I was just wondering if anyone else had gone through martins point or just any advice in general. Thanks!",2024-11-22,2,0,Ozempic
1gxab8j,reddit,r/Ozempic,"For those of you who experienced hair loss on Ozempic and stopping taking it, did your return to normal?. 
Hair loss is a known side effect of ozempic , this question is not to debate that it isn’t.

For women who have experienced a lot of hair loss and breakage,  did your hair grow back to its former state, after stopping it?

I was on Ozempic for 1 year and my hair is now completely ruined. I had long full hair, it is now damaged, breaking off and very very thin.

I did not lose a huge amount of weight so it is not about that. 

Did your hair grow back? What helped?

Those with personal experiences only please. Thank you.",2024-11-22,4,8,Ozempic
1gx9uby,reddit,r/Ozempic,Adipose tissue retains an epigenetic memory of obesity after weight loss | Nature. The fat remembers.,2024-11-22,195,64,GLP-1
1gx9syp,reddit,r/Ozempic,"Novo Nordisk suing compounding pharmacies? . Saw something recently about NN suing a couple of compounding pharmacies and a couple of spas that sell semaglutide because NN has trademarked semaglutide and nobody else can sell it legally. 

If NN wins, seems to me the compounding pharmacies would stop selling semaglutide rather than break the law.

Anybody have information about this?",2024-11-22,2,2,Semaglutide
1gx9r55,reddit,r/Ozempic,"Doctor recommended ozempic because of psych meds? TW eating disorders and mental illness. . I used to work a physically demanding job and be slightly overweight. I got injured while working and that made it difficult to continue my job. Eventually I had to leave it, almost a year ago now. I maintained the hope of getting back into my field but I'm going to require surgery and my chances of getting right back on the horse are basically none now. I sank into a very deep depression when I lost my job and gained 60lbs. That puts me firmly into the obese range, and losing weight without being able to exercise very much at all is very difficult. Excess weight makes my injury worse, which makes exercise harder, so I gained more weight, etc. I struggled with an eating disorder in the past, and my higher weight and limited diet are wrecking my mental health even worse. My doctor thinks I'm a good candidate for ozempic, because I've been struggling with weight loss and movement. Has anyone ever used it while having a history of EDs? I feel like it's such a tricky subject. He knows of my history, and he's worried about my mental and physical health. I'm also extremely worried about the side effects (namely blindness and cancer, wtf kind of side effects are those?) and I'd like personal opinions from people who've used it successfully to manage their weight until they're back at a healthier place. Happy to answer questions, thanks in advance!",2024-11-22,2,3,Ozempic
1gx9dpk,reddit,r/Ozempic,First shot today . So scared of possible side effects. So scared to keep living uncomfortable in my body. Praying im a lucky winner with minimal side effects because I need a change,2024-11-22,1,0,GLP-1
1gx97s8,reddit,r/Ozempic,"When a dr can no longer prescribe or insurance stops coverage. Hi - I'm curious, what are the scenarios when a doctor can no longer prescribe Ozempic?  

I'm seeing a lot of posts about the need for a maintenance dose, but the doc can't or won't prescribe, or insurance will no longer cover, or whatever.  But I thought that ozempic was intended to be a lifelong medication for those with T2 diabetes, so are they stopping it once A1C levels lower, are people's insurance no longer covering at that point, even though the diagnosis is still there?  I find that to be concerning.  

Or are these cases when people are on ozempic for medical reasons that are not T2 related?",2024-11-22,5,7,Ozempic
1gx82mr,reddit,r/Ozempic,"A1c down too much . Originally started ozempic because I needed something to surpress my appetite. The doctor recommended ozempic because it would do just that and lower my a1c which was at a 12.7
I had amazing progress with my a1c. With diet AND exercise it went down to 4.7, BUT this is too low for me. I could tell I was eating more to keep my sugars up but of course doing that I stopped losing weight. What is the work around to not lower my a1c as much? I lost maybe 25 pounds with ozempic. But I still have 30 more to lose and even with working out 5-6 day a week and eating around 1,500 calories I seem to have a very hard time losing and being a diabetic doesn’t help. I do track my calories, every single calorie. 
should I change medicine to something else that doesn’t lower my a1c? Should I stop working out but just watch what I eat to lose the weight? 
29, F, 181 pounds, 5’3",2024-11-22,1,21,Ozempic
1gx7611,reddit,r/Ozempic,"Hi, question the 1.5ml pen how many 0.25 dosis have?. Hi, preatty much that, just new here and was prescr a 1.5ml and to remain in the 0.25 weakly cuz im a fast responder, so the 1.5ml pen how many 0.25 dosis have? THANKS",2024-11-22,0,5,GLP-1
1gx70b0,reddit,r/Ozempic,"Taking my first ever Ozempic dose tomorrow!. i am starting my Ozempic journey tomorrow. i am 28F and my CW is 98kg (216lbs). I lost weight a year ago and came down to 88kg but couldn't continue losing or at least maintain it. I gain like crazy, like within 2 weeks i put on 5kgs and my labs are all normal. Ozempic is the only easy option now. 

Iam quite nervous thinking what if this didn't work for me. 

Please do give helpful tips and hacks.",2024-11-22,5,9,Ozempic
1gx6pd3,reddit,r/Ozempic,"Please help, looking to order from canada. Looking to order and ship to US but wanted to know if anyone has use northwest pharmacy. I do not want a compound or similar drug , I'd Also like to know what to watch out for/ how to ensure my mom is getting the legitimate prescription and that its safe for her to use. thanks in advance.",2024-11-22,1,5,GLP-1
1gx667d,reddit,r/Ozempic,Weight loss injections,2024-11-22,0,7,GLP-1
1gx4psl,reddit,r/Ozempic,"Should I Be On Ozempic? . Hello everyone. I am a 22 year old man and I weigh 300lbs (136Kg) and I am 6’1” (186cm). This puts my BMI at 39 (a BMI of 40 is “Morbidly Obese”). A recent blood test showed my A1C levels at 5.9 (which is considered pre-diabetes).  

I have tried a variety of methods to lose my weight in the past 2 years (keto, calorie deficit, etc.) but I was not successful. I try to be athletic, but my weight often limits me as I quickly run out of breath or my legs give out on me very quickly. 

I understand that Ozempic is a drug used for diabetes, but has weight-loss effects as well. I have been seriously considering taking Ozempic, and my doctor has told me that she has no problems prescribing the medication for me especially after seeing the results of my bloodwork.

Now, I understand that there are people out there that are actually suffering from diabetes and are in desperate need of a drug like Ozempic. 

My question is, do you think I should move forward with Ozempic considering my situation?",2024-11-22,24,43,Ozempic
1gx4hpy,reddit,r/Ozempic,"please-. please tell me the nausea/dizziness dies down eventually, im only on day 3 of oz but my god i can hardly go to the bathroom without nearly toppling over. I have prescribed zofran due to chronic nausea (actually just ran out) but even the zofran is barely helping with it. I haven’t been able to stand long enough to make peppermint tea yet but hoping as I continue to take the shot the nausea dies down 😭😭😭",2024-11-22,0,4,GLP-1
1gx3t3o,reddit,r/Ozempic,Side effect question please help. Hi everyone I just took my 1 mg shot on Saturday I’m on my third month my first two months I had no side effects but with this one couple days later I had alot of diarrhea like all water for two days has anyone else had that or did I get a stomach infection just wanna see if I gotta split my dosage or go back down thanks for the help plus side is I lost 6 pounds of water weight 😂,2024-11-22,1,10,GLP-1
1gx21z3,reddit,r/Ozempic,"Is my pen working. I have pcos and insulin resistance and was prescribed semaglutide. I used to just get semaglutude compounded in a syringe form but they started supplying ozempic to me instead, I saw there’s a window in the pen and I’ve used the whole 4 weeks worth of shots but it doesn’t look like the fluid in the window has gone down at all? I don’t feel like it’s working as since going on ozempic I don’t feel the effects nearly as much as the compounded stuff. Is it normal for the fluid to not change?",2024-11-22,0,16,Ozempic
1gx1njf,reddit,r/Ozempic,"First flow check with new pen and more squirted out than usual… is this normal?. I’m planning on checking with my pharmacist but I started a new pen today and when I did the flow check more squirted out than usual when I’ve started a new pen before. Usually the flow check for me was just a few drops. 

I searched but I couldn’t find a clear answer. Yes I just do the flow check once when I start a new pen and not with every dose. Just wanted to check if this happened with anyone else.

Any advice is much appreciated, reading this sub has been very helpful and motivating for me thank you to this community 🙂",2024-11-22,0,2,GLP-1
1gx12uq,reddit,r/Ozempic,"Recommendation for online Ozempic purchase?. In 2025, my employer insurance will no longer cover Ozempic unless I have diabetes. Sigh… I knew it was too good to be true forever. Any recommendations for a place to buy online? Thanks so much!",2024-11-22,0,1,Ozempic
1gx0ffy,reddit,r/Ozempic,"Down 20 pounds after 5 months! (Slower on purpose). I have PCOS and am in my early 40s, I've spent years eating well and exercising and had still been slowly gaining weight. Nothing worked. I was prescribed ozempic on the .25 dose and quickly realized it felt like too much. I went down to around .2 in a split dose (Sunday and Thursday), and I stayed there for a couple months. I've slowly been creeping up to .4, where I've been for a month and holding steady until my weight loss stops again. 


I had immediately dropped about 5 pounds of water weight but the rest has been coming off slowly, in fits and starts. I retain the water weight again around my period and then it quickly goes away and seems to take a bit more with it. I'm so grateful for HappyScale which tracks and evens out the graph for you so you can see the overall trend! 


I just wanted to share my celebration and say that slow weight loss is great in my opinion. Less risk of gallbladder issues or loose skin, less issue with malnutrition due to having zero appetite, basically no side effects except mild ones for a couple weeks on and off when I increase the dose. 


I track calories, prioritize protein and fiber, and drink enough water. I'm at the gym 2-3 times a week, mostly strength training. (This was all stuff I did prior to ozempic and couldn't lose the weight due to hormone stuff I'm guessing.) I have probably another 20-25 pounds to go and am not in any huge hurry aside from wanting to feel comfortable in a bathing suit this summer and finally fit back into the cute pants I wore in my 20s. I saved the best of them!",2024-11-22,16,1,Ozempic
1gx0dlb,reddit,r/Ozempic,Is anyone getting 2mg pens in Canada/Calgary?. Is anyone getting 2mg pens in Canada? I got my dosage upped recently but I heard if have to get 1mg pens x2 which would be over $500. Anyone? Thabk you in advance!,2024-11-22,1,6,GLP-1
1gwzxa0,reddit,r/Ozempic,"So so sick. I’m up all night tonight throwing up, pounding headache and haven’t been able to use the bathroom in line 5 days, I’m not sure if this is the medicine, the flu or some combination of both but no fever. I’m absolutely miserable and in pain. I’ve only been on it 5 weeks. I’m going to go to urgent care in the morning but idk yall did anyone experience stuff like this? I’m missing days of work from being so ill",2024-11-22,11,24,GLP-1
1gwzpzn,reddit,r/Ozempic,"little face gains. I don’t see much of a difference usually, but comparing my pics from July this year im slowly starting to see a difference in my face",2024-11-22,141,7,GLP-1
1gwxu3t,reddit,r/Ozempic,Used my pen three times and primed each time. . I thought i needed to prime it every time. I am now worried how much I may have wasted.  Should I contact doctor?,2024-11-22,0,6,GLP-1
1gwx0ba,reddit,r/Ozempic,Vitamins + Supplements?. I’ve been on this for just over a month. What are you all taking? I’m having some constipation issues and take a chocolate laxative every day but want to try and use supplements so this isn’t necessary anymore. I also am noticing my hair is coming out more and want to prevent that!,2024-11-22,1,0,GLP-1
1gwvzj0,reddit,r/Ozempic,"Where to inject and what to expect . Hi - great sub. I’ve learnt a lot. Starting my first dose of Ozempic this weekend. 0.25 mg. I get notoriously nauseous and sick so I’m very scared. Acute car sickness, sea sickness, medicine induced sickness and the works. So I am scared about Oz but let’s see. 

I have read that the thigh is a good spot to inject to reduce symptoms but lots of conflicting info as to exactly where to inject in the thigh. Can someone please explain precisely? Outer/upper thigh or inner thigh? I seem to be able to pinch my fat more easily in the inner thigh but don’t want any other complication. 

Also I’m 5ft3in. 145lbs. 40% body fat. Got insulin resistance. Is Ozempic a good idea for me? Goal is to reduce 20lbs and manage insulin.",2024-11-22,4,8,Ozempic
1gwvaoj,reddit,r/Ozempic,"I didn’t read the directions. Question I just started my 5th week and realized that when I click it to the line I am supposed to pressed the button for confirmation of the bubble . Correct? 
I have been turning to the line seeing what I think is the bubble NOT pressing button and then turning it until the doseage amount line then Jab myself and then press button until clicking stops. 
Can you guys confirm this? Also what does this mean ? What I mean is what is the reason we turn a click or two till the little line then press button and if all good continue turning till dosage? I noticed I bled a tiny bit when done however I switched injection to left side of body so maybe I just used more pressure then normal? 
Thanks so much for any clarification!",2024-11-22,1,12,GLP-1
1gwttlr,reddit,r/Ozempic,Took 1mg and can’t stop diarrhea . Hey everyone fair warning tmi lol I’m on my third month first month I did .25 second I did .5 and had no issues what’s so ever then Saturday I took 1.0 felt fine then Tuesday night I couldn’t stop going to the bathroom all night then Wednesday felt better but it started up again it’s at the point where it’s pure water and yellowish idk if I just have a stomach virus but wanted to get another opinion thanks so much,2024-11-21,0,1,GLP-1
1gwtfch,reddit,r/Ozempic,"Should I stay or should I go?✨TW✨ violent nausea and wishing for death. Have just finished my third week on 0.25mg and I’m not sure whether I should take my next 0.25 dose or quit now because there’s unlikely to be an improvement in side effects. 

I didn’t go into taking sema believing it was a cure all. I have always been committed to doing the work. 

I was expecting a bit of nausea and maybe a headache. WHAT I WAS NOT EXPECTING:

- VIOLENT VOMITING AND NAUSEA FOR FIVE DAYS AFTER EACH SHOT (on 8mg zofran 3 x per day and it doesn’t even touch the sides) I’m also prescribed generic hospital grade electrolyte sachets. I don’t think it’s possible to feel worse. The worst hangover mixed with salmonella 24/7.

-  CRIPPLING FATIGUE. I can not move from bed for at least three days after each shot. I can’t exercise as usual and struggle with basic movement since I started sema. I actually have high b12 in blood panel and good vitamin D, iron etc. 

- NO APPETITE SUPPRESSION. As in, though I’m violently unwell, I still feel a compulsive want for chocolate and sweets. 

Do I try riding one more week out or is it clear this medication isn’t for me? 

Would tirz be any better? Or is it likely going to be even worse… if that’s even possible.

I’m gutted. I was so ready to use sema as a tool, but I am at breaking point. I’ve missed so much work and I feel the worst I ever had in my life. 

Please let me know if you have any advice or relevant experiences!",2024-11-21,2,5,GLP-1
1gwt76b,reddit,r/Ozempic,Is hims good . They recommended compounded semiglutide is it good for weight loss ?,2024-11-21,1,6,GLP-1
1gws8io,reddit,r/Ozempic,"Tips for shifting injection day?. I’ve been on Ozempic for 12 weeks with good success so far (6.5kg down!). I am going on holiday for week at the end of December. Seeing as it’s a long flight (10+ hours) I would not like to bring my pen with me. My current injection day is Friday and I leave for my flight at 4am Thursday (so ideally would prefer to inject Wednesday night). I get home the following Thursday mid morning. 

What’s the best way to shift my injection time? Should I two weeks in advance change my day to Thursday, then the week after change to Wednesday? I don’t want to put my body into too much shock as it took my body a month to get used to Ozempic, and would like to give myself the best chance of having a relaxing holiday without any side effects!",2024-11-21,3,4,Ozempic
1gws4w6,reddit,r/Ozempic,"Adjusting to Ozempic/Insulin. I was diagnosed with T2 in Sept 2015. Tried to manage for 6 months but lost interest. Fast forward to July this year. I finally got good insurance. Higher than normal premium, but $0 copay $0 deductible $0 out of pocket. 

I decided to take my health seriously. Turns out I really screwed myself. When I first checked again my A1C was 12.6. And my blood sugar was like 350. It was bad. 

Fast forward to today, I’m on insulin, Ozempic, and metformin. My average blood glucose over the last 14 days is now 120. It didn’t really trend to this level until I got on Ozempic 13 days ago. But I often feel nauseous. 

I know that is a symptom of Ozempic. But part of me wonders if my body could be adjusting back to having “lower” blood sugar instead of an average above 250-300. 

Does that even make sense?",2024-11-21,1,4,Ozempic
1gwry2x,reddit,r/Ozempic,Big bruise from injection. I injected my thigh last night and the bruise started almost immediately. You can also see where I accidentally scratched myself with the needle. But anyone know what I did to cause the bruising? It’s never happened to me before. It’s about 24 hours later and the bruise is bigger than a quarter.,2024-11-21,1,4,GLP-1
1gwrhgr,reddit,r/Ozempic,"Tips and tricks for new user?. Hello!  My insurance just approved Ozempic for T2D and I will be starting it as soon as I get back from vacation.  I’m nervous about side effects and wondering what are some things you wish you knew before your first dose?  Is there anyone at a high SW (300+) that would be willing to share their weight loss?  I’d just love any and all information I can get.


Thanks in advance!",2024-11-21,1,3,Ozempic
1gwr5ex,reddit,r/Ozempic,"anyone else reach a plateau?. i started ozempic back in very early september, and when i first started, my weight SKYROCKETED down 11 pounds in the first few weeks, and as soon as I moved up to .5, my weight has not changed even slightly. If anything, ive been gaining weight. anyone else experience this? and did you have more luck after moving up doses?",2024-11-21,1,4,Ozempic
1gwqvks,reddit,r/Ozempic,Ozempic. Soooim just startin ozempic and feeling a little discouraged cuzzz I had a stroke prior to starting and is wondering if I WONT LOSE ANY WEIGHT if I’m not working out continuously and hard??? Helppp cuz I CANNOT WORKOUT at all like a normal person ughhh🥹🥹🥹🥹😅😅😅🥹🥹🥹🥹🥹I’d be happy if it was at the least 2 pounds a month or is that not possible either guysss be HONEST plzzz💔💔💔❤️‍🩹❤️‍🩹😭😭😢😢😢😢😢,2024-11-21,0,7,Ozempic
1gwqsn2,reddit,r/Ozempic,Can Ozempic make you feel sick I mean like violently ill? . Not trying to freak anyone out here whatsoever. My girlfriend took ozampic and a few weeks later she was very sick. The doctors can't explain it. The only thing that really correlates is just started taking this stuff. Has this ever happened to anyone else?,2024-11-21,0,8,Ozempic
1gwqpcl,reddit,r/Ozempic,"How can I stay on Ozempic forever? . I am female and in my early 20s. I gained a lot of weight in recent years and I was blessed with an amazing doctor who listens to me and prescribed me Ozempic. I’ve been on it for about 9 months and will be on it till I reach my goal weight. My doctor says that once I reach my goal weight, we will taper off of it with a maintenance dose. She says that because I’m younger it’ll be easier to keep the weight off and the reason she says that I should eventually get off of it is because of the potential future side effects/long term side effects. I’m scared to get off of it though. I hear people on here say that this is a lifetime medication for them and I would love if it could be the same for me. 

How should I discuss this with my doctor? Should I stay on it forever?",2024-11-21,27,55,Ozempic
1gwqk1c,reddit,r/Ozempic,"GLP-1 for food noise (but not weight loss?). Apologies if this has been posted before and delete if not allowed.

I have struggled with my weight and obsession with food my whole life into adulthood. In my mid-20s, I finally learned how to lead a lifestyle that worked for me, and lost about 45lbs (I’m short so it made a huge impact, taking me from an unhealthy BMI to a healthy one)

However, my food noise has never gone away. I’ve maintained my weight loss for over 10 years now, and yet every single morning I wake up thinking only about breakfast, then lunch, then dinner etc. I am not undereating - I just feel like my brain is wired to be obsessed with food and for the most part I try to ignore the fixation.

My partner is on ozempic and the biggest change she’s noticed is the total elimination of her food noise. She can stop eating when she’s full, she can forget a meal and not be too bothered. Meanwhile I’m willing myself with everything I have to not continue eating everything on the table even after I’m full.

Are there any cases of people using GLP-1s simply to eliminate food noise but at a low enough dose to not lose weight? I just worry I wouldn’t be qualified to get an RX since I’m at a perfectly healthy weight. But I wish I could be free of the food obsession 😭

Thank you!",2024-11-21,1,5,Ozempic
1gwq14g,reddit,r/Ozempic,"Stabbing pain when i breathe in deep?. Its right above my belly button, not sure if this is something to worry about but its pretty mild, just kind of uncomfortable.",2024-11-21,0,1,GLP-1
1gwq11r,reddit,r/Ozempic,"Pancreatitis and ozempic. I was on ozempic last year for few months and i losed good weight with mild side effects. I stopped it cold turkey which was wrong and i regained all the weight back. A year later “now” im thinking of restarting it but worried about pancreatitis, since i tried it before and i was fine. Should I be worried restarting again or all good?",2024-11-21,0,0,Ozempic
1gwpu2l,reddit,r/Ozempic,"Question about refrigerating Ozempic/Wegovy pen. I spoke to my doc today about my surprising response to Ozempic and also some of the side effects I'm experiencing and she wants me to drop my dose (which I'm very happy about). But that means the pen I have will last 16 weeks, and it's supposed to be used up in 8 weeks. 

The pharmacist said to just store it in the fridge and it will be fine, but she didn't know how many hours to leave it out of the fridge before I take a shot. 

Do any of you store your already-used pens in the fridge? Do you have advice on how many hours before I should take it out?",2024-11-21,1,13,Both
1gwpqvp,reddit,r/Ozempic,"Ive stopped losing.. 5'10"" sw:197 cw164 gw150
Hello friends I am currently on the max dose and have been for about 12 weeks now and for some reason I have stopped losing! I've been taking sema for almost 9 months and I was tracking everything. I hoped that I would be at 155 by December, but I have platued. Does anyone have any advice ? Maybe dialing back the dose a few weeks then returning to 2.4? I don't have a gym membership but I've been walking and eating less! I know the obvious answer is diet more and eat healthier, but with Thanksgiving and Christmas right around the corner I know I'll be eating plenty of hearty southern food. 😆",2024-11-21,4,7,GLP-1
1gwnybg,reddit,r/Ozempic,"2.5 Year update . Haven't been active much in this sub. But just wanted to throw out another success story. I have been off GLP1s since April 2022, currently 35 male, 185lbs at 13% body fat at my last DEXA. I continued to add muscle and lose fat over the last few years. I never had any rebound weight nor insane hunger. The biggest change I made was setting 1 big yearly fitness goal. Last year was to just finish a marathon, this year was to run 1,000 miles throughout the year. Next year is run a sub 3:30 marathon and have my big 3 lifts over 1000lbs combined. I am enjoying playing offense vs playing defense when it comes to weight loss.   
  
Also just want to reiterate that everyone's weight loss journey is different. Some people may need to stay on it for life, some for a few years, and some lucky people like me only a few months. I have clients and family members on it and think it's an amazing tool, and it's a personal decision how much/how long they want or need to take it. I also wouldn't hesitate for a second to go back on if I needed to (but I'd probably go the tirz or reta route). 

  
Nov 2024 - weight 185lbs, 13% body fat, 24 lbs of fat & 161 lbs of lean tissue.  
  
Original Update  
Feb. 1 2022- weight 206 lbs, 33% body fat, 66 lbs fat & 134 lbs lean tissue  
Apr. 21 2022- weight 175 lbs, 24% body fat, 41 lbs of fat & 128 lbs lean tissue  
Male, 33, 6 foot.  


**Interesting notes:**  
Of the 30.5lbs dropped, 24.5lbs was fat and 6lbs was lean tissue. I purposely didn't exercise because I wanted to see the muscle wasting number. Semaglutide does a pretty good job of preserving muscle.

Most of my weight lost was in the thighs, glutes, upper back. This is highly genetic so don't worry here.

Very little fat loss in the abdomen, only 2lbs. Also very genetic.

Overall very impressed with 3 months on semaglutide. Very excited to see the progress now that exercise is back on the table. My diet wasn't ultra clean either, I still had a weekly double bacon Shake Shack burger. I just ate until I felt full and stopped.

Hopefully this gives hope to everyone out there. We all have a different weightloss journey, but it's possible just give it time. Please don't compare timescales, we are all different and have drastically different circumstances. My life is pretty easy right now, so it was easy to focus on losing weight.",2024-11-21,6,4,Semaglutide
1gwnukl,reddit,r/Ozempic,"Giving up semaglutide 🤮. Used successfully for 3 months but last 3 weeks it’s made me so sick. From dizzy/fainting, extreme tiredness and the worse for me is the burps 😔 just binned what I have left. Lost over 30lb but can’t stand the side effects any longer 
Has anyone any tips to stop these horrible burps? Never smelled anything so bad in my life
Last dose of .5 was 6 days ago",2024-11-21,0,4,Semaglutide
1gwlon1,reddit,r/Ozempic,".5mg to 2mg. Hello,

I started taking Ozempic for weight lost (and entry level diabetic numbers), I have been on this Medication since June 2024 and have so far lost approximately 35lbs (280 to 245 lbs). I started with the .25mg for 4 week and then ramped up to .50mg for the remaining time. Recently my doctor has prescribed me with 2x 1mg pens each refill and the directions state 1mg twice/week (I assume 2mg pen isn't available in Canada?). In any case this seems like a big jump from .50mg to 2mg - would you agree? I have been on the highest dosage of Saxenda in the past but I worked my way up. Just trying to get some insight while waiting for my doctor to call me back. 

TDLR: Is going from .50mg to 2mg an extreme jump?",2024-11-21,1,10,Ozempic
1gwllhf,reddit,r/Ozempic,Sharing my wife's weight gain journey from 2018 to 2019,2024-11-21,1,1,GLP-1
1gwlb55,reddit,r/Ozempic,NSV (Ketones). I went to an appointment and my doctor mentioned that he saw a moderate amount of ketones in my urinalysis 😎. I used to use ketone sticks. It's nice to know you're in fat burning mode 💪🏽,2024-11-21,3,3,GLP-1
1gwky7o,reddit,r/Ozempic,"This is why you need a permanent maintenance dose.. Long story short, your body remembers that you were obese even after you have lost weight. It records this information about your previous heaviest weight into your adipose cells (the ones responsible for fat storage) as the goal weight to return to.

This is not a temporary situation that resolves itself after those cells die off and get replaced - the DNA is permanently altered and the new cells are created with the pre-programmed goal to become obese again. The information will be passed on to newly created adipose cells even several years after being thin on Ozempic.

In other words, you reach your goal with Ozempic and hit 23 BMI, then you stop and the weight starts climbing again as your body tries its best to regain all of the weight that it remembers you had before.

[https://www.nature.com/articles/s41586-024-08165-7](https://www.nature.com/articles/s41586-024-08165-7)",2024-11-21,329,204,Ozempic
1gwkvhw,reddit,r/Ozempic,"Switching injection site? . Do you find that switching the injection site actually worked in making the medicine more effective? 

I usually inject in my stomach but I’m starting to not find the medicine as effective.",2024-11-21,1,2,GLP-1
1gwksr7,reddit,r/Ozempic,"The Junk Food Industry's POV about Oz. * [Ozempic Could Crush the Junk Food Industry. But It Is Fighting Back. (Gift Article) : r/TrueReddit](https://www.reddit.com/r/TrueReddit/comments/1gw7th4/ozempic_could_crush_the_junk_food_industry_but_it/)
* [https://www.reddit.com/r/TrueReddit/comments/1gw7th4/ozempic\_could\_crush\_the\_junk\_food\_industry\_but\_it/?utm\_source=share&utm\_medium=web3x&utm\_name=web3xcss&utm\_term=1&utm\_content=share\_button](https://www.reddit.com/r/TrueReddit/comments/1gw7th4/ozempic_could_crush_the_junk_food_industry_but_it/?utm_source=share&utm_medium=web3x&utm_name=web3xcss&utm_term=1&utm_content=share_button)

(Trying to do a cross-post but not able, but the linked article is well worth reading!!)",2024-11-21,1,0,Ozempic
1gwkiko,reddit,r/Ozempic,"Fake Ozempic or wearing off?. I’ve been taking ozempic for 5 months and lost 30lbs picked up a new pen three weeks ago and increased my dosage to 1mg but I’ve noticed since starting that my food noise and appetite have raged back. I’m feeling like it’s not really ozempic because all the things I felt prior to starting at back, the hunger, urge to snack,  late night eating and it’s actually making me anxious and angry because I’m paying out of pocket.",2024-11-21,1,5,Ozempic
1gwkb4k,reddit,r/Ozempic,Help with syringes. i accidentally probably used two doses this morning (first time) bc i didn’t understand how to pull up 0.1ml since it seems so small. i’m trying to get needles that are the same size as insulin but with this kind of print but haven’t found any on amazon. any help? what type are these? need shorter needle.,2024-11-21,2,3,GLP-1
1gwjw3h,reddit,r/Ozempic,Plateau. How have you gotten over a weight loss plateau? How long did the plateau last?,2024-11-21,1,5,GLP-1
1h34uee,reddit,r/Semaglutide,I managed to over eat. Miserable. . Threw up everything; now I can’t stop burping. Anyone else been in this situation?,2024-11-30,5,12,GLP-1
1h34mws,reddit,r/Semaglutide,Down 41 lbs. I’ve been using semaglutide for 5 months and have lost 41 lbs. the only place I’ve noticed a difference is in my face. I have not changed pant or shirt sizes. Has anyone else had this problem?,2024-11-30,26,15,Semaglutide
1h34mnq,reddit,r/Semaglutide,Waist NSV. A major PCOS win!,2024-11-30,60,1,GLP-1
1h34lj4,reddit,r/Semaglutide,"is semaglutide right for me?. reaching out to see if anyone of similar size or background has had success or challenges on this drug. 
i’m somewhere around 165 lbs and 5’5” (female) with a history of disordered eating (anorexia in high school) that when i recovered from that i went from 110 to 165 in around 7/8 years of steady weight gain. i was pretty unhealthy and drank too much but didn’t see it as a huge problem.

in the past 3 years i’ve been going to the gym 3-5x per week- strength and cardio with some yoga occasionally- and been watching what i eat. i worked with a dietician over the summer who didn’t find huge faults with what i was eating and helped me focus on protein and portion sizes. i stopped drinking, no change. i lost about an inch off my waist but the rest has held steady. 

the way i see it i have 3 choices: accept my body as it is, fight myself on diet until i die, or try one of these new drugs that helps you eat less. 

i honestly never considered it because im not obese, but i’m tired of my ass being slightly too juicy for on sale jeans! and i honestly just want to do what it objectively best for me to live a long healthy life. 

i don’t hate my body, i love my life, but i’ve been wondering if this drug may be for me. obviously going to talk about it with my actual doctor but curious to hear personal accounts.",2024-11-30,0,6,Semaglutide
1h34eyc,reddit,r/Semaglutide,"Are you more accident prone or clumsy?. I saw another post about someone saying she was running into walls more often. But has anyone noticed being more accident prone or clumsy with their hands? Maybe it's just a coincidence, but I just completed week 2 and I feel like I'm dropping stuff more easily and 3 days ago, I cut my thumb quite badly while chopping vegetables. I haven't cut myself while preparing food since I was a teenager. I also haven't slept well lately (that's nothing new for me) so maybe I'm just extra tired. But I was just curious if anyone else has noticed this.",2024-11-30,1,6,GLP-1
1h33vz5,reddit,r/Semaglutide,"re-use needle . i was about to take my wegovy shot and stuck the needle in, but when i pressed to inject it nothing happened and i realized i forgot to turn the dose selector. i removed the needle, quickly turned to the dose and injected with the same needle (i don’t have any extras). has anyone done this before and know if it will be okay? i’m a heavy health anxiety girl and realized after the fact that maybe i shouldn’t have done that due to risk of infection.",2024-11-30,1,9,Wegovy
1h33e8o,reddit,r/Semaglutide,"Anyone else taking with Wellbutrin XL. Is anyone else taking this drug with Wellbutrin XL? All the literature from top to bottom states there’s no interaction, but I’m just not buying it. I’m on 450mg of Wellbutrin with 10 units of semaglutide, and the Wellbutrin just doesn’t seem to be working. Is anyone else having this issue?

My best guess would be it’s an issue with the extended release mechanism of the Wellbutrin being affected by the slower gastric emptying from semaglutide",2024-11-30,4,26,Semaglutide
1h33dmr,reddit,r/Semaglutide,"Good source?. Hi all,
I am about 15 pounds heavier than my goal weight and what I was last year. I have had a lot of trouble with overeating/emotional eating and not being able to lose weight even though I am very active. I want to try semaglutide but I doubt my GP would prescribe it to me as I am not technically overweight. (My goal weight would not make me underweight) how did y’all get prescribed semaglutide and is there a way to get it cheaply but safely? I don’t want to spend $300/month but that might just be the reality.",2024-11-30,2,15,Semaglutide
1h3346l,reddit,r/Semaglutide,Anyone have any side effects?. I have been prescribed Wegovy .25 mg. I’ve been skeptical in starting. Anyone have any out the blue side effects? Thanks for any info!,2024-11-30,0,1,Wegovy
1h32yui,reddit,r/Semaglutide,Semaglutide Tolerance break?. I've been on 7mg rybelsus since May 2022.  I went from 360lb to 206lb but since February i have noticed a significant increase in my calorie intake.  I have regained 25lbs since February 2024 and currently weigh 231 lb.  I have maintained the same exercise level and record my calories everyday.  I was wondering if anyone experienced that same effect and if you dd anythi g to fix it,2024-11-30,0,4,Semaglutide
1h32hjh,reddit,r/Semaglutide,"Think You Might Be Losing Weight Too Slowly on Sema?. That could increase your chances of keeping the weight off.

# We're starting to understand why some people regain weight they lost

*Changes to the structure of DNA within fat cells may be why it is often so hard to keep weight off after you have lost it.*

[https://www.newscientist.com/article/2456674-were-starting-to-understand-why-some-people-regain-weight-they-lost/](https://www.newscientist.com/article/2456674-were-starting-to-understand-why-some-people-regain-weight-they-lost/)

TLDR: 

>Around 85 per cent of people with overweight or obesity who lose at least a tenth of their body weight regain it within a year.  
...researchers sequenced a type of genetic molecule called RNA, which encodes proteins, in fat cells. They found that people with obesity had increased or decreased levels of more than 100 RNA molecules compared with people of a healthy weight, and these differences persisted at two years after weight loss.  
These changes seem to ramp up inflammation and disrupt how fat cells store and burn fat, both of which raise the risk of future weight gain...",2024-11-30,0,14,GLP-1
1h324qc,reddit,r/Semaglutide,"Why does hunger come back/never fully leave for some of us? . I started wegovy mid-july. I just took my first 1.7 shot today, last week was 1.5 (I had a 1.0 and a .5 leftover), and before that I did 1.0 for 2 months, .5 for 1.5 months and .25 for the first month. Maybe I'll feel differently once the 1.7 kicks in fully tomorrow but y'all, I can still eat and I'm worried it's just gonna get harder and harder to lose. I see so many people posting about being full after 3 bites and I'm like dude, wtf, that is so not my story. I still have to track calories. I'm down a total of 21 pounds and close to 25 BMI (I'm short, but did start at 30 BMI), but I absolutely wanna be THIN and I'm about 15-20 pounds from actual thin goal. 

Am I losing slowly? Am I a kinda low responder? What gives? I want the total lack of hunger some of you all are experiencing! 

For reference, I walk everyday, I lift a few times a week, I eat very little processed foods and I've been prioritizing fiber and protein for years. I lost 70 unassisted back in 2020 and maintained it, just couldn't lose anymore, which is why I decided to try WEGOVY. It's CLEARLY helped and I'm grateful but I'm like, scared it's not working as well as it should. 

Am I being silly? You can tell me if I am.",2024-11-30,11,11,Wegovy
1h31o0t,reddit,r/Semaglutide,Is Ozempic Putting An End To Bariatric Surgery? | Dr. Christine Ren-Fielding,2024-11-30,3,2,Ozempic
1h31mtv,reddit,r/Semaglutide,Diet. What does everyone eat on a daily basis?,2024-11-30,1,7,GLP-1
1h31d8x,reddit,r/Semaglutide,"I lost 30kg (~66lbs)!. [I am 22M, 176cm/5'77 by the way.]

Eleven months ago, I posted on here asking for advice on how to lose weight. I was a bit desperate: I had weighted myself on New Year's Eve, while on vacations, something I hadn't done in quite a while, and had found out (yes, found out) I weighted 136.5kg (300lbs). I knew I was fat, overweight, obese, etc., and I had always heard that, but I didn't thought I weighted that much—I knew I had gained continuously some weight due to a persistent depression in the last few years (and in fact, before it, I was just overweight, not grossly so), but in my mind, I still weighted 119kg (262lbs), like in 2021.

Well, on that day, and realising I wasn't that depressed anymore, I decided to try to lose weight. I started counting calories immediately, trying to be less sedentary. After I got back home, I started on Ozempic, which helped quite a bit—before it, it was very hard controlling how many calories I was eating, and all I could do was planning my next meal. I lost 20kg (44lbs) in the first five or six months, but the next ten were much more work—a bit because I wasn't that rigid for a month or two while I was on a plateau. I do confess I am a bit disappointed in myself: I sort of expected to be below 100kg (220lbs) right now, but 106kg (233lbs) is good enough, I guess. I also feel considerably more attractive and confident. But at the same time it is a bit disheartening to realise how even my family now treats me differently, now that I am slightly thinner.

Anyways. Progress/evolution pics: https://imgur.com/a/HP6BDT0",2024-11-30,32,11,Ozempic
1h312bb,reddit,r/Semaglutide,Can I still take my injection?,2024-11-30,1,0,GLP-1
1h30oj5,reddit,r/Semaglutide,How busy were museums today?,2024-11-30,1,1,GLP-1
1h30gtd,reddit,r/Semaglutide,GLP1 for 20lbs?. I’m looking to start Semaglutide (or tirz) and I have 15-20lbs max to lose. I am currently 138 and want to be 120. Has anyone gone through this type of weight loss or is going through it? I’m 5’2 and 37yrs old for reference.,2024-11-30,0,16,Semaglutide
1h2zs27,reddit,r/Semaglutide,Paying 950 for a vial,2024-11-30,1,0,GLP-1
1h2zq0b,reddit,r/Semaglutide,"Where do you buy?. My PCP told me she isn’t allowed to prescribe it because the prior authorization team is understaffed and it rarely gets approved. She recommended HERS but it’s out of budget. I’m not diabetic yet, but I am over 300 pounds and 23 years old. I want to use my insurance since I pay for it already but my dr won’t help me out there. Where do you buy and how much do you pay?",2024-11-30,4,63,GLP-1
1h2zkt2,reddit,r/Semaglutide,"What is the cause of Sema plateaus?. Is it that the body gets accustomed to the dose? Or something like starvation response and losing muscle?

I am mainly concerned about the body getting accustomed to the drug. That would tell me that maybe I shouldn’t go up to the next level.",2024-11-30,3,7,GLP-1
1h2yn1t,reddit,r/Semaglutide,Nausea 🤢. Any suggestions on how to deal with the extreme nausea?,2024-11-29,1,4,GLP-1
1h2yhe8,reddit,r/Semaglutide,"Federal employees: What's going on with BCBS in 2025? I'm getting conflicting information and need to know if I need to change insurance.. I found a few threads about this topic recently but the last one was 2 weeks old and I'm curious if anyone has some updated information. 

My wife happened to hear that Wegovy was going up in price with BCBS (we have Standard). I had no idea this was occuring. So I called BCBS and was told that, on the standard plan, it would cost me approximately $650 out of pocket in 2025. I also asked about the mail-order price I saw on their website ($125/84 day supply). **They said that mail-order will not be available for Wegovy.** I know there was a previous  thread that said mail-order would be available. I told them that I currently pay $25. They said that I should be paying over $300 and I should call my pharmacy to see how the price is $25.  

So I called my pharmacy. They said they don't have the 2025 pricing and can't get an estimate without new insurance. I asked how the price was getting to $25 so that I could see what the price would be with whatever coupon is that they are using. They said that they aren't applying a coupon so they aren't sure why the price is that low and suggested I call my insurance. When I told them I just called my insurance they suggested I call my agency. 

Anyway - I'm getting the run around. I'll call my agency on Monday but at this point I think I need to find another insurance carrier. Disappointing because I've had BCBS for literally my entire life and have otherwise been happy.

**A few questions:**

- Does anyone have any updated information from BCBS about Wegovy coverage?
- How is my prescription costing $25 without a coupon? 
- What coupons will be available in 2025 and will those coupons cover the cost of Wegovy?
- Which insurance is covering Wegovy at an affordable price in 2025?",2024-11-29,5,3,Wegovy
1h2xzwa,reddit,r/Semaglutide,"Dosing schedule interrupt - how to handle please.... Asking for a friend: His weekly injection is on Fridays.  He is unable to take medication with him on this trip - yes that is the easiest solution but in this case it is impossible apparently.

He is leaving on a trip on Tuesday December 3 late night and then coming back next Saturday December 14th. It looks like he will have to take a dose on Tuesday (just took one on Friday, so will be after 5 days); does this seem workable, or is there another way for him to keep up with his dosages? If he takes a dose on today (Friday), then another on Tuesday, and then the next one on the FOLLOWING Saturday, does this seem like a good idea?

Friday November 29 dose (just took)

Tuesday December 3

Saturday December 14

Is 10 days too long a space?  Is there a better way to make this work?",2024-11-29,1,2,GLP-1
1h2xmrd,reddit,r/Semaglutide,"Does it affect the kidneys?. Hi all. Thinking seriously about trying senaglutide, but I donated my left kidney 5 years ago, so I’m runnin with one working kidney. I can’t find anything on the internet that is definite about how it affects the kidneys and I’m scared to bring it up to my doctor for fear of rejecting the idea. Any thing you all know?",2024-11-29,0,4,GLP-1
1h2xddu,reddit,r/Semaglutide,"my semaglutide experience at 16-17. okay well let me start this by saying Ive turned 17 about 20 days ago and I'm clearly overweight I have tried many diets and stuff and I'm not gonna be a dumbass and blame it on the diet it's clearly my fault I didint have good consistency and lacked discipline and fell into temptations so I started researching sarms, anabolic steroids and stuff then I came across the beautiful wegovy semaglutide injection and wow how much it has done for me and I'm still on my first pen 💀 

I'm 17 168c-175cm ish 108kg kid well now I'm 103-102kg and Ive been going gym for about 8 months and sometimes I would really slack off and not go for months or weeks and it wasn't good but I had decent genetics good insertions and rapid muscle growth and strength gain. I was originally around 90-95 for a very long time then I slacked for a month or two and jumped up to 107-108kg and it wasn't good I tried starving my self it worked intially but the most stupid thing lost all strength and muscle but gained it back with maintenance diet and training it took me about 2-3 weeks then I went in for my blood test results I take bloods every now and then since it's free ( Australian Medicare) I only do it to check up on everything to make sure I'm healthy I mean it's free why not use it to my advantage I only do it every 3-6months and I was speaking to my doctor who semaglutide and he was warning me about the issues it can cause and side effects and he initially didint recommend it but after I explained my struggles he said it's up to me if I really wanna do it and I said yes and I do not regret it at all wow how amazing this drug is so I got my prescription then got my injection a few days later from the chemist and damn 250$ AUD is a lot for a monthly medication I wish Medicare covered it but it's like the only drug that's not supported by Medicare discounts and the first few days of my injection were absolute hell I got insomnia, nausea, dizzinessz, headaches, heat waves and worse I literally was ready to drop this drug after day 3-5 ish but I held through I would vomit so much on my first few days because my brain was used to eating what it usually does but the semaglutide triggered the glp¹ hoarmoans and caused a slower digestive system so I ate my regular food then half way my stomach is killing and then I go vomit I eat again and vomit and repeat this like 5 times before I realised to stop eating so my stomach can calm down and also to anyone who experiences these symptoms just avoid food for several hours and try drinking hot tea it helps sooth the stomach and relief it of sensitivity 

but yeah my experience has been good so far it was only the Begginng of the drug that was hard and it's really potent for me my next injection is in 2 days (Wednesday) and is my upped dosage of 0.5mg from 0.25 so I'm a bit excited to see how much stronger this will be since it's double and I know it won't be much of a difference since the body adapts to it and builds a tolerance but towards the end of my 0.25 I noticed it wasn't doing much at all and I would get frequently hungry more and more when before I could go 4 days without eating before realising oh shit I need to eat otherwise my body will burn my muscles instead of fat but now I have gone back to gym and I've been on a carnivore diet Ive basically been eating eggs and steak all day and sometimes, mangos, banana and so on but no processed carbs at all since they convert to glycogen

I'm just so confused how people loose 8 pounds (3.4ish kg ) after like 5 months, like what the fuck that's crazy honestly that's not worth it if your gonna loose 8 pounds I remember walking into my doctor's office and telling him I lost 6kg and bro lost his shit and before anyone comes at me saying it's muslcs it's definitely is but not a majority maybe a few 100 grams because my arms and legs and chest have been more lean and defined more then ever and my progression hasn't stopped one bit 

I can't wait to see my results after 5 months or so I'll probably come back here and do a edit about it and if you guys want edits just upvote it I'll do weekly or monthly reports on everything my diet symptoms weight loss and more!",2024-11-29,1,1,Wegovy
1h2xd0y,reddit,r/Semaglutide,NSV - Favorite concert tee!!. I am able to wear my favorite concert tee shirt again after 10 years of it sitting in my closet! 10 years! I’m glad I didn’t throw this one away like everything else in its size!,2024-11-29,57,7,GLP-1
1h2x5rj,reddit,r/Semaglutide,"First Semaglutide Injection—Feeling Nervous! Any Advice?. Hi everyone,

I just took my first semaglutide injection (prescribed at 0.10 ml), and I’m feeling a mix of emotions—mainly fear and excitement. I’ve been reading up on it but still have so many questions.

How long does it typically take before you start feeling any effects, either in terms of side effects or benefits? I know it’s a lower starting dose, but I’d love to hear your experiences.

I’m also panicking a bit because I’m not sure what to expect. If you’ve been in my shoes, what advice do you have? Are there things I should or shouldn’t do to make this journey smoother?

Thanks so much in advance! I’d really appreciate hearing your tips or reassurance.

— A very nervous newbie!",2024-11-29,4,36,Semaglutide
1h2x5e6,reddit,r/Semaglutide,"First Semaglutide Injection—Feeling Nervous! Any Advice?. Hi everyone,

I just took my first semaglutide injection (prescribed at 0.10 ml), and I’m feeling a mix of emotions—mainly fear and excitement. I’ve been reading up on it but still have so many questions.

How long does it typically take before you start feeling any effects, either in terms of side effects or benefits? I know it’s a lower starting dose, but I’d love to hear your experiences.

I’m also panicking a bit because I’m not sure what to expect. If you’ve been in my shoes, what advice do you have? Are there things I should or shouldn’t do to make this journey smoother?

Thanks so much in advance! I’d really appreciate hearing your tips or reassurance.

— A very nervous newbie!",2024-11-29,0,5,Semaglutide
1h2w74u,reddit,r/Semaglutide,"Thanksgiving guilt. I’m 3 weeks in and have had minimal side effects, thankfully. 

BUT. 

I’m having big feelings about eating a full plate of food yesterday and a piece of pie. Is this common? I’ve lost 4 pounds in 3 weeks (yay, a little progress) but am feeling way more guilty than I probably should be, right now.

Pre-Sema I’d have these feelings too but it’s like I’m finally making changes and feel like I’m self sabotaging. 😔

How do y’all reset when you have these mental setbacks?",2024-11-29,20,21,GLP-1
1h2vdiw,reddit,r/Semaglutide,"43 lb loss. Need new clothes… on sema for 8 months. Starting weight 181, current weight 137.7. Im 5’8! Surpassed my goal weight",2024-11-29,944,121,GLP-1
1h2v922,reddit,r/Semaglutide,3 Stone Down - Semaglutide . I started this year at 17stone 4lb. I lost 2 stone through eating and exercising and soon went back to old habits!! I gained 1 stone back and struggled to get back on it !! I’m also a Coeliac and was eating gluten like it didn’t affect me! I started the injections September 9th 2024 and I have since lost 2 stone! Totally my yearly loss to 3 stone!! 12 weeks on the injections! Patience is key! Not many side effects! Only sulphur burps when I eat steak! So I avoid steak! And I did have sore skin for a day or two! I started my dose low and slow!!,2024-11-29,170,4,Semaglutide
1h2v53r,reddit,r/Semaglutide,"Anemia and Sema? . Hello, I’m anemic and wondering if anybody else is and has been on Sema.   I get heart palpitations when my ferritin is low but I also get them on sema at higher doses.  I got off the last year and want to get back on but unfortunately my anemia is back and nervous I get double whammed with my heart.",2024-11-29,1,4,GLP-1
1h2unbp,reddit,r/Semaglutide,I had the worst time with Semaglutide. . I took Semaglutide for a month and within that time I gained 15lbs. I felt poisoned and lethargic and 3 days out of the week my exhaustion made it hard to get anything done. I gained about 6 inches in my waist and my water retention was horrible. Within a week my energy has returned and my terrible swelling is finally going away. A month of my life wasted feeling extremely unwell and bigger than ever. There was no appetite suppressant affects or anything. It just felt like I was taking poison. Diet and exercise without medication is definitely the better option for me.,2024-11-29,0,11,Semaglutide
1h2u7x4,reddit,r/Semaglutide,"Recommended supplements?. What supplements do you recommend to help boost the sema/weight loss?

Or any supplements to help with other things?",2024-11-29,1,4,GLP-1
1h2sss6,reddit,r/Semaglutide,Splitting a compounded pill,2024-11-29,1,0,GLP-1
1h2s5on,reddit,r/Semaglutide,"When did you start to feel less hungry / fuller quicker on Semaglutide?. 

[View Poll](https://www.reddit.com/poll/1h2s5on)",2024-11-29,5,4,Semaglutide
1h2s4ds,reddit,r/Semaglutide,Received my GLP-1 from Strive today!,2024-11-29,1,1,GLP-1
1h2rer9,reddit,r/Semaglutide,30 pound difference!. Have never felt better!,2024-11-29,414,37,GLP-1
1h2rafo,reddit,r/Semaglutide,"Not losing weight, should I switch to something else. SW 159 CW 151.6 GW 140 I  (66 yo) started my journey with Semi at the end of July. I just took my fifth shot of 2.4. I started gaining weight in my 50s (I had been 140 lbs for the longest time). As a result of my weight gain, I started having spinal problems, so I began to exercise (moderately) and went on a fasting diet. This didn't help.

When I started on Semi, I also started counting my calories. I realized I had been eating under 1,000 calories daily, often only 600. I was told that my calorie deficiency could have caused my weight gain or my inability to lose weight, so I started to eat more calories, between 1,000 and 1,200 per day. I am fortunate that I didn't gain weight with the added calories, but still, I seem stuck at 151 lbs (for almost two months).

Should I change brands or stop altogether? It costs $450/month. Has anyone changed brands and found them more beneficial? My current provider does not offer another brand, so I must find one online, too.",2024-11-29,2,20,GLP-1
1h2qpmo,reddit,r/Semaglutide,A few questions. I am debating on starting but I had some questions. I heard it slows bowel movements i already have slowed bowels has anyone with slower bowels started and found a big difference? Is there a way to prevent or help it? Next question if anyone was ever on contrave vs semaglutide can you tell me if sema was better for weight loss? Next question is for women on hrt if you are on it and estrogen replacement did it mess with your levels. Thank you guys for your time.,2024-11-29,2,4,Semaglutide
1h2qbsb,reddit,r/Semaglutide,"Lost only 9 pounds in the first month. Sadly I hear people lose more but I only lost 9, perhaps better portion control but I barely eat at all

SW: 238 CW: 229 5,1",2024-11-29,0,10,GLP-1
1h2q8lf,reddit,r/Semaglutide,"Sema losing potency over time? . I've used a 4 mg pen for about three months, taking 18 click each time (0.250 mg), but I feel like the last injections don't have quite the same effect as the first ones. The pen was stored in the fridge, has this happened to any of you?",2024-11-29,1,5,GLP-1
1h2q458,reddit,r/Semaglutide,First Timer waiting on script! Any advice? Thank you!. Waiting on my semaglutide injectable script delivery. First time user. Any advice or suggestions would be greatly appreciated. A little apprehensive of lethargy and nausea.,2024-11-29,0,4,Semaglutide
1h2piw0,reddit,r/Semaglutide,Where in the thigh are we supposed to inject?,2024-11-29,3,10,GLP-1
1h2oan8,reddit,r/Semaglutide,Dosing after taking a break. I’m starting up after taking a 3 week break. Scared to go straight in with my previous dose. Anyone else been in a similar situation and how did it go for you?,2024-11-29,1,6,GLP-1
1h2moyc,reddit,r/Semaglutide,"Can you stock up?. There’s tons of Black Friday deals, would it be safe to stock up? I know some companies send out up to three months at a time, so it has to be good for a while right?",2024-11-29,5,6,GLP-1
1h2mmx5,reddit,r/Semaglutide,Birth control spotting?,2024-11-29,1,0,GLP-1
1h2mfwv,reddit,r/Semaglutide,"More nauseous as shot wears off?. I’m finishing my first week at 0.25mg. My second shot will be tonight. I didn’t feel nauseous the first few days, but the nausea is getting significantly worse as the week goes on. Is this normal? Anything I can do to help mitigate it?",2024-11-29,3,8,GLP-1
1h2m9ug,reddit,r/Semaglutide,Soo… how was Thanksgiving?,2024-11-29,24,81,GLP-1
1h2lxjz,reddit,r/Semaglutide,On my 6th mo and stuck at only 25lbs loss. . Do any of you have a meal plan or advice that made you drop the weight fast? Feeling frustrated 😩,2024-11-29,0,10,GLP-1
1h2la8r,reddit,r/Semaglutide,"Thanksgiving Ugh. I ate a normal amount of food, for a normal person, much less than I would have in the past but much more in one sitting than I have been eating recently (I'm on 1.0 mg). Nevertheless, it was TOO much! We were done eating by 8:30 and I went to bed around 10:30, only to wake up 3 hours later with horrific heartburn. Ugh. Lesson learned.",2024-11-29,13,5,GLP-1
1h2kje2,reddit,r/Semaglutide,Obesity drugs & Medicare. The White House announced a plan to enact widespread coverage of anti-obesity medications for Americans on Medicare and Medicaid. https://www.msn.com/en-us/health/other/biden-administration-adds-weight-loss-drugs-to-medicare/ar-AA1uYG20?ocid=sapphireappshare,2024-11-29,7,1,GLP-1
1h2jk0y,reddit,r/Semaglutide,"Anyone else disgusted by any and all food. I have been a slower responder. Down 15 pounds since July which I’m very grateful for. My current dosage is 1.5mg but I dropped 6-7 pounds in the last 2.5 weeks because I was sick and in bed and food was just not appealing. I could hardly eat more than one or two bites of literally any food before I am completely disgusted by the food. Once I recovered from my cold and still had zero energy to workout or even live day to day life, I knew it was most likely due to not eating enough. I decided to skip a dosage this week since it was Thanksgiving and I REALLY wanted to be to enjoy just a small amount of my favorite foods. It’s been 10 days since my last shot and I could hardly stomach one bite of mashed potatoes on Thanksgiving. It’s not that I feel physically sick, just that food has lost all appeal/taste. I plan to maybe lower my dosage a bit but just wondering if anyone else has been completely turned off to any and every type of food and what you did to break past it. I feel like when I forced it too much, I ended up nauseous or vomiting. How do I make food appealing again?",2024-11-29,6,5,GLP-1
1h2iqid,reddit,r/Semaglutide,"Should I start over at .25 if i haven't taken any in 6 months? . I moved so I had to pause my treatments but I'm ready to get back on. 

I was on 2mg before I stopped.",2024-11-29,1,7,GLP-1
1h2i8d9,reddit,r/Semaglutide,"To start or not to start?. I was supposed to start my semaglutide shots today, but I’m not sure I will. I have had a cold for the past three weeks. It starts to get better, then comes back strong. Right not it’s sitting in my chest. I’m going to an urgent care facility later this morning to see if they’ll give me something. 

I don’t want to start the shots if I’m not feeling so good. I might not be able to tell the difference between side effects or my cold. And I have no idea of antibiotics are effected by the semaglutide, or vice versa.

Has anyone been on a course of antibiotics when starting their shots?",2024-11-29,1,3,Semaglutide
1h2g8he,reddit,r/Semaglutide,"Dosing up and feeling super sick . So I went from .25 to .50 two weeks ago. It was a huge jump. I’ve heard .50 is supposed to be the dose you work towards and then stay at? Good god it made me so so sick. I double checked then triple checked that i was reading the RX right and that id be pulling the right amount. Especially because when I initially started with sema I misread the instructions and took twice the amount I was supposed to start with. Needless to say I was sick as a dog. So I dose as prescribed this time around at my new number and it made me as sick as I was on day one. I was so scared that I honestly skipped last weeks injection. Today I went with .35
Has anyone gone through something similar? I know I need to reach out to Doc but telehealth with zealthy seems kinda cut and dry. Just looking for community feed back at this point. Also I’ve only lost 10lbs and it’s been three months 😪 I know the scale vs what my actual figure looks like and the way clothes fit are all very different indicators but the little worm in my head is still not happy",2024-11-29,2,7,GLP-1
1h2e2p3,reddit,r/Semaglutide,"Tips for beginners?. I finally got over my anxiety and asked my doctor to go on semaglutide and he was so supportive! I'm getting bloodwork tomorrow to figure out if my prescription will be ozempic or wegovy. I've been reading a lot and doing a lot of research, but would love to hear from anyone any tips they have for beginners. Supplements to take, anything!",2024-11-29,1,2,Both
1h2dxr9,reddit,r/Semaglutide,"How was your thanksgiving?. I ate way less than I normally do at holiday dinners. I did not try to avoid any specific foods, I just stopped when I felt full. 

They kept trying to give me leftovers to take home but I politely declined. I feel like it was super easy to just eat small amounts of the foods I like and skip the rest. 

What were your results? How do you feel about it?",2024-11-29,39,58,GLP-1
1h2drs3,reddit,r/Semaglutide,Semaglutide is human growth hormone.. So I have read many articles the advertisements everything possible and it nvt mentioned that is hgh like bodybuilders use.  I'm curious did the doctor make anyone aware of this,2024-11-29,0,39,Semaglutide
1h2cor1,reddit,r/Semaglutide,"Huge difference between 1.0 & 1.7. Hi friends! I wanted to know if anyone else noticed a huge difference in efficacy between 1.0 and 1.7? I stayed around the same weight (losing about 0.5-1.0 lbs per week) for the last 4-6 weeks. So far I’ve lost 20 lbs, but starting this week, the second week of 1.7, I have been eating way less & dropping weight fast. I did a mid-week weigh-in and am already down 3 lbs from my Monday weigh-in. 

While this drug has always been working, it’s like it really started WORKING now.",2024-11-29,3,6,GLP-1
1h2cm08,reddit,r/Semaglutide,"Injected arm for 1st time. Four months in, I injected my arm for the first time yesterday after a month of stagnation. 

I slept an extra 6 hours this morning waking up around noon! Not hungry at all feel a bit nauseous flat and breathing is heavy. I’m still so tired. 

Day three of my bleed too. 

Someone tell me this is normal?",2024-11-29,2,2,GLP-1
1h2c0fz,reddit,r/Semaglutide,"Thanksgiving. First year in over ten years I've worn a size medium dress, ate a reasonable amount for thanksgiving dinner, felt this comfortable in my skin- not worried about ppl making comments on my weight or how I look negatively. I just felt HAPPY.",2024-11-29,63,4,GLP-1
1h2brct,reddit,r/Semaglutide,"Is it ok to take dose every 2 weeks rather than weekly?. I moved up to the 1.0 dose 6 weeks ago and it’s been so effective that I’m struggling to eat more than 800 - 1000 calories a day. While I’m losing weight very rapidly I know that it’s not really a healthy way of doing it, and not getting enough calories I’m concerned about a lack of nutrition and losing muscle mass and not getting enough vitamins and minerals. I’m also sure it’s not sustainable. Has anyone had a similar experience or tried delaying each dose?",2024-11-29,4,7,GLP-1
1h2bpi5,reddit,r/Semaglutide,Maintenance? . Hi friends! I’m about 10 pounds from my goal weight. I am getting nervous about what happens once I get there with shortages being removed.  I am getting my meds currently from SkinnyRx and they have been great. Does anyone else use them? Will I get to. A point where they cut my meds off or just stop increasing me? I am nervous about spending all this time and money and regaining.  Thanks for any info.,2024-11-29,1,5,GLP-1
1h2bp0w,reddit,r/Semaglutide,4 months apart. Can’t believe how far I’ve come already… I’m so happy with my results.,2024-11-29,1101,155,GLP-1
1h2bog2,reddit,r/Semaglutide,1st holiday on sema 😭. How did y’all fair today?… I ate like 1/4 of my plate - 2 bites of dessert and 1 sip of a Dr. Pepper. It was kind of depressing 😂 but I’m down 25 pounds in 12 weeks so trying to keep perspective! 😍 but I do love all the sides I missed 😭,2024-11-29,5,11,GLP-1
1h2bmws,reddit,r/Semaglutide,"Not hungry until I eat. Just wondering if anyone has experienced the same thing, I’m at the end of my 2nd week on .25 I take my 3rd dose tomorrow night.. I’m 9 lbs down so not complaining by any means..

But it’s weird I can pretty much go all day with out eating or even wanting to eat, but as soon as I do eat it’s like I can’t stop.. I feel like I get full a little faster, but also feel like its still to much food to get me full and once I break my fast I stay hungry the rest of the day",2024-11-29,2,2,GLP-1
1h2bl51,reddit,r/Semaglutide,This Thanksgiving v.s. Last Thanksgiving difference,2024-11-29,177,2,GLP-1
1h2bkie,reddit,r/Semaglutide,Switching to Tirz. I’ve been on Sema for 9 weeks down 15 pounds. Plenty of side effects; some days worse than others. Since Mochi decreased the price of Tirz I’m thinking of switching. Should I stick it out? I’ve got loads of excess sema. If I’m honest I’d love less side effects but would be interested in faster loss. My telehealth doc recommended the switch I of course can’t help think it’s just for the higher price.,2024-11-29,1,1,GLP-1
1h2bgx5,reddit,r/Semaglutide,Having a hard time seeing a difference . I lost 31lbs but I feel like I look the same. Is is body dysmorphia?,2024-11-29,170,79,GLP-1
1h2b6my,reddit,r/Semaglutide,Finally hitting me. . This is my first full day after getting to 1mg and I’m finally starting to understand what others have been talking about. I’m sitting here feeling slightly sick after eating half of what I used to eat. At .25 and .5mg I never had a single side effect. If I wasn’t confident about my clinic I would have wondered if my injections were legit. 😂 I’m writing this for all the slow starters. Hang in there! I’m confident the weight loss will come next. Healthy habits and the gym. I’ll update with my next weigh in.,2024-11-29,22,7,GLP-1
1h2b53g,reddit,r/Semaglutide,"Eli Lily weight loss Study. My doctor told me about a study that was happening with Eli Lily and a new drug similar to semi, and all the other shots out there currently. Has anyone heard of it or done any research on it? Just curious to see if anyone else knew anything about it.",2024-11-29,5,14,GLP-1
1h2adxp,reddit,r/Semaglutide,Appetite returns if you don’t increase dosage? . Hey yall! Started out pretty good on 0.25mg for the first 2 months then went to .5mg min three. I lost about 20lbs in that time. Then stagnated months 3-4 at .5. And didn’t lose any weight and felt a lot hungrier most of the day. I just upped to 1mg. Just curious about y’all’s experience with plateaus and amounts you eat when not increasing dosage?,2024-11-29,5,4,GLP-1
1h29eg0,reddit,r/Semaglutide,Thanksgiving . Who else ate just the turkey and skipped everything else?,2024-11-29,2,15,GLP-1
1h28fyv,reddit,r/Semaglutide,Best Time of day for shot?. Hi all! Happy Thanksgiving! Taking my first shot tomorrow. I was wondering if there was a good time of day to take it. I was thinking of morning but I see quite a few people saying at night  to sleep through side effects. Can anyone share their experiences with morning shots? How long does it take for side effects to show up?,2024-11-28,3,23,GLP-1
1h27w33,reddit,r/Semaglutide,"NSV. Couldn't finish my delicious homemade chocolate cream pie. Get to save rest of my slice for later.. This is wild. I made literally the best pie I've ever made, a chocolate cream pie, topped with homemade whipped cream. A true custard-based chocolate cream pie. It called for tempered eggs as part of the recipe. I HAD TO TEMPER THE EGGS, y'all. And I wasn't even able to eat half my slice! I'm excited to eat the rest of it later. This would never have happened in the past and pre sema, I'd probably have pounded down half the pie, easily. The change in the mental mindset is just so wild. 

Stats: Currently on 1mg, down about 11-12 pounds (it's been fluctuating a little bit); I do think I may have lost more fat than that but still holding onto water as my clothes are feeling bery comfortable. Started September 21st so it's been about a pound per week. Definitely doing the slow but steady thing.  

Symptoms overall not bad. Some fatigue. I take multivitamin, liquid IV daily and sometimes I get some heartburn, but not too bad. Need to be more vigilant about measuring myself and doing weights.",2024-11-28,27,1,GLP-1
1h27oip,reddit,r/Semaglutide,"Before and after of my thanksgiving plate today (vegan). Corn on the cob I had half of, 1 sprout, a few carrots, some gravy, had all of my Mac and cheese, had 4 roasties, and a bit of homemade seitan roast. This medication is life changing.",2024-11-28,13,8,GLP-1
1h27dhm,reddit,r/Semaglutide,I ate only half 😂 Happy Thanksgiving 🦃🍽,2024-11-28,172,28,GLP-1
1h26pv5,reddit,r/Semaglutide,Buying peptides in Spain or Morocco?,2024-11-28,1,0,GLP-1
1h26n3a,reddit,r/Semaglutide,NEVER want to eat. Help?,2024-11-28,1,0,GLP-1
1h25wp3,reddit,r/Semaglutide,"Scared to start because of side effects but I have Pcos/hypothyroid/high BMI. Hey everyone! I keep reading scary side effects and am so nervous to start because I am not diabetic, HOWEVER. I do have thyroid issues, pcos, sleep apnea, and high bmi. I have gained a lot of weight even tho I eat normal and I would literally walk miles a day and not even lose a pound, was anyone else nervous to start and are glad they did?",2024-11-28,0,14,GLP-1
1h25t62,reddit,r/Semaglutide,Thanksgiving. Ate about 3000 calories less than I used to on Thanksgiving. Don’t even have to unbutton my pants. Haha Happy Thanksgiving Fam!,2024-11-28,24,7,GLP-1
1h25emc,reddit,r/Semaglutide,"Dr more than doubled my weekly injection?. Hi all! I had been taking 20 units every 7 days for a month. and my doctor told me to take 50 units every 7 days, starting today. Does this seem like a huge jump? I’m only on month 3, so I’m not too sure. Would love some input!

(Thanksgiving aside, I’m working all day & not worried about celebrating)",2024-11-28,1,2,GLP-1
1h258tx,reddit,r/Semaglutide,"Progress. Hit the 100lb mark!!! 100lbs down and feeling amazing. 

SW: 225lbs
CW: 119lbs",2024-11-28,196,14,GLP-1
1h23lt4,reddit,r/Semaglutide,"This seasons flu and semiglutide . I haven’t seen a ton posted about this so I thought I’d just share my experience in case anyone else has gone or will go through the same thing. 

I came down with whatever version of the flu is going around this year exactly a week ago today. I am someone who has always been prone to nausea and vomiting more easily than other people but somehow I believe the combo of semiglutide on top of it has really done a number on my body. 

I started the experience with an entire day of throwing up and coughing when I haven’t thrown up once since I stared taking my shots. Since then my fever is on and off, chest pain, body aches, coughing and barely being able to keep anything down all the while sick to my stomach on top of everything. It’s subsided as of yesterday but damn if that wasn’t one of my worst flu experiences ever.",2024-11-28,2,2,GLP-1
1h23geq,reddit,r/Semaglutide,Access to semaglutide/liraglutide for PCOS in Australia (help),2024-11-28,1,1,Semaglutide
1h239hb,reddit,r/Semaglutide,Switching to Semaglutide if Tirzepatide compounding ends?,2024-11-28,1,0,Semaglutide
1h21lkr,reddit,r/Semaglutide,"No desire to attend Thanksgiving . Anyone else feeling like they just can't attend Thanksgiving this year?  IDK if it's my seasonal depression or because I'm finally seeing weight loss that being around all that food makes me sick to my stomach- literally.   Like so much fear to be around food and worry of how sick it will make me before even eating it. 
I woke up in a funk, headahce, stomach uneasy.   None of which I have had at all in the 3 weeks I have been on the medicine. In fact I was starting to think that the medicine was helping with my depression and anxiety but today I feel like I've been hit by a truck 

Please tell me I'm not alone :/",2024-11-28,0,7,GLP-1
1h21dc1,reddit,r/Semaglutide,"Is this how semaglutide feels, or placebo?. I'm on day 2 and I am taking it sublingually each day, so I've had 2 doses.  I know some people feel effects immediately and some take weeks to feel the effects. But this morning after I ate a small breakfast, I ate part of a banana and couldn't finish it because halfway through, I felt like I'd eaten a quarter pounder, it didn't feel ""right"" to eat the rest of the banana, it felt unpleasant when I swallowed the fist part of it. It was just like a feeling of ""this is unnecessary.""",2024-11-28,4,15,Semaglutide
1h21d8w,reddit,r/Semaglutide,"Vomiting sent me to the ER on Thanksgiving . I did a 20 unit injection yesterday and was throwing up nonstop, couldn’t even keep water down. Got an iv bag and anti nausea meds and now heading home. Idk if I wanna keep this journey, it was a little scary. The doctors said this has to run its course and not much they can do other than anti-nausea. I had been doing 15 units before and didn’t really feel anything bad but wow this was pure torture. I’m supposed to cook for my family for thanksgiving today and I just canceled it all still sitting here in the ER room. None of my family knows I’m on semi and think I have a bad virus.",2024-11-28,8,55,GLP-1
1h20mnj,reddit,r/Semaglutide,"Suddenly craving sweets and junk food. Have been on medicine for 4.5 months  . I started this wonderful medicine 4 1/2 months ago and all of the food noise has gone away. It has been amazing. I’ve lost 25lbs. When I first started, I had absolutely no appetite and I’ve been pretty much forcing myself to eat. The last few days I’ve noticed such as today. I just downed like 10 Oreos. And over the last week, I’ve been craving more and feeling more hungry - this has been on the 1 mg dose. I finally decided to up the dosage as I was stuck on a standstill weight for a month. In October, I actually missed a week since I was traveling and didn’t take it. Not sure if that messed me up. I still have 1 mg left in my other dosage bottle so I don’t know if I should just start taking the 1.7 this week or the 1 mg this week and then next week start the 1.7. I definitely want to be able to enjoy Thanksgiving food without only eating a tiny bit at the same time…. I ended up switching the day from Tuesdays to Thursday/Friday so I don’t know if that’s why I’m suddenly more hungry and craving sweets. 
Any advice is appreciated!",2024-11-28,4,7,GLP-1
1h20mgp,reddit,r/Semaglutide,"Semaglutide for nicotine addiction - what do you know? . I have an appointment in December to discuss Semaglutide with my GP. I am T2 Diabetic but actually need Semaglutide for a separate health issue.

I have heard that a side effect of Semaglutide can help you with Nicotine addiction. That the drug is not specifically for this purpose but a happy coincidence. 

Does anyone have any experience of this? Or can anyone confirm this is total rubbish?",2024-11-28,4,25,Semaglutide
1h20btt,reddit,r/Semaglutide,"Weight Loss injections story, not to be ignored.",2024-11-28,0,6,GLP-1
1h1zxsq,reddit,r/Semaglutide,RO. Does anyone get there Zepound on RO? I want to look into but just making sure it’s safe,2024-11-28,2,3,GLP-1
1h1zwnl,reddit,r/Semaglutide,"Semaglutide injections . Hi everyone, I was doing sema injections for 4 months. Last Saturday was my last one because I couldn’t continue because of the anxiety.. My question is how soon I can start getting Berberine ? Ps before the injections I was taking Berberine.",2024-11-28,1,9,Semaglutide
1h1yslp,reddit,r/Semaglutide,I am finally in ONEderland!!. I really cant believe my eyes haha i havent been below 200 since 2012. I started this journey around 240 in February. It has been very slow but consistent. In July i was stuck around 220 so i switched to tirz and been working amazing with no side effects,2024-11-28,308,17,GLP-1
1h1ylgl,reddit,r/Semaglutide,Progress report . 42 pounds down. Started in July.,2024-11-28,184,8,GLP-1
1h1y51j,reddit,r/Semaglutide,"No one cared about my health when I was obese. Now that I'm losing weight, people are scared I am damaging my health?. I was obese from depression and PTSD and only now that I'm losing weight are people asking about my health. Nobody cared about my health when I was depressed, drinking too much, or too scared to leave the house.  Why do they only worry about my health now that I am losing weight?",2024-11-28,342,62,GLP-1
1h1xcyk,reddit,r/Semaglutide,"Taking a break because not as effective. I’ve been on sema for a year and the last month, the effects have been noticeably not the same (even the constipation stopped).  I can’t complain as I’m 60ish pounds down but I still have more to go.  It’s just too expensive for it not to be effective 

My GP suggested going on metformin for a month and the restart at .5.  Anyone have any experience?  My next step would be trying tirza but I’m trying to avoid that since it’s even more expensive",2024-11-28,2,4,GLP-1
1h1x5ju,reddit,r/Semaglutide,"Anecdata: 1 month 3.0 mg oral semaglutide (Rybelsus) for anxiety. Inspired by some recent findings on association between semaglutide and anxiety, I discussed and received a prescription for Rybelsus from my doctor. After 1 month on a 3.0 mg dose, my daily anxiety is significantly reduced: ~2 pt reduction on 14 day moving average on a 7 point scale self assessment scale, completed nightly). This change seemed to set in 1-2 weeks after beginning treatment.

Of course, there could be a placebo effect, though I have pursued several other promising treatments without a noticing difference.

My interest in the potential of semaglutide stemmed from my experience of anxiety, which I experience as located in or driven by my gut. I get “butterflies in my stomach”, a “churning sensation”, and trembling/weakness in my arms, which precede or coincide with mood/affect symptoms. Given (particularly oral) semaglutide’s potential mechanisms of action in the gut, I thought it may be worth trying.

I have also unsurprisingly experienced weight loss. Another confounding factor is that I have adhered to a weight lifting routine during the period I have taken semaglutide (though I started a few weeks before). The weight lifting has been another intervention to help manage anxiety.

Other interventions I have tried: CBT, citalopram, oxazepam, venlafaxine, in addition to ongoing weight lifting and semaglutide. I anticipate increasing the dose to 7.0 mg this coming month.

Sample studies on semaglutide and anxiety:

1. de Paiva IHR, da Silva RS, Mendonça IP, de Souza JRB, Peixoto CA. Semaglutide Attenuates Anxious and Depressive-Like Behaviors and Reverses the Cognitive Impairment in a Type 2 Diabetes Mellitus Mouse Model Via the Microbiota-Gut-Brain Axis. J Neuroimmune Pharmacol. 2024 Jul 23;19(1):36. doi: 10.1007/s11481-024-10142-w. PMID: 39042202.

2. Miller A, Joyce B, Bartelt K, Deckert J. Most GLP-1 Medications Correlated with a Lower Likelihood of Anxiety and Depression Diagnoses. Epic Research. https://epicresearch.org/articles/most-glp-1-medications-correlated-with-a-lower-likelihood-of-anxiety-and-depression-diagnoses. Accessed on November 28, 2024.",2024-11-28,4,3,Semaglutide
1h1x3e0,reddit,r/Semaglutide,What company to go with - currently on 0.75mg. Hey all- trying to increase my dose and find a cheaper provider. Currently overpaying  clinic to do weekly injections. Looked at orderly and seems like they want to start me at 0.25mg dose again? Anyone have any experience with them?,2024-11-28,2,6,GLP-1
1h1wgt1,reddit,r/Semaglutide,"Diarrhea?. I just started semaglutide last week. As of today I’ve been having nonstop diarrhea. Nausea daily, but this diarrhea has started today. It’s really bad… I haven’t had any constipation yet though. Is this normal? Should I be concerned?",2024-11-28,1,13,Semaglutide
1h1veyu,reddit,r/Semaglutide,Has anyone had any experience with Remedy Meds?,2024-11-28,1,1,GLP-1
1h1umyd,reddit,r/Semaglutide,"Pescatarian Protein. I’m really struggling to get enough protein.  I am getting most of my protein from tofu, beans, and nuts.  I want to start eating more fish but I am very picky about quality when it comes to seafood and it can get very expensive to buy it from places I trust.

Where are people finding very clean, frozen, affordable seafood?

I would also love recommendations for vegetarian protein powders and/or bars.

Thank you all so much!!",2024-11-28,1,14,GLP-1
1h1tz2a,reddit,r/Semaglutide,"Sharing a Summary of Dr. Mike's Latest Podcast: Is Ozempic Putting An End To Bariatric Surgery? | Dr. Christine Ren-Fielding. ***Get the full summary*** [here](https://app.getrecall.ai/share/a7201bef-f541-5e7d-a7d4-0de848e03438)***.***

# Intro [(00:00:00)](https://www.youtube.com/watch?v=xycL2kqg5is&t=0s)

* Bariatric surgery, which involves cutting off 80% of the stomach and reconnecting the GI system, may seem barbaric at first, but it can extend a person's lifespan by over 10 years [(00:00:11)](https://www.youtube.com/watch?v=xycL2kqg5is&t=11s).
* Dr. Christine Ren-Fielding is a pioneer in bariatric or fat loss surgery and the chief of bariatric surgery at [NYU Langone Health](https://en.wikipedia.org/wiki/NYU_Langone_Health), where she has helped transform lives through innovative life-saving procedures [(00:00:30)](https://www.youtube.com/watch?v=xycL2kqg5is&t=30s).
* Dr. Ren-Fielding has been at the forefront of advancing surgical techniques for weight loss and will be discussing various aspects of bariatric surgery, including what it is, who needs it, and the challenges of getting insurance coverage [(00:00:41)](https://www.youtube.com/watch?v=xycL2kqg5is&t=41s).
* The conversation will also explore whether [GLP-1 receptor agonist](https://en.wikipedia.org/wiki/GLP-1_receptor_agonist) medications, such as Ozempic, will make fat loss surgery a thing of the past [(00:00:51)](https://www.youtube.com/watch?v=xycL2kqg5is&t=51s).

# Set Point Theory [(00:01:06)](https://www.youtube.com/watch?v=xycL2kqg5is&t=66s)

* Bariatric surgery has been around since the 1960s, if not the 1950s, yet many people are still unaware of it or fear it due to misinformation and judgment about obesity and weight loss [(00:02:06)](https://www.youtube.com/watch?v=xycL2kqg5is&t=126s).
* The judgment surrounding bariatric surgery often stems from the idea that people are taking the easy way out or cheating instead of losing weight through diet and exercise [(00:02:28)](https://www.youtube.com/watch?v=xycL2kqg5is&t=148s).
* However, for individuals who are morbidly obese, diet and exercise alone are statistically unlikely to result in significant and sustained weight loss [(00:03:05)](https://www.youtube.com/watch?v=xycL2kqg5is&t=185s).
* The human body is not designed to handle excess calories, as it has historically been exposed to famine, disease, and starvation, making it more prepared for storage mode rather than burn-off mode [(00:04:50)](https://www.youtube.com/watch?v=xycL2kqg5is&t=290s).
* As a result, the body does not know how to self-regulate weight when exposed to too many calories, and the set point can only go up [(00:05:29)](https://www.youtube.com/watch?v=xycL2kqg5is&t=329s).
* The rise of obesity and type 2 diabetes as health epidemics has exploded over the last century, with sugar only entering the human vocabulary in the early to mid-1800s [(00:04:28)](https://www.youtube.com/watch?v=xycL2kqg5is&t=268s).
* Historically, there were very few cases of type 2 diabetes, with only three documented cases in the scientific literature in 1847 [(00:04:22)](https://www.youtube.com/watch?v=xycL2kqg5is&t=262s).
* The body's inability to manage excess calorie intake and correct for it is a key factor in the difficulty of losing weight and maintaining weight loss [(00:05:25)](https://www.youtube.com/watch?v=xycL2kqg5is&t=325s).
* The human body has a set point for weight, which tends to increase over time but never decreases, making it challenging to lose weight and maintain weight loss [(00:05:34)](https://www.youtube.com/watch?v=xycL2kqg5is&t=334s).
* When the body gains weight, it adjusts to the new weight as its normal state, and calorie restriction can be perceived as starvation, triggering the body to slow down its metabolic rate and decrease calorie burning [(00:05:52)](https://www.youtube.com/watch?v=xycL2kqg5is&t=352s).
* The food industry contributes to the difficulty of losing weight by providing convenient, high-calorie foods that are not satiating, making it hard for people to stick to calorie restriction [(00:06:38)](https://www.youtube.com/watch?v=xycL2kqg5is&t=398s).
* The body's set point does not reset to a lower level even after significant weight loss, as evidenced by patients who have kept 150 pounds off for 20 years but still experience weight regain [(00:07:28)](https://www.youtube.com/watch?v=xycL2kqg5is&t=448s).
* People who have never been obese have stable fat cells, whereas those who have been obese have empty fat cells that the body strives to refill, making it harder to maintain weight loss [(00:08:23)](https://www.youtube.com/watch?v=xycL2kqg5is&t=503s).
* The concept of fat as its own organ with hormone receptors and influence on hormones to keep itself alive is relevant to understanding weight regulation and the set point theory [(00:08:44)](https://www.youtube.com/watch?v=xycL2kqg5is&t=524s).
* Increasing muscle mass through exercise and weight loss may play a role in combating the set point theory, as it can affect body composition and potentially influence the body's weight regulation [(00:09:02)](https://www.youtube.com/watch?v=xycL2kqg5is&t=542s).
* An experiment from the 1950s found that when men who had lost weight through calorie restriction regained weight, their bodies regained enough weight to replicate their pre-diet body composition, suggesting that the body strives to maintain its original weight and body composition [(00:09:44)](https://www.youtube.com/watch?v=xycL2kqg5is&t=584s).
* Muscle mass is a driving force for the body to regain weight, as the body tries to regain its muscle balance or muscle mass after significant weight loss, such as after surgery [(00:10:05)](https://www.youtube.com/watch?v=xycL2kqg5is&t=605s).
* Encouraging patients to do weight resistance exercises after surgery can help build muscle mass, which may improve metabolic health and keep them independent for longer [(00:10:18)](https://www.youtube.com/watch?v=xycL2kqg5is&t=618s).
* There is no conclusive study that proves increasing muscle mass or replacing it will prevent weight regain, making it essential to approach this theory with caution [(00:10:31)](https://www.youtube.com/watch?v=xycL2kqg5is&t=631s).
* Exercise and building muscle mass can have various benefits, including improving certain metabolic factors, keeping bones stronger, and maintaining independence, but its impact on weight regain is unclear [(00:11:02)](https://www.youtube.com/watch?v=xycL2kqg5is&t=662s).
* The topic of calories in and calories out is relevant to the discussion of weight regain and muscle mass, highlighting the complexity of weight management [(00:11:20)](https://www.youtube.com/watch?v=xycL2kqg5is&t=680s).

# Calories In / Calories Out [(00:11:24)](https://www.youtube.com/watch?v=xycL2kqg5is&t=684s)

* The concept of ""calories in, calories out"" is considered a truth, but its application in real-life situations can be influenced by various factors such as cravings, behavioral issues, and life stressors [(00:11:33)](https://www.youtube.com/watch?v=xycL2kqg5is&t=693s).
* Certain calories, particularly processed carbohydrates and glucose, can make it easier to gain weight, especially in individuals who have lost weight through calorie restriction, surgery, diet, or medications [(00:12:33)](https://www.youtube.com/watch?v=xycL2kqg5is&t=753s).
* Glucose is more efficient at making people gain weight due to its biochemical properties, hormonal reactions in the body, and the ease of overeating, leading to cravings and behavioral changes [(00:13:09)](https://www.youtube.com/watch?v=xycL2kqg5is&t=789s).
* In people with insulin resistance, such as those with polycystic ovarian syndrome, glucose can cause a rapid rise in blood sugar, followed by a drop, leading to cravings for more glucose or foods that turn into glucose [(00:13:49)](https://www.youtube.com/watch?v=xycL2kqg5is&t=829s).
* Lowering high glucose levels to a normal range can cause some individuals to feel unwell, almost experiencing hypoglycemia at a normal glucose level, as their bodies are not used to the new normal [(00:14:27)](https://www.youtube.com/watch?v=xycL2kqg5is&t=867s).
* Artificial sweeteners, despite having zero calories, can alter the gut microbiome, making the body more efficient at processing glucose and potentially increasing weight gain with processed carbohydrates [(00:15:01)](https://www.youtube.com/watch?v=xycL2kqg5is&t=901s).
* Swapping sugary drinks with diet versions can be viewed as a risk reduction method, but it is essential to consider the potential effects of artificial sweeteners on the body [(00:15:40)](https://www.youtube.com/watch?v=xycL2kqg5is&t=940s).
* While artificial sweeteners may have negative effects, they can still be a better option than consuming high amounts of sugary drinks, and the exact mechanisms of how they interact with the body are not yet fully understood [(00:15:50)](https://www.youtube.com/watch?v=xycL2kqg5is&t=950s).
* The discussion revolves around the idea that some health experts on social media are making claims that are not entirely backed by scientific evidence, such as stating that artificial sweeteners are 10 times worse for you than real sugar [(00:16:44)](https://www.youtube.com/watch?v=xycL2kqg5is&t=1004s).
* There is a lack of long-term studies on the effects of artificial sweeteners, preservatives, and gums found in certain foods, making it difficult to determine their impact on weight and overall health [(00:17:25)](https://www.youtube.com/watch?v=xycL2kqg5is&t=1045s).
* The focus on these unproven claims can shift a person's attention away from more effective methods of weight loss, such as a balanced diet and regular exercise [(00:18:03)](https://www.youtube.com/watch?v=xycL2kqg5is&t=1083s).
* The concept of ""calories in, calories out"" is still true, but certain types of calories can affect the body's absorption and behavior, adding a layer of nuance to the idea [(00:18:34)](https://www.youtube.com/watch?v=xycL2kqg5is&t=1114s).
* Moderation is key when it comes to consuming foods with artificial sweeteners, preservatives, and gums, as the long-term effects of these substances are not yet fully understood [(00:17:10)](https://www.youtube.com/watch?v=xycL2kqg5is&t=1030s).

***Full Disclosure****: This summary is incomplete. You can get the full summary* [here](https://app.getrecall.ai/share/a7201bef-f541-5e7d-a7d4-0de848e03438) *or click on any of the time links above to access the YouTube video.*

Yes! You can also make your own summary using this [chrome extension](https://chromewebstore.google.com/detail/recall-summarize-anything/ldbooahljamnocpaahaidnmlgfklbben) and filter out clutter.  
Get the info you need the most from podcasts. 🙂",2024-11-28,6,1,Ozempic
1h1tqhq,reddit,r/Semaglutide,"sudden nausea . i have been on sema since june and i’ve been at .65 for a while. tried to go up last week to .7 (for the second time bc the first time it made me sick so i stayed on .65 for a while) but this week i went back to .65 *for obvious reasons* and suddenly im throwing up in the mornings, like waking up suddenly, feeling nauseous, projectile, then the nausea goes away and this morning it came with diarrhea too.. it happened twice last week and twice this week so far (i do my shots on tuesday, for reference it is thursday) 
any ideas why (bc ive been on it for so long at this point)",2024-11-28,1,3,GLP-1
1h1qv68,reddit,r/Semaglutide,"HELP. I just took my fourth injection of .25 semaglutide , the first 2 weeks I had appetite suppression but the last 2 weeks not so much , I’ve had no side affects at all . Does anyone know when you move up a dose , does the medication get stronger . Although I do get fuller faster I was really enjoying the appetite suppression. I still feel snacky all through out the day . I’ve lost about 7 lbs within this first month. ￼",2024-11-28,0,3,Semaglutide
1h1qqj5,reddit,r/Semaglutide,"I love being on sema. No cravings
No hunger
No food noise
No impulsive decisions
No inner struggle to eat something healthy
No constant need to replenish my dopamines with food
More energy
More focus
Less anxiety
No racing thoughts

It’s just my third week on it and I’m already in love how I feel day to day. 

I’ve been on a high dose of Zoloft for over a year and never felt as good as I feel right now.",2024-11-28,91,27,GLP-1
1h1pleg,reddit,r/Semaglutide,"I feel super motivated!. I just lost 6.5 lb in a week, even tough i had a slow start in the beginning; this is my 4th week. Lost 15.4 lb from the start, im in awww that it works soo well i already feel a lot better. 

Im eating 1-1.2k kcal / day and trying to do it the healthiest way possible. 

Feeling super hyped.",2024-11-28,9,6,GLP-1
1h1pahh,reddit,r/Semaglutide,Questions to ask. Have my new patient consultation soon. What questions do I need to ask the Dr before starting injections?,2024-11-28,2,1,GLP-1
1h1p2x3,reddit,r/Semaglutide,"“I feel full thanks”. What’s up with plate watchers? Is it really so interesting to notice how much food I have on my plate and how much I’ve eaten and comment on it? 

I got asked twice by my grandma and then my MIL two separate times different days “have you eaten enough?” “You hardly ate” “you have to eat more”

Like fuck off, I am way over weight. Why are you watching my plate? I want to say “are you watching how much I eat”

But instead I take their words and try to remember they are just being motherly. Just how I worry if my baby is eating enough. I check in with my body and say what I feel which is usually a chipper “yeah! I feel full, thanks!!” And it’s on with the day.",2024-11-28,65,29,GLP-1
1h1p2me,reddit,r/Semaglutide,"Week 3 - Day 2. It just turned midnight where I am, so Happy Chicken and Ham Day.  🐓🐖
If you’re still stuck in the past, then Tuesday, the 26th was my birthday.  👶🏾🎂

I fucked up, y’all!
I was doing so good that first week!!!
Then I got cocky, and guess what my scale said to me yesterday…
Got me standing there looking like Pikachu.  😮
I only lost 1.8 lbs this week, y’all!
Which, I guess is still okay, but on my birthday, I was like 2 lbs skinnier than this, and what do I have to show for it?!
I didn’t even get no dang cake or likka!  😭

So, for all y’all that think you can keep eating junk and lose weight, YA CAIN’T.  😓
I unintentionally made myself the test dummy for y’uns.
You’re welcome.

Today’s the start of a new week though.
I need at least 3 lbs off of me!",2024-11-28,3,5,GLP-1
1h1o3uq,reddit,r/Semaglutide,"New all time low weight!. New all time low weight today! I have officially made it into the 230s from 306lbs! I decided to start a youtube channel when I started this journey back in August at my peak weight. I haven't posted anything yet but I've been vlogging weekly since I started knowing the day would come that I can make a results video. I think im gonna start editing my first one and post it this weekend. For anyone interested in joining me it's gonna be IronDadFitness on YouTube. I am going to say now I will never be selling programs, training, supplements or anything at all. This is strictly for me to share my progress leading up to the transformation show and marathon I'm gonna do next year. I'll keep yall posted when I finish the first video which will cover august-november but I'm waiting to get my Dexa scan on November 30th so I can make the most recent update!

https://youtube.com/@irondadfitness?si=qasGaZ1qxr6ST71E",2024-11-28,362,21,GLP-1
1h1ns6s,reddit,r/Semaglutide,Is it bad if I delay my shot for Thanksgiving?. It would only be delayed by 24 hours. I usually do my shot on Wednesday nights (tonight) but I’m thinking about doing it on Thursday night so I can actually eat for Thanksgiving lol,2024-11-28,6,35,GLP-1
1h1nrco,reddit,r/Semaglutide,"Increasing dose by increasing volume?. I think I may have been being stupid. My doctor put me on .25 of Sema to take weekly. The pharmacy instructed me to take 13 units. After 5 weeks, I emailed my doctor to ask if I should increase to .5. Her response was along the lines of, “I have sent in the script for .5” Considering that, I thought I had a green light so I thought I could simply double the amount I take - to 26 units. Now I’m suspecting that I might have misunderstood how this stuff works… have I done anything harmful to myself?",2024-11-28,0,11,GLP-1
1h1nof7,reddit,r/Semaglutide,"What dose did your food noise change? . I’m a couple days from my 6th shot (.5). I have had some food suppression (nowhere near what I expected), and lost a couple pounds. My daughter is home from college, so I made our family’s favorite meal. Tonight the food noise is SO LOUD!! I cannot stop thinking (and doing, a couple times) about wanting more. While I’m not terribly full, it’s not an actual hunger. I think this is the part I was most worried about, and I fear it won’t subside at all, and ultimately lead to self sabotage.  Curious if anyone experienced this, and eased the noise on another dose. Thanks for any feedback!",2024-11-28,1,5,GLP-1
1h1n30a,reddit,r/Semaglutide,"Question. So I’ve been on semaglutide for about 8 weeks total. My issue is I skipped 4 weeks due to unforeseen circumstances, so, I’ve really only been taking it for 8 weeks. I will also contact my nurse practitioner that prescribed it to me to get this question answered, but just wondering if anyone else had abruptly stopped and if you were to start back up would you start back at the dose you started at? I didn’t go up to my 1mg dose. My last dose I was supposed to take was .4mg and then move up to .8mg the week after. Kind of confusing post lol but basically I want to take it tonight or tomorrow and am not sure if it would be safe to just do the .4mg after not taking it for 4 weeks or to just wait on what my NP says. TY in advance! :)",2024-11-28,1,1,Semaglutide
1h1mtb2,reddit,r/Semaglutide,"Anyone gone down a shoe size?. Maybe wishful thinking…. I’d love to go down a shoe size.

Since kids, I’ve gone from a size 10 to a size 12 shoe. So hard to find my size, a lot of brands seem to end at 11-",2024-11-28,32,52,GLP-1
1h1mk3w,reddit,r/Semaglutide,"Starting sem… BEST advice you got!?. Hello! 

I took my first shot on Friday, 11/22. I want to get everyone’s best advice for starting and continuing with sem. I want to achieve the best results as far as weight loss. Is there anything that you live or die by, when it comes to this new path?? Help a girl out! 

Thank you!!!",2024-11-28,0,15,GLP-1
1h1lvod,reddit,r/Semaglutide,"Do you feel like you see yourself correctly? . I have a best friend who is more like a sister. She knows me better than anyone. 

She is now concerned about my weight loss 😔. 
I'm upset because something great is happening in my life and I'm so proud of it. I don't want it to be viewed negatively. I want to celebrate it. 

I bought a size 26 jeans..! Equivalent to a size 0/2.
My body is looking so good that it's hard to accept that it's me. 

But regardless of my issues in dealing with this newfound stuff, I just assumed that my friends would be stoked. 

But my closest friend wants me to stop. I am trying to decipher what her feelings are. It's likely a mix of seeing someone you know look completely different/possible health concerns/possible jealousy? 

Her friendship is so important to me, but we're all human. I don't  know what her concerns really are. I'm not underweight. I just...don't know. I don't know how to navigate her feelings as well as honoring my own achievements. 

I'm approx 116lbs but I'm 5'0. I will never be underweight. 
I'll admit that I now look very lean. I guess it's just how my body carries weight. I'm happy here but I'd rather be closer to 110lbs.

I'm so damn sad that something that I am so happy about, and so proud of, is now being looked at negatively by my closest friend. 

I don't want anything to come between us. I adore her. 

Ugh, I guess this is a rant. But I just don't even know how to really feel about this, since logic is out the window...",2024-11-28,9,45,GLP-1
1h1llp5,reddit,r/Semaglutide,Switching from Triz to Sema. Has anyone switched from Triz to Sema? I am currently on 10mg of Triz and have lost 20lbs. I am wanting to switch to Sema due to pricing. I have nothing but good news to say about Triz. Please share your experience switching from Triz to Sema .,2024-11-28,1,12,GLP-1
1h1k0pi,reddit,r/Semaglutide,"Tracker question. Hi! I'm using this tracker - thanks to this community! I have a couple of questions, and couldn't get access to the link for that from the tracker. 

* What does ""Offset (days)"" mean?
* What's the difference from toggling between ""Accumulate"" and ""Compare""? The results look the same to me (I'm using a short duration of time, maybe that's why).  

Thanks for creating this awesome tool!",2024-11-28,1,2,GLP-1
1h1jz00,reddit,r/Semaglutide,Is it losing effectiveness?. I’ve been on Rybelsus since March 2023 and have been overjoyed with the results (down 50+ pounds and stable at about 200 pounds). Lately for some reason it does not seem to be diminishing my appetite and I’m not sure why but I’ve gained a few pounds and it’s frankly starting to freak me out. Has anyone else experienced this? It seems like anxiety diminishes its effectiveness and I have been dwelling pretty hard on the election which could be it but I’ve always been worried that it would eventually lose its effectiveness like most drugs do.,2024-11-28,4,6,GLP-1
1h1iz4n,reddit,r/Semaglutide,"Ozempic side effects and lack of progress. Hi everyone,

I started Ozempic in June, and while I’ve lost 5-6 kg, my weight hasn’t changed since September. Recently, I’ve been dealing with side effects that have me worried.

Since late October, I’ve experienced **blurry vision** that started suddenly after a workout class. At first, I thought it was tiredness or low blood sugar, but it hasn’t gone away. My doctor and ophthalmologist think I might just need glasses, but the blurry vision isn’t constant and seems to worsen after a dose. When I skipped a dose, my vision improved, but it became blurry again after restarting on the second week.

I’ve also noticed lower energy and even lately feeling forgetful (eg forgetting my building’s door code, which I use daily) . Now, I’m even feeling mentally less alert, which is alarming.

The weight loss results haven’t met my expectations, and these side effects are making me consider stopping. However, I’m scared of regaining weight if I stop now. I was hoping I would get some results eventually, specially when I log into the sub and see all the amazing results. 

Has anyone else experienced these side effects? What would you do in my situation?

Thanks for any advice!",2024-11-28,1,2,Ozempic
1h1itgn,reddit,r/Semaglutide,"What’s the mood for thanksgiving tomorrow , tomorrows shot day for me so I should be ok lol. 
what’s everyone’s plans or advice for thanksgiving ? Happy holidays !🥰",2024-11-28,10,51,GLP-1
1h1iqxa,reddit,r/Semaglutide,PA with normal BMI to switch to Wegovy?. My insurance now covers Wegovy (semaglutide). I’ve gone from a BMI of 32 to 24 paying out of pocket for semaglutide with a local clinic. I believe it’s a matter of time till the clinic can no longer obtain their supply.  Have others been able to get the ins PA in this scenario or am I SOL unless I regain weight?,2024-11-27,1,2,Wegovy
1h1ioe5,reddit,r/Semaglutide,"4lbs away from my goal weight . I’ve shifted the goal post for myself since beginning weight lifting and seeing the weight come off slower. I’ve been stuck in the 190s for a couple months but I’ve been looking different. I told myself I’d be happy at 175 but I hit 189 this past weekend and I’m feeling good about where I am. It’s incredible to see how this medication has changed how I see myself. 
I’m going into the new year under 200lbs for the first time in 2 years",2024-11-27,1034,36,GLP-1
1h1hcza,reddit,r/Semaglutide,"Do you have to wait a solid 4 weeks before increasing dose?. I’m anxious. And I don’t want to wait. I took my first dose last night. 0.25mg 
I don’t feel any different. Still eating so much. Food noise is untouched. 
Next week I want to just bump up to the next dose. Is that too quick? What would be the consequences of going up too quickly?",2024-11-27,0,36,GLP-1
1h1h8qn,reddit,r/Semaglutide,"No Changes ):. Hi everyone! I just took my first dose of sema last week (0.25) and so far no side effects!… with that being said I don’t notice any change either. My eating habits are the same and I don’t feel any less cravings than before. I know it’s so soon into my journey and I shouldn’t be expecting much but I can’t help but think if I’m just not the right candidate for semiglutide. 

Anyone have a similar experience and then start losing weight with a higher dose?",2024-11-27,0,4,GLP-1
1h1gdb4,reddit,r/Semaglutide,"Is this unhealthy?. I’m on my first week of semaglutide and I’m down 10 lbs already. I feel fine and no side effects, but it just seems like a lot to lose.",2024-11-27,0,8,Semaglutide
1h1figm,reddit,r/Semaglutide,"First month update + opted to not increase dose. Hi All, just thought I'd share. SW 158, CW 144, GW 125(?) 5'3 Female. In week 5 now, still on 0.25.

First month I lost 14 lbs. For how much weight I am trying to lose in total I think this was a little fast. Not that I'm complaining! I just think I need to focus maybe on eating more to slow it down a bit, especially eating more protein. I want to be sure I am not undernourished or deficient in anything while losing. I have experienced significant reduction in food noise. Now I sort of have to focus on ensuring I eat, and that it's actual healthy food, not just a handful of chips. Making this choice is easy now though, I just have to intentionally make a small meal a few times a day otherwise I would skip it entirely without noticing.

First few weeks I had some side effects, a little gagging upon drinking coffee in the morning, some general acid reflux later in the day. The third shot hit me the hardest, but I have leveled out since then and almost all side effects have gone away now. I would say I have some very mild lethargy/fatigue, but it is manageable.

Took my 5th shot last night, and opted to stay at the 0.25 dose against my doctor's advice. She advised moving up, but I just really didn't want to while 0.25 seems to be working well. I was feeling nervous about increased side effects or losing appetite to the point of not even eating at all.

I am focusing a lot on healthy changes. I have been a yoyo dieter in the past and it only ever lead to gradual increases in my weight because the changes were likely too extreme and I couldn't stick with it. Every diet I've ever started backfired into binge eating before. Once I lose the weight I intend to slowly ween off of the meds. 

I am so SO grateful for these medications to help jumpstart and see some results. I hope (fingers crossed) that maintaining will feel easier when there isn't such a mountain to climb to even get started.

Wishing you all well this holiday weekend. Very grateful for this support community!",2024-11-27,15,9,GLP-1
1h1fgfv,reddit,r/Semaglutide,Most affordable semaglutide online prescription service? One that doesn’t require telehealth apt,2024-11-27,2,19,Semaglutide
1h1f5qw,reddit,r/Semaglutide,"any tips for new joiner ?. Hi i’m 130lbs and 145cm, i just got my semaglutide today.

any tips for new user like me ? 

thank you so much",2024-11-27,1,2,Semaglutide
1h1els5,reddit,r/Semaglutide,"I can’t keep anything down . I increased my dose to 0.5 this week and Jesus I gave myself the shot yesterday and was fine. Today though? I can’t even keep water and saltines down. I’ve thrown up four times. Took some Dramamine but holy shit. I wanted a little extra help since thanksgiving is tomorrow and now I’m hoping I can eat at all. 

Any tips? I’m kinda desperate.",2024-11-27,2,7,GLP-1
1h1e9sn,reddit,r/Semaglutide,"Taking a month off to reset? Yes or no?. I've been on sema since April 2024. My SW:235 CW:201 GW:150-160. I've been on the 1.75 dosage for about a month or so and have been staying in the 201-203lbs range. I eat low carb and I'm fairly active and I drink lots of water. I do count calories. My office suggested taking a month off of the shot, then coming back and starting at a lower dose(.25 to .75) and seeing if that might help get over the plateau I'm having. She said that other clients have seen some good results with this method, but said to do some research myself. So I'm curious if anyone has tried this, and if so what were your results?",2024-11-27,1,10,GLP-1
1h1dmzv,reddit,r/Semaglutide,"Tracker Apps . Afternoon all , any particular apps that you like more than another to track your weightloss ?",2024-11-27,1,3,GLP-1
1h1dg07,reddit,r/Semaglutide,"Anyone gain weight on starter dose and the eventually lose?. I haven't incorporated exercise yet, but I have been eating much better. But I'm gaining! On my third week at .25. According to clinical trials about 25% of people gain when the dose is too low. Has this happened to anyone else? Did you gain and then eventually start losing?",2024-11-27,3,6,GLP-1
1h1d5nj,reddit,r/Semaglutide,"Weight gain post Mounjaro. So long story short, I’m a 23 year old female and I took Mounjaro for 3 months (Jan-March) and lost 20-25 pounds. I was about 149-151 when I stopped. I have PCOS so I’ve always been a bit heavier/it’s been hard for me to lose weight. I wish I stayed on it longer initially for maintenance but I couldn’t get it covered by insurance so it was super expensive. 
I have been off it since and only recently started to gain weight back (had some other unrelated medical things happen so I fell off my workout routine and still in the processing off getting back to it)
Current weight is 160 and I’m terrified that it’s going to continue to go back up. My diet isn’t terrible and I eat less than 2000 a day most days + normally work out 2 times a week. 
I don’t qualify to go back on Mounjaro through the program I was previously using because my BMI isn’t high enough. I also just moved and don’t really have a GP yet.
Has anyone been in a similar situation and what did you do? Any advice is appreciated!",2024-11-27,0,9,GLP-1
1h1cioj,reddit,r/Semaglutide,Received my Rybelsus today! Excited to start this journey and see the results!,2024-11-27,13,5,GLP-1
1h1cfn9,reddit,r/Semaglutide,"Why is body dysmorphia so real 😭. I’ve lost 70 pounds since February first. I started at 260 and got down to 190. I had to take a break (financial reasons) for a month. It took two weeks to get new refill in so six weeks off. I was on 2.4 before break but started back on .5 mg just to be on the safe side. During that break, I gained 6 pounds 😞. I was feeling so confident before but ever since I saw that number go up, every time I look in the mirror all I see if what I use to see. As if I’ve lost no weight at all! I didn’t loose anything this first week so I’m bumping up to 1mg tonight. But it’s crazy how my brain is telling me I still look as I did 70 pounds ago. Anyone else struggling with body dysmorphia? How do you deal with it? It’s really getting the best of me….(collage is start to before break and green shirt is now 😞)",2024-11-27,373,66,GLP-1
1h1bxzs,reddit,r/Semaglutide,"Carb Hangover?. Anyone else get the worst headache, body aches, etc after eating bread on Semaglutide? I had 2 slices of pizza yesterday and I feel like absolute shit today.",2024-11-27,2,1,Semaglutide
1h1bhl6,reddit,r/Semaglutide,"Should I move up??. Hello! For reference, 25yo F / SW: 155 / GW: 130 / CW: 142 

I took my 4th shot of 0.5 this past Sunday..and this week has been so different. I have been hungry most of this week, back to craving sugar..I was planning on staying at 0.5 dose because I have lost 13lbs since starting (I think this is week 8 for me), and normally have suppressed appetite. On 0.5, I notice my appetite coming back usually on Fri and Sat, but not Tues/Wed..Now I am considering moving up in dosage. I mean I can since this is my 4th week..what would you do?",2024-11-27,3,5,GLP-1
1h19wdx,reddit,r/Semaglutide,"Changing injection day. I currently take my medication on Wed evening but find that it wears off by Monday. I feel like I need more support on Monday and Tuesday because those are the days that trigger the most stress eating.

My plan was to move my day slowly each week so instead of doing my shot tonight (Wednesday) I would do it Thursday. Then next week instead of Thursday so Friday, ect until I make it to Monday.

Has anyone done this? Is it a good plan?",2024-11-27,8,8,GLP-1
1h19aw3,reddit,r/Semaglutide,"has anyone broken through a plateau?. Hi yall, I’ve been taking sema since september and have lost a little over 20 pounds. since the beginning of november i’ve been stuck at 198. I am on the highest dosage (1mg) given by my doctor and eat in a caloric deficit + workout 4 days a week weightlifting. am i doing something wrong? has anyone hit a plateau and broke through it? any tips/tricks would be greatly appreciated. i’m not going to stop my workout and caloric deficit but it’s just really bumming me out that i was losing weight and now ive been stuck for almost a month.",2024-11-27,0,13,GLP-1
1h190h6,reddit,r/Semaglutide,Wagovy just got approved what can I expect? Will I get sick?,2024-11-27,0,22,GLP-1
1h189np,reddit,r/Semaglutide,"Groupon semaglutide offers. I cannot afford semaglutide alone. It's just too costly month to month with a family of 4. So I went on Groupon and trying out different companies so far I've tried two different companies about to start on my 3rd and here's what I've learned so far. BmiMD is fantastic. They have a combination of semaglutide &B12. They don't come with syringes or alcohol packs but nausea medicine is offered if you want it. It was my first go with semaglutide. The food noise was gone and I lost almost 25lbs in 2 months. I started at 325 and got down to just under 300. Then it was time to try another company. The 2nd company was cosmeticRX. They do send syringes and alcohol packs with nausea medicine. I didn't like it at all. Only took it for 2 weeks and stopped. The food noise was back. My hunger was back but the stomach upset was ramped up to a 10. Cramps, gas, and stomach pain. Not to mention the roller coaster of constipation then comes the loose bowel movements. DO NOT RECOMMEND. I am about to start my 6 week trial with WEightcare. The medicine came really quickly. I'll update on how the medication works.",2024-11-27,0,5,Semaglutide
1h17ibr,reddit,r/Semaglutide,"Ladies, are you constipated? This helps me.. For all of you (most of you) who experience constipation like me, you know this is one of the worst side effects of Sema. I routinely take Miralax and Magnesium citrate but inevitably I still get really backed up. A few weeks ago I couldn’t pass anything for 4 days and I could FEEL it just sitting low in my rectum and I was freaking out that I had fecal impaction. Desperately searching for home remedies I read about vaginal splinting, and it’s seriously a game changer. 

Vaginal splinting is where you put a thumb in your hooha as you’re straining on the toilet and push down on the vaginal wall near your rectum. Usually you can literally feel the hard stuck poo (ew) and you just massage and push on it to help it along. Yall, when I say this brought me immediate relief I’m not kidding. Once I got it going, it opened the flood gates and I felt so much better. 

Luckily I don’t have to do this all the time but I had to do it again this morning after 2 days of nothing coming out and it worked like a charm. 

Does anyone else have to do this? Have you tried it? Would love to know if I’m not alone and/or help someone who is in desperate need of relief!",2024-11-27,110,108,GLP-1
1h17d0p,reddit,r/Semaglutide,"Side effects . Last Friday, I increased my dosage from 20 units to 30 units of .5mg.  
I immediately had mild constipation for three day and then last night I was hit with watery diarrhea. 
I had taken a couple of stool softeners, but no laxatives. Is this normal.",2024-11-27,34,10,GLP-1
1h1734h,reddit,r/Semaglutide,Dosage for someone on semaglutide for 2 years? . I am wondering what a dose is at the two year mark? Average dose anyway.,2024-11-27,2,8,Semaglutide
1h16fle,reddit,r/Semaglutide,"FINALLY hit this milestone!!. I’ve been dancing around this 20 lb mark for a few weeks and finally hit it.

20 lbs in exactly 20 weeks. Woo hoo!

SW:202.2 CW: 181.8 GW: 160-168 I’ve always felt comfortable there but we’ll see
41F 5’9” tall",2024-11-27,140,12,GLP-1
1h15i0c,reddit,r/Semaglutide,Anyone have experience losing weight then coming off? Able to keep the weight off?,2024-11-27,0,4,GLP-1
1h15c14,reddit,r/Semaglutide,"So Nervous . Hi all!!! I am a nurse and have been for 15 years, so I’m not nervous about injections 

I have struggled with my weight now since 2019. I’ve struggled with food obsession and bingeing my entire life, but living in San Francisco for years and not having a car and walking everywhere saved me. There were days I took close to 30,000 steps. We moved out to Texas in 2019 and the rest is history. No Walking, switch to desk job, unhealthy food everywhere… You get it

I go to pick up my Semaglutide today. Hoping my doctor can teach me how to do the shot and I can just give myself the first one on Friday, since tomorrow is Thanksgiving. 

I am so nervous. No idea what to expect. I have 50-60 lbs to lose. Any encouragement or tips welcomed :)",2024-11-27,3,11,Semaglutide
1h1348n,reddit,r/Semaglutide,Online prescriptions,2024-11-27,1,0,GLP-1
1h12t3h,reddit,r/Semaglutide,To take early or late?. I typically take my shot on Thursdays but I'm leaving town today and won't be back until Friday evening. So my options are to take it this afternoon or take it Friday night. With Thanksgiving on Thursday what would you do and why?,2024-11-27,1,6,GLP-1
1h12hcr,reddit,r/Semaglutide,"Anyone here for whom tirzepatide didn’t work but sema did?. I know most people start with sema then tirz, but I’ve been taking tirz for about 4 months now and got no results. Had brief appetite suppression which went away quickly and ended up gaining even more weight. I was on 10mg at one point so  a high dosage.

Anyone in a similar predicament for whom sema ended up working where tirz didn’t? I’m having trouble finding opinions about this which is why I’m making this post. Any advice much appreciated, I’m desperate to lose weight and nothing works for me.",2024-11-27,3,8,GLP-1
1h122nz,reddit,r/Semaglutide,Anyone who’s also on lexapro and birth control pills?. Just started on sema. I’m also taking lexapro and birth control pills (Slynd) for PCOS. Anyone in the same boat? Did you get good results with Semaglutide?,2024-11-27,1,6,Semaglutide
1h120qs,reddit,r/Semaglutide,"Giving up for good.. 
Hi,  just thought I'd share my experience ( I have previously posted in this sub)

I started Sema in late June/July this year.  I successfully lost 2 stone in the first few months.  I have no managed to lose anymore since then, but have also not gained any weight back.

Unfortunately for me, the side effects far outweigh the my weight loss results so I am no longer going to continue with this treatment.

I can no longer cope with the all consuming lethargy and, apathy this drug causes.  Maybe if I was still losing weight I might be inclined to stick with it, but the plateau has lasted nearly 2 months and I'm just done with having no interest in life.

I also noticed my throat has been constantly swollen and looks infected ( even though I am not ill). So I think maybe I am actually allergic to Sema too

It does seem to have worked well for the majority of people, so I think I'm just unlucky. Lol.",2024-11-27,1,1,GLP-1
1h11aqn,reddit,r/Semaglutide,"The boredom of sema. Not planning for shopping lists, meals, or just food in general has opened up ***a lot*** of free time in my life. I never realized how much time was spent thinking about food. And without food, everything is somewhat boring.


Now that I barely eat 1000 calories a day, I find myself terribly bored and tired. I went to bed at 7 pm last night.",2024-11-27,92,42,GLP-1
1h11869,reddit,r/Semaglutide,"Do the cravings go away?. I started my Rybelsus meds today. And in the beginning of the day - everytime I'd eat I would not be able to eat much. 

But now 6 hours since I had the meds, I am able to eat as much as I normally do. I am also craving junk food (which is something my doctor told me qill not be happening). 

When does the full effects starts to show? Do craving ago away. Also when does the food noise go away?",2024-11-27,1,2,GLP-1
1h109u1,reddit,r/Semaglutide,"Almost 10kg/22lbs down 👇. Heyhey, 5months in on wegovy, will share before/after pics when I reach my goal weight 
🏋️‍♂️

Thanks for all your inspiration here in the subreddit 👋",2024-11-27,16,2,Wegovy
1h10011,reddit,r/Semaglutide,"SW: 113kg | CW: 103kg | Height: 5 ft | Progress Update with Rybelsus. I’ve been on **Rybelsus** since June 18th, starting with 3 mg for a week, moving to 7 mg for two weeks, and eventually transitioning to 14 mg by mid-August. Over the months, I’ve lost 10 kg, and I’m sharing my progress here for some honest validation.

The first photo was taken in June, just before I began the medication, and the second one—wearing pants and a top—was taken yesterday. I’m not sure if the changes are noticeable in the pictures, but I’d love to hear your thoughts. Thank you for being part of this journey with me!

https://preview.redd.it/cx3wcjctqe3e1.jpg?width=740&format=pjpg&auto=webp&s=cb67155885fe720fd1fe702456db0e192b14859b

https://preview.redd.it/ua6u4yztqe3e1.jpg?width=1200&format=pjpg&auto=webp&s=065ec5ba08d6ef18e78d05c1d11681208e1a25e8",2024-11-27,3,1,GLP-1
1h0zw7v,reddit,r/Semaglutide,5 months update on Rybelsus 14 mg,2024-11-27,3,1,GLP-1
1h0yh6b,reddit,r/Semaglutide,"3 months, slow but steady!. 3 months on Sema, still not even to 1mg. I work full-time with two little kids so I couldn’t be down and out with symptoms so I’m going slow.

5’3” 
SW: 232
CW: 207

Starting to see a difference at 25lbs down!! The first 3 months I’ve really just been working on eating better and walking more. Just added strength training today.",2024-11-27,336,13,GLP-1
1h0xv9q,reddit,r/Semaglutide,"Third shot . I just did my third shot. I regret my shot location, I did my right thigh and it itches like a mofo. Last week I did my left belly and had no side effects didn’t even feel it when I got injected, but I sure did on my thigh.
In other news I’m down 12 pounds. Still need to lose 158 more pounds but progress is progress. I count calories and drink a lot water.",2024-11-27,6,1,GLP-1
1h0xi8l,reddit,r/Semaglutide,"1st month, not great progress . Hello! I wanted to share here, I’m a little disappointed, I’ve only lost 4 lbs and I just finished my first bottle (I’m on oral semaglutide). It frustrates me a bit seeing the progress on other people, but I’m really happy for you all, really. I just hope the second bottle is more effective.",2024-11-27,1,2,Semaglutide
1h0xd4v,reddit,r/Semaglutide,Lost nothing first 5 weeks . Tomorrow I start 1.0mg dose but I have yet to see any weight loss in the past 5 weeks despite improving my diet. I haven’t experienced appetite loss or any other side effects. Maybe I’m just one of those who needs to be at the therapeutic dose before anything changes? I’m not completely discouraged but it would be nice to know I’m not the only one.,2024-11-27,6,8,GLP-1
1h0w6zv,reddit,r/Semaglutide,"Get $150 off! Least expensive comprehensive program!. 
https://www.fellahealth.com/join-now/?via=6942bb

#healthy2025",2024-11-27,0,1,GLP-1
1h0uy27,reddit,r/Semaglutide,Hi yall! Wanting to go on a compound sema but not sure of the best companies out there. Anyone have positive experiences with a certain company? TIA,2024-11-27,1,0,GLP-1
1h0ukes,reddit,r/Semaglutide,"Reasonable cost?. Hi all! 25F from Texas who just was given the go to start semaglutide for $200 a month.

Is this reasonable? 

I didn’t want to go through the hassle of insurance because I don’t think I’ll be approved, and I honestly wanted to start ASAP. 

I had a gastric sleeve 2 years ago, “overweight” according to BMI, but my PCOS symptoms are horrible after having a kid, so I need to drop about 30 pounds. I just found my PCOS to be more manageable at my pre-baby weight.

Read the rules, but delete if cost conversations aren’t allowed.",2024-11-27,4,25,Semaglutide
1h0uaki,reddit,r/Semaglutide,"Can I store in needle the night before?. Hi guys!

I take my second jab tomorrow. 

Is it safe to load the medication into the insulin needle tonight, refrigerate, and inject tomorrow morning?

Might be a stupid question but just want to make sure doing so is safe/wont affect the meds. I can’t really see how it would be bad as it’s just taking it from one container to another. 

I have to wake up SUPER early for work tomorrow and already have a weak needle hand as it is; just wanna have everything prepped and ready to go for the AM.",2024-11-27,2,7,GLP-1
1h0u1jk,reddit,r/Semaglutide,"What is your 💩 looking like?. I mean physically? So I wouldn’t say I’m super constipated. I have bowel movement every 2-3 days and it’ll come out in a regular chunk but when I look closer I notice its small chunks all clumped together into one big chunk. 

Idk if I’m making sense?? Anyways I’m starting to get a little hypochondria about colon cancer and this isn’t helping 🥴.  

Am I the only one that inspect their poop after every bowel movement???",2024-11-27,0,12,GLP-1
1h0suw6,reddit,r/Semaglutide,"What part of the body is best ?. Self explanatory tittle, I usually shoot on my stomach , right above my belly button.
Does that affect the results ? What’s your favorite spot for injection ?",2024-11-27,0,5,GLP-1
1h0rlex,reddit,r/Semaglutide,"Little frustrated, just a vent! . TLDR version; I'm frustrated but not discouraged. It's superficial, really, because I'm proud of myself and simply frustrated that nobody has seemed to notice. I'm happy with the rate I'm losing weight, gaining stamina, and overall improving my health. It's stupid that I want validation from certain people in my life.



I apologize if this sort of post isn't allowed as it's not primarily about semaglutide. I just need to get this off my chest and don't feel comfortable sharing it with any of my friends or family.



5'6""  SW: 267  CW: 238  GW: 165 - week 11

I'm still just in the beginning of this journey and if I hadn't read that the larger size you are, the more weight needs to be lost between clothing sizes, I'd be convinced my scale is a filthy liar. The mirror makes me think I've not lost much, but as I said, I'm still in the beginning. 

Yet this little part of my brain (the b***h part) thinks, ""Jeez! Basically 30lbs is worth comment, right?"" At least from the people I've told that I'm trying to lose weight. It's understandable from those that aren't aware because they may not want to mention it in case it's unintentional. 

For the most part, I don't care if people notice or not. There's only certain people I wish would notice. Specifically, in-laws. My husband and I met online and I was only introduced to his family after he proposed. So, they had some very strong opinions about a stranger suddenly being so important in his life. Rightfully so! A few family members were a bit extreme in their reactions though. 

There were lies and insults spread about me that were insulting to my character and appearance. Some were catfish, obese b****, fake, con artist, psychotic, and more. I generally try to be a kind person, my husband was well aware of my appearance, and I do have anxiety but am by no means otherwise mentally ill. Nearly everyone commented on my weight and how I am a ""big girl."" Which is valid! I am! But the other stuff? Not really. 

I don't understand why I can't seem to get over this need for validation from them about the weight loss. All the other insults hurt me pretty deeply when it first happened, but I know what kind of person I am and quite frankly, don't care about that nonsense anymore. 

The progress I've made is fantastic! I'm really proud of it and am excited to continue. I just wish I didn't care what my in-laws think. There has never been any apologies over their treatment of me and there won't be, so I don't know why I was hoping they'd say anything positive about the weight loss. 

My husband is amazing and has been so supportive. He's my personal cheerleader and calls me his incredible shrinking woman. He loves me the same, regardless of size and is so proud of my commitment to live a more healthy lifestyle with him. I know that's all I should need!",2024-11-27,11,9,Semaglutide
1h0rkuq,reddit,r/Semaglutide,"20 Weeks on Sema- my experience. 

20 Weeks on Semaglutide. 30 pounds down. 


H: 5’2”
SW: 187lbs
CW: 157lbs
GW: 135lbs

I have a 3 year old and an 11 month old. Having two kids back to back made me gain so much weight. My pre-baby weight was about 135. Seeing the scale at 187 nearly broke me. 

I just wanted to share my story and tell people not to give up. 
I haven’t changed much since starting Sema. I don’t exercise. I don’t eat super healthy. I eat a lot of carbs. I still drink plenty alcohol. Plentyyyy. I’ve had ONE side effect, which is occasional constipation, and honestly it’s not even that bad. I don’t drink nearly enough water as I should… etc. 

And yet, I’m down 30lbs in 20 weeks. This drug is a miracle. 

I have more mental clarity than I’ve had in years. My brain fog/mom brain is gone. I feel more like myself. I don’t feel anxious or depressed anymore. I can focus better. My plantar fasciitis is gone, my knee pain is basically gone, and my joints don’t hurt like they used to. 

I’ve moved up in dose every 4-5 weeks or so. I’m on 2mg now and should be moving up to 2.4 in a couple of weeks. 

My plan was to take this for 6 months and then ween myself off. This would mean December is my last month and I’d start taking the lowest dosage in January. I still have 22lbs to go though, so maybe I’ll wait an additional month.   

First 3 photos are from end of June/ early July, and the last is from last week.",2024-11-27,365,13,Semaglutide
1h0raa1,reddit,r/Semaglutide,"Doesn’t work. 3rd dose. It has had no affect on me, i’m on 0.25 and i’m still binge eating i don’t feel anything. I was on duromine before and that worked for me, but i’m upset because how expensive Semaglutide is and it’s not doing anything.",2024-11-27,0,7,Semaglutide
1h0r8lf,reddit,r/Semaglutide,Le sigh. So definitely moving downward but soooooo slow. I was an active girl who ate healthy already so not many changes to my lifestyle have been made other than feeling a little too nauseated to exercise some days. Just really frustrating. I feel like I’m spending a lot of money to just feel a little ok 4 days a week. The alternative though? No idea. I’ve been at this for YEARS. Just venting really.,2024-11-27,5,11,GLP-1
1h0pvdk,reddit,r/Semaglutide,"I forgot to put my meds back in the fridge last night. It's pretty cold in my house, about 65 at night. I put them back in my fridge this morning. Are they still good or trash?",2024-11-26,17,14,GLP-1
1h0psgw,reddit,r/Semaglutide,I did it . Took my first dose today! Feeling so anxious about it. Sw 272.,2024-11-26,34,13,GLP-1
1h0pid2,reddit,r/Semaglutide,"I have a 50 unit needle increments of 5. My injection is 12.5 units once a week. So I pull down to 12.5 on the needle, correct? . I saw someone pull down to 17 on their needle. Have I been injecting wrong?",2024-11-26,4,2,GLP-1
1h0p2qj,reddit,r/Semaglutide,"Have you gone down in dosage?. I’ve been taking semaglutide and have hit my goal weight! I’m very happy where I’m at and have considered lowering my dosage. Has anyone else done this and if so, how did it go? Did you notice a difference? I currently take .40 and lowered to .35 this week",2024-11-26,1,8,Semaglutide
1h0p0dn,reddit,r/Semaglutide,"Cravings. Anyone find themselves having cravings for certain foods while on Sema?  

For me, it’s been mozzarella cheese (I’m choosing low-fat/part-skim options).  The cravings are so intense, I’d swear I was pregnant if that wasn’t biologically impossible 😅",2024-11-26,3,6,GLP-1
1h0ozyy,reddit,r/Semaglutide,"The Evolution of A Florida Man on Semaglutide and TRT. Moved to Florida a few years back, and embraced the lifestyle (IE installed a kegerator in my garage). 

Fast forward to deciding I was tired of being fat and discovering TRT and Semaglutide. 

First pic is from March 2024, second pic is Nov 2024. I thought I looked damn good in March…this last pic was meant to be funny too…but my wife informed me I am no longer able to pull off “Funny Fat Guy”

Oh, and weight chart attached for fun…not super accurate because I didn’t weigh myself as often as my wife…but proof!

I get my Semaglutide and TRT from FyrBody now. Cheaper and easier than what I was doing with my doc.",2024-11-26,199,47,Semaglutide
1h0ozkl,reddit,r/Semaglutide,Compounded Semaglutide in California,2024-11-26,1,0,Semaglutide
1h0oiu9,reddit,r/Semaglutide,"Refill has been sitting at mochi for almost 2 weeks!. I would not begin using mochi if you haven’t already. My last request has just been sitting there for two weeks, and not being processed! 
If I had to guess I would think they cannot keep up with volume. 
I told them I will give them one more chance, and then I am switching to a different provider. Their customer service did not really seem to care. I don’t even think they are tracking people who are unhappy right now.",2024-11-26,2,8,GLP-1
1h0o26r,reddit,r/Semaglutide,"Insurance suddenly denying me. I have Highmark BCBS insurance and have been on Wegovy since May. I was out on it for weight loss help due to PCOS and thyroid issues post thyroid cancer. SW: 240, CW: 199. I have had no issues with my insurance prior to this week. A prior authorization was required which they first accepted in May. That authorization has since expired so my provider sent a new one. Now my insurance is denying saying I fall under their 40 BMI threshold. I wasn’t even at 40 the first time, maybe 37 or 38. I’m trying to appeal and say that it’s detrimental to take someone off this medication suddenly and only halfway through the manufacturer’s recommended dosing schedule. I am now over 2 weeks late for my next dose and have been on the phone with my insurance every day. They said the next step is that my provider needs to have a “peer to peer call” with a doctor on the insurance’s pharmacy clinic team, so hopefully that goes well. Has anyone been in a position like this? Obviously a person on this medication will have a smaller BMI after a few months, that’s the goal, but I don’t understand how they can justify taking someone off of it before they even get to a maintenance dose level? Any help or insight would be appreciated! I’m feeling defeated and terrified.",2024-11-26,1,2,Wegovy
1h0no3e,reddit,r/Semaglutide,Transforma Peptides 50% off,2024-11-26,1,0,GLP-1
1h0n9bi,reddit,r/Semaglutide,Bought Semaglutide from Telehealth unsatisfied with consultation,2024-11-26,1,0,Semaglutide
1h0mssl,reddit,r/Semaglutide,"Providers in NJ. Anyone have any provider recommendations in NJ? I believe I have coverage but my PCP doesn't think I am a candidate, my BMI says otherwise. Time to get a second opinion.",2024-11-26,1,1,GLP-1
1h0mj09,reddit,r/Semaglutide,What’s your worst reaction to eating something with a lot of fat? . I’m on the highest dose now and for the most mart my symptoms have been mild. But I’m nervous that I might have to actually listen to the recommended foods to stir clear of.,2024-11-26,3,29,GLP-1
1h0maqa,reddit,r/Semaglutide,"173 days, 5.6 months, etc. Guys.. 

I don't even know what to say anymore. 

I weighed in today at 116.7lbs.

I just can't believe this is real, this is happening. 

Down about 33lbs.

I had no idea when I started Wegovy what it would do, and what was possible. 

Every time I go into the bathroom, I spend time just staring. My body, my collarbones.. Am I dreaming all this? 

Even though I started Wegovy in June, it's like overnight all these changes. I catch myself in mirrors and I have to stop and look closer. Yes, it's me. It must be. 

2025 is going to be...something.",2024-11-26,41,9,Wegovy
1h0m5df,reddit,r/Semaglutide,"Sema 100 units . I have been taking Sema since March of 2024 100 units now since then, (SW:158 CW:135) I haven’t been in the gym as much as i wanted to and my diet has been fair, am i platueing? Any advice? I’m going to get back into the gym after thanksgiving and be more strict on my diet! Anything helps",2024-11-26,1,6,GLP-1
1h0m3qp,reddit,r/Semaglutide,Semaglutide online . Hey can you guys give me some websites you use to get your semiglutide  on?,2024-11-26,7,19,Semaglutide
1h0lna8,reddit,r/Semaglutide,Not losing anything?,2024-11-26,1,0,GLP-1
1h0kv3q,reddit,r/Semaglutide,"New Decade in Onederland! . I seriously cannot remember the last time I was in the 130s (maybe 2007?) Eeeek!

My primary doctor says he would be happy even if I didn’t lose more weight but I have a soft goal of 119, it kind of just depends on what I think of my body and honestly when I plateau out. 

The stats because I know we all love them :) 
4’ 10” on 1.7 dosage. 
SW: Somewhere around 195, I stopped looking at the scale 😂
CW: 139.8
GW: 119ish",2024-11-26,279,14,GLP-1
1h0jzfn,reddit,r/Semaglutide,"Minimum dose cycling. Has anyone had any experience with either staying on the .25 dose long term (I am thinking of doing at least 8 weeks then potentially just staying at that forever if it is still having an effect), and/or cycling off completely for 1-4 week periods? How does this effect your experience with Semaglutide if you have? I am 3 weeks in and the effects are diminishing, but still enough to stop me snacking and eating sugar.",2024-11-26,3,5,Semaglutide
1h0ixoz,reddit,r/Semaglutide,"Ladies - have you experienced changes in your period since starting semaglutide?! . I just completed my first month on my injections & I’ve only lost about 5lbs, but my period didn’t really show this month. I’ve read some things saying significant weight loss can cause this but I haven’t lost much at all. Pregnancy tests are negative, & I’m wondering what is going on. Never had this happen until starting my injections, doctor didn’t bring this up when discussing side effects.",2024-11-26,12,40,Semaglutide
1h0ist2,reddit,r/Semaglutide,Dirty soda to help my protein intake . Have anyone else been making protein dirty sodas? What is your favorite combo?,2024-11-26,15,12,GLP-1
1h0in9m,reddit,r/Semaglutide,"Why Are People So Anxious to Increase Their Semaglutide Dosage?. I’ve been following posts in this community for a while, and one thing I’ve noticed is that a lot of people seem really eager to increase their semaglutide dosage as quickly as possible. Personally, I’m currently on 0.25 mg and feeling pretty good. I think I might benefit from going up to 0.5 mg, but I’m not in a rush. In fact, my mindset has been: if I’m seeing any results at all, why not stay at the lowest effective dose for as long as I can?

It makes me wonder—what’s driving the excitement to move up to higher doses? Is it about getting faster results, or is there something else I’m missing? I get that everyone’s body is different, and some people might not respond as well at lower doses, but are there clear benefits to going higher, aside from potentially losing weight faster? Are there downsides people are ignoring, like side effects or costs?

I’d love to hear the community’s perspective on this. If you’ve already increased your dosage, what made you decide to do it? And for those staying on lower doses, what’s your reasoning?",2024-11-26,19,78,Semaglutide
1h0ic27,reddit,r/Semaglutide,Higher dose = faster results?,2024-11-26,1,0,GLP-1
1h0i9gj,reddit,r/Semaglutide,"Little update :) . Hello!! 
Been on the shots since June and the top right was my first photo, second on bottom right was a few months ago and the main photo was a few days ago!! 
I’ve lost about 20+ pounds!!",2024-11-26,148,11,GLP-1
1h0hyz3,reddit,r/Semaglutide,Bad Mood/Tired Day After Shot. Why? Anyone else?,2024-11-26,2,4,GLP-1
1h0gxdc,reddit,r/Semaglutide,"If you use a different GLP-1 type med like Tirzepatide or Retatrutide, and then switch to Sema, will it work?. People can develop resistance to these meds over time and the appetite-suppressant abilities fade over time. If you're on one of the 2- or 3-function meds like Tirz or Reta, will switching to a 1-function med like Sema work, or will you already be immune to the effects?",2024-11-26,1,6,GLP-1
1h0gvy4,reddit,r/Semaglutide,"Gaining instead of losing. . Hello I am 26 (F) my starting weight was 205lbs, 41 days ago. I only did 3 weeks, because I did not calculate my dosage correctly. I actually ignored my dosage order and started at 0.5, instead of 0.25, my symptoms were not bad considering my started at a higher dose. 

During that time, I was definitely getting full faster and my appetite was substantially lower. However, I kind of wasted my pen dosage and only got 3 injections out of it. I couldn’t afford my next pen and had to skip 3 weeks, 4 days. For that 3 weeks I went on a 10 day water fast and went down to 176lbs, I guess that was water weight though because since then I’ve gained back 10lbs. 

I was able to get my second pen, I still do 0.5 but for some reason, I am not feeling anything at all, no symptoms no appetite suppressant. The only way I’m actually able to keep off my weight, is by fasting (IF) for 16-20 hours a day, eat low carb, with plenty protein and get in 10k steps as much as I can. I keep seeing 191lbs, then in the morning when I weigh I’ll be 186. I don’t know how to lose weight anymore I’m confused.",2024-11-26,0,10,GLP-1
1h0getu,reddit,r/Semaglutide,What 100 lbs lost looks like on me,2024-11-26,105,9,GLP-1
1h0g4lr,reddit,r/Semaglutide,Advice... I was bumped up to .5 semaglutide and it has been a mess. I have had bad acid reflux and have been throwing up stomach acid for 3 days straight. (Some done on purpose as to try to relieve some of the discomfort as this normally helps but it did not this time.) & leading to me having to take a day off work. and now having the sulfur burps return 2 days later after that episode. Should I bump back down to .25? Any tips on any of it would be appreciated ❤️,2024-11-26,1,5,Semaglutide
1h0fo4b,reddit,r/Semaglutide,"Who all is going this alone without real physician oversight?. There’s a fair amount of posts with questions that seem like they should have been answered by the person prescribing the medicine, but I realize the out of pocket costs a lot of us are paying play a significant role. It’s also still kind of the Wild West with the amount of online pharmacies popping up.

I’m just curious; not trying to start a debate. I’m fortunate to have been guided by a weight loss professional but that’s also been to the tune of $350-450/visit between the consultation and meds at a local weight loss clinic, which has been a significant sum for me these past 16 months (down 85lbs).",2024-11-26,139,169,GLP-1
1h0f9b4,reddit,r/Semaglutide,Would you recommend eating less the day or two before starting a first dose of semaglutide?,2024-11-26,0,21,Semaglutide
1h0enk1,reddit,r/Semaglutide,"I want to lose weight by Feb. Hey y’all! I’ve been stuck at about 215 lbs at 5’5” for about 3 years. 

Full disclosure: I have PCOS, binge eating disorder, and high cholesterol. I have constant hunger, low energy, and inflammation.

I just started semaglutide two weeks ago. I still crave carbs and sugar like crazy and have low energy. Naturally, I haven’t lost a single pound.

I’m getting married in February (2/22/25 ☺️) and I’d like to be around 190 lbs. Any tips after a very slow start?? 

Thanks in advance!!",2024-11-26,1,2,Semaglutide
1h0ejbo,reddit,r/Semaglutide,"10 lbs down after 8 weeks. I feel so different already. . No photos but F, 5'5"", originally at 195, now 185 and healthy weight is around 150 for me. This week has been hard because I keep gaining the 2 lbs back and then losing it so a bit of plateau but losing 10 lbs in 2 months would be previously unthinkable. It usually takes me a year or so to lose 10 lbs by exercising heavily and eating much less. 

I have been n 0.25 4 weeks and 0.5 another 4. 

With losing this weight so successfully I noticed that I am much more appreciative of my body vs criticizing as I normally do. When I see the shape coming back out of the fat, I feel very happy. Previously I would constantly criticize myself even if I was 40 lbs lighter. But of course that never helped anything. Now after seeing how heavy I got by being so disordered I am decided I need to be kinder and more patient.",2024-11-26,39,5,GLP-1
1h0dtl0,reddit,r/Semaglutide,Question about particular vendors Semaglutide compound. Noom vs local vendor. They seem different.,2024-11-26,1,0,Semaglutide
1h0dkid,reddit,r/Semaglutide,"New provider Mochi. Hey yall! I wanna know if anyone has ever requested a new provider, and if it took long ? The person I got isn’t available for another week and only available at night, but I’m worried to hit a new provider and then that ends up taking a week as well",2024-11-26,1,2,GLP-1
1h0djki,reddit,r/Semaglutide,"Opinions please. Hello, so I started taking sema shots at the end of September. I’m losing weight very slowly but surely. I started at .25 for the first month then went up to .5 for the second and now my third month. This past week I found myself very hungry after my third shot. Like within two days I found myself way more hungry than usual and able to eat more than I have been since starting sema but still nothing compared to not being on the shots. With that said, I still lost weight this past week, even with eating a little more than I’ve become accustomed to. I’ve also just started working out, walking and Pilates. I say all of that to say my Dr recommended I go up a dose since I told her I was feeling hungry, but since I weighed in this morning and found that I lost a pound and a half I’m not sure if that’s the best move? Anyone have a similar situation or suggestion? My Dr is a little aggressive with always wanting to go up a dose so that’s the only reason I’m hesitant to take her advice and would like outside opinions. Please let me know!",2024-11-26,2,6,GLP-1
1h0dfwt,reddit,r/Semaglutide,"Switching from Oz . Hi y’all, I’m making the switch from the build up to .75 over the last 13 weeks on Ozempic to 1 with semaglutide with Mochi. Tomorrow is my first dose with semaglutide. I’m down 14.6lbs. 

I’m curious to know to hear if anyone has made this switch. I understand it’s probably not logical but I’m scared it won’t be as effective as the Ozempic- which was already a slow climb down the ladder lol 

TIA",2024-11-26,1,2,Ozempic
1h0d5bi,reddit,r/Semaglutide,First Milestone Met. Start Date: 9/27/24 SW: 219 GW: 170,2024-11-26,287,16,GLP-1
1h0ckns,reddit,r/Semaglutide,"Stalling out starting week 2. Hey all, I take my fifth shot today, which is my first at 0.5. I was an early responder and basically lost my appetite the first day after my first shot. I lost 10 lbs that first week, which I know was just mostly water because leading up to that I had been eating a lot of sodium heavy food like fast food and such. Since I started, I've been tracking absolutely everything I eat, staying between 1600-1800 calories every day as instructed by the nutritionist provided by Mochi and I try to ensure I get enough protein. I also exercise 5 days a week. 

However, since I lost that 10 lbs, I haven't budged even a bit in the 3 weeks since. I weigh myself every morning, naked after I pee and I've been sitting at almost the exact same number for the 3 weeks. 

Anyone have any advice or guidance? Am I missing something obvious?",2024-11-26,0,17,GLP-1
1h0boka,reddit,r/Semaglutide,"News . So I have been reading a lot of people have symptoms of extreme nausea and such and then some with no weight loss at all. 

This am there was a report in the news called “shot in the dark”. Google it. “Shot in the dark glp1”

This may make sense why some had sever symptoms and some had no loss. 

Please make sure you’re NOT ordering from an internet pharmacy. 

Be careful ladies and gentlemen. Research. I use a pharmacy in miami and I live in NYC BUT I searched them deep before I ordered.",2024-11-26,0,4,GLP-1
1h0bn3p,reddit,r/Semaglutide,"Month two - barely loosing anything . I am halfway through my second four weeks. I lost 10 pounds in my first month, but these two weeks have been very frustrating. I barely lost 2 pounds so far, and my weight has been fluctuating between 195.8 and 194.3. Is this normal? Will my weight loss pick up again on the next dose?",2024-11-26,3,6,GLP-1
1h0bi9u,reddit,r/Semaglutide,Semaglutide User - Side Effects,2024-11-26,1,0,Semaglutide
1h0a8an,reddit,r/Semaglutide,"📰 NEWS: Medicare proposes covering weight-loss drugs, teeing up clash with RFK Jr.. #Paywall-free link: http://archive.today/tObg6

EXCERPT:

> The Biden administration Tuesday will propose expanding coverage of weight-loss medications for millions of Medicare and Medicaid beneficiaries, a late-term proposal that officials said would boost public health and which puts pressure on the incoming Trump administration to finalize the benefit.

>The proposal is “a game changer. It helps us recognize that obesity is with us,” Health and Human Services Secretary Xavier Becerra said in an interview late Monday. “It’s severe. It’s damaging our country’s health. It’s damaging our economy.”

>Becerra said the proposal would expand coverage of antiobesity drugs to 7.5 million people enrolled in Medicare and Medicaid, which his agency projected would add $25 billion in Medicare costs and $11 billion in Medicaid costs during the next decade. States would also assume $4 billion in additional costs as part of their share of the Medicaid program, he said.

>Becerra said the additional costs represented a modest fraction of the forecasted spending for Medicare, citing estimates that the program is expected to spend more than $2 trillion on drugs across the next decade…",2024-11-26,21,10,GLP-1
1h0a2q7,reddit,r/Semaglutide,"Semaglutide . I was paying out of my pocket to be getting Semaglutide I was on month 4 but my insurance approved me to get Wegovy which it’s the same thing as Semaglutide but they starting me off like smallest dose like when I first started . I was wondering if that ever happened to anyone, I don’t know if I’m gonna gain the weight back starting back on a small dose ! my weight was 224 when I started I’m down to 207 thank you in advance",2024-11-26,3,10,Wegovy
1h0a0je,reddit,r/Semaglutide,"Constipation, Fatigue, and Minimal Weight Loss on Semaglutide—Need Help. 07/16: Started 0.25 mg (12.5 units)
08/06: Increased to 0.5 mg (25 units)
Mid-August: Dropped back to 0.25 mg due to severe side effects that were impacting my ability to work and function.
09/17: Restarted 0.5 mg with minimal side effects, but I’ve noticed persistent cravings.
10/29: Increased to 1 mg.
At the start, my appetite was significantly reduced, and I noticed weight changes. However, since moving from 0.5 mg to 1 mg, the results haven’t been as noticeable. I feel extremely tired and struggle with constipation.

Here’s the TMI part: I got so constipated that I developed an inflamed hemorrhoid for the first time. It lasted two weeks and was incredibly painful. My stool is either hard or gets stuck, and I can go days without a bowel movement. I really don’t want to depend on laxatives, but I’ve been taking Colace 100 mg twice a day with limited improvement.

I’m concerned that the constipation is causing bloating and other GI issues. Is there something I can pair with my regimen to improve bowel movements without risking dependency—ideally something that supports overall GI and stomach health?

These are my only major side effects besides the fatigue and low energy levels.

I’ve been on semaglutide since July, and now it’s late November. I’ve only lost about 4–5 pounds so far. Is this normal? Will the weight loss eventually happen, or is there something I should be doing differently?",2024-11-26,1,2,Semaglutide
1h09s4x,reddit,r/Semaglutide,"Coffee. Anyone have negative reaction to coffee after taking semi?

Recently, it seems so acidic that I almost feel sick every morning after as little as half a mug.",2024-11-26,6,9,GLP-1
1h09mwz,reddit,r/Semaglutide,"Stopping and starting semaglutide. Currently on 2.5mg, I have lost 50 pounds in the last 11 months. Would like to loose 20 more but worried about stalling at the highest dose. Wondering if it could be worth stopping semaglutide for a while until it is out of my system, and then starting back on a lower dose and working my way back up again. Has anyone tried this?",2024-11-26,3,1,Semaglutide
1h09moc,reddit,r/Semaglutide,"Can't find Wegovy in my country, should I use Ozempic instead?. Hello all, firstly.

Unfortunately I cannot find Wegovy in my country. I asked a lot of pharmacists and even pharmaceutical warehouses don't have it, only Ozempic is being sold here. I know that they're kinda same drug but have different usages. My question is, should I use Ozempic instead of Wegovy and would I get the same results? Also I would be very happy if I get some advices or suggestions about equilavent drugs instead of Wegovy. Thanks.",2024-11-26,0,4,Both
1h06uoo,reddit,r/Semaglutide,"6 MONTHS ON SEMA-. SW: 211 CW: 165-163
My doctor first wanted me to hit 160, then got me down to 150. She said that if I can keep my weight between 140 - 150 without ""killing myself"", that’d be perfect. But, she perfectly okay with me being somewhere between 150 - 160, too. The tricky part is she didn’t really give me a solid plan for maintenance—just said to keep eating how I have been. I think most of my success is because of semaglutide, and maybe I’m not giving myself enough credit. 
I’ve heard weaning off the meds is better than going cold turkey. Honestly, I’m just super excited to be celebrating almost 50 lbs lost! 
I’d love to hear how everyone else is managing to maintain. Are any of you planning to stick with the medication for the long term or for life?",2024-11-26,760,48,Semaglutide
1h06h0d,reddit,r/Semaglutide,"Starting tomorrow. High hope. . I have been trying to lose weight for as long as I can remember. But the relation between food and my anxiety has made it complex. As a last resort I'm trying this. 

My current weight is - 123 Kg (272 lbs)
My goal weight is - 80 Kg (176 lbs)

Do you think it's possible? 

Please share your opinion.",2024-11-26,33,22,GLP-1
1h05zzq,reddit,r/Semaglutide,"Irresistible - Why We Can't Stop Eating (BBC 2024). Looks interesting. Google for reviews and excerpts.

BBC iPlayer:

[https://www.bbc.co.uk/iplayer/episode/m0025gqs/irresistible-why-we-cant-stop-eating](https://www.bbc.co.uk/iplayer/episode/m0025gqs/irresistible-why-we-cant-stop-eating)

YouTube:

[https://www.youtube.com/watch?v=ucswwK0YmaA](https://www.youtube.com/watch?v=ucswwK0YmaA)

Not sure what the deal is. Apparently requires log-in and subscription.",2024-11-26,6,1,GLP-1
1h05f50,reddit,r/Semaglutide,Supply high purity semaglutide,2024-11-26,1,0,Semaglutide
1h03yxj,reddit,r/Semaglutide,Third month on oral meds.. Just started my third month on the oral lozenge. Not really noticing any difference taking this stuff. I'm still fat and depressed.,2024-11-26,1,11,GLP-1
1h03ntc,reddit,r/Semaglutide,I wonder if I would have the same hate..,2024-11-26,1,0,GLP-1
1h03jxh,reddit,r/Semaglutide,"The joy of sema,. Im
Currently laying in bed nauseas 🤢 , always 4 days after my shot , and it comes in waves days later , the joy 🥲😵‍💫",2024-11-26,2,2,GLP-1
1h03dzc,reddit,r/Semaglutide,"Help me figure this out. So I’m not really losing weight though I have completely revamped how I eat and I’m sticking with it so I know I will start to lose. 

I have a puzzle though. Ever since I started taking this injection, my daily nausea and stomach pain has decreased to the point that now I’m not nauseous every day. I don’t mean a little nauseous. I was a little nauseous half or more my waking hours daily, and bad nausea/stomach gnawing pain for hours daily. No food or timing rhyme or reason. Just an always thing for a couple years. 

But now I feel better than I have in a good while. I haven’t lost any real weight yet, just 5-6 lbs in a couple months so thats not what it is. 
I know it slows peristalsis, but can anyone figure out any other reasons I’d feel better. Also not so fatigued any more and I usually stay fatigued as my normal.",2024-11-26,2,3,GLP-1
1h02pez,reddit,r/Semaglutide,"First shot today . Hello everyone I’m writing this to keep myself accountable and for some support. I’ve been getting a lot of backlash from family members. Since I am starting at a lower weight. For years, I’ve struggled with a binging disorder and closet eating. These pictures are from summer I was 158 lbs here and this is when I was running 5 times week going to strength training sessions twice a week. And I didn’t see my weight move for four months. Because of the food noise and binge eating at night. Also I am 5 foot and losing fat has always been a struggle.

Tonight I took my first shot at 0.25 and am hoping to get down to 135 slowly!! I have chronic back pain from my breasts and I have a pretty big lump on my back that I’m hoping will get smaller!! Anyway, i’m looking for any advice on supplements and what I should be aware of. Although I’ve done a lot of research I’m still nervous. But I love this sub.",2024-11-26,18,2,GLP-1
1h01gp9,reddit,r/Semaglutide,Jim Gaffigan on Semaglutide. He got it right! Nothing to be ashamed of. Watch the first 2 minutes. [https://youtu.be/vbZIehlQ3FI?si=NoQ8rp2rn3w3sDdA](https://youtu.be/vbZIehlQ3FI?si=NoQ8rp2rn3w3sDdA),2024-11-26,30,5,Semaglutide
1h01dn2,reddit,r/Semaglutide,Injection site after 4 weeks - anyone else?,2024-11-26,0,18,GLP-1
1h01bjb,reddit,r/Semaglutide,"plateau advice :( . 
hi everyone! i started taking my shots on September 12. My SW was 220 and I am currently at 198 (25 yrs old, 5ft 4). I track my weight daily and as of November 9th, I have been stuck at 198 (fluctuating 2 pounds either way). I know plateaus are normal but it feels really early for me to hit mine? I’ve only been on the shots for almost 3 months. I’m feeling really bummed out, I am still in a caloric deficit and work out 4x a week doing weight lifting. Wondering if anyone has an advice or success stories on their plateaus? Thanks ◡̈",2024-11-26,1,2,GLP-1
1h012zj,reddit,r/Semaglutide,"Help. I naturally lost 40 pounds myself over the last couple years. I have tried it all to lose the last 40. 

So I started semaglutide 5 weeks ago.

I made the mistake of taking 2.5 times the starting dose. The first 3 weeks I took .625 mg. My appetite was low slight nausea and some constipation. I lost 8 pounds. 

Then I figured out I was on the wrong dose. I reached out to the doctor and she said try lowering it but go off how I feel.

I did one dose of .25 and then a dose of .5. My appetite is almost 100% back. I am about to take my next dose. Should I try a new injection site and increase back to .625? Should I go higher? Any help is greatly appreciated. 🙏🏻",2024-11-26,2,1,Semaglutide
1h00tje,reddit,r/Semaglutide,"Gag reflex with the THOUGHT of taking my shot. Please tell me I'm not the only one who has severe gag reflex and a wave of nausea at just the thought of taking my shot. Even typing this, I'm struuuuuggling LOL Has anyone experienced this, and if so, how did you cope?",2024-11-26,12,18,GLP-1
1h00q76,reddit,r/Semaglutide,"12 weeks in / Sudden body aches. I’m trying to figure out if my symptoms the last 2-3 days are related to the shot. 
I’m using Freya/ Olympia pharmacy. Last shot was .75 on Thursday and I’ve been on that dose for a few weeks. Down 15lbs.
However, last 2 days I’ve had terrible body aches all over and not sure if it’s related to shot or something else. 
It feels almost like when I had shingles except I have no on a particular side rash - just skin that aches to the touch all over from my neck to my legs and arms. (Similar to 24 hours after COVID vax or when you have flu except no other symptoms). Do you think it’s related? My shot was Thurs and this is first one from a new bottle. I feel awful and cannot figure out what is causing it!",2024-11-26,2,4,GLP-1
1gzzyeb,reddit,r/Semaglutide,"Guys on ozempic. I am starting my first dose tommorow. 19M 250 lbs. I was wondering if there are any guys my age that are on ozempic and what side effects I should be ready for? I have a lot of muscle on my body but still too much fat nonetheless. Has anyone had hairloss as a side effect, and does it cause you to react differently to alcohol? Thanks",2024-11-26,4,8,Ozempic
1gzzvbl,reddit,r/Semaglutide,"Throwing up consistently for 2 weeks after being on Ozempic for over a year?. I started taking Ozempic for gastrointestinal issues last year (2023) in October. For the first few months, I took it consistently and followed the slowly-increasing dosage amounts my doctor recommended. At first it made me slightly nauseous or I would have a bad taste in my mouth sometimes, but those were more just normal side effects that I got completely over after about a month. After a few months taking it, I also started Wellbutrin, which kills your appetite, so I felt that both medications were a little much, since I wasn’t eating nearly enough. I decided to lower my dosage back to 25 units, the dosage I was at in February, and I also started taking it about every other week or every three weeks. That’s what I’m currently doing. 

For more background, I also had some stomach issues in March of this year (I wasn’t throwing up but my stomach was making loud noises and I had insane diarrhea [TMI sorry]. 

Jumping to now, two weeks ago the morning after I injected it, I randomly started to get EXTREMELY nauseous and would have to run to the bathroom at least 1-2 times a day to throw up. At first I thought it was fine because I’ve had nausea sometimes in the past when I injected it but it wasn’t that bad. But fast forward to today, and it’s STILL happening. It’s always random and I can never tell when it’s going to happen, so I’ve mostly been staying home. 

Does anybody know what’s going on? I’m like 80% sure it has to do with the Ozempic, but maybe there’s another cause? I know I need to go to a doctor but with college exams and finals I haven’t had any time, but I plan to go to my doctor in 2 days when my exams are over. I wanted to come on here first and see if anyone has a clue as to what’s happening. Please let me know if anyone’s experienced this or what I can do to stop it!",2024-11-26,1,6,Ozempic
1gzzt8z,reddit,r/Semaglutide,"I accidentally took 2.5mg instead of 0.25mg. I accidentally did 2.5mg at 6am when i was ought to sleep (I work nights). Now i have woke up like 3 times in the span of 6 hours to vomit and i have such a bad headache and feeling absolute shit. If anyone went through something similar, how long does these sides will last and is there anything i could do to minimize them ?",2024-11-26,0,14,GLP-1
1gzzmbu,reddit,r/Semaglutide,What kind of scale do you use . This is my second week and I am on .25 I don’t have a scale so I need to buy one. What kind do y’all use and when do you weigh yourself. I also noticed this past week I was so hungry. I just took my second shot today and I’m thinking about food but not eating not sure if that makes sense it’s like my brain is thinking about food but I’m not really hungry but then all of the sudden I’m starving,2024-11-26,2,4,GLP-1
1gzz257,reddit,r/Semaglutide,"I have the flu - should I delay? . Hey there. I’m on about 0.5 ozempic. I’m slowly moving up. Lost about 9kgs in 5 months. It’s going at a great rate. 

I have come down with the flu. Blocked nose. Ears. Coughing - aching. All of it. I’m day 2. So my guess is another 2 days I’ll fell much better 

Should I delay my shot for about 2 days till I’m past the hill of the bad symptoms? I feel like if I take it, it won’t help with recovery? 

Any tips?",2024-11-26,0,2,Ozempic
1gzyvak,reddit,r/Semaglutide,"4 month check in. Was waiting until I saw the progress well enough to inspire others to keep going!! 
Starting weight was 245. Current weight is 200. My goal is to hit 180lbs but not striving for it! Just letting it all flow. SIDE NOTE: bruises are from my son who is fascinated with pinching me recently. 
Started on .10. Each month went up an additional .10. Currently at .40 and staying at that.",2024-11-26,296,15,GLP-1
1gzyos8,reddit,r/Semaglutide,How is everyone losing 15-25 pounds on semaglutide the first month? Is it due to side affects like diarrhea and throwing up?,2024-11-26,96,278,Semaglutide
1gzyfgj,reddit,r/Semaglutide,"27 kg/ 60lbs loss in 5 months . Feeling so stoked after putting these side by side, and really appreciate how supportive this community is :) 

Sw : 88.9kg / 196lbs 
Cw: 59.9kg / 132lbs 
Gw: 55kg / 121 lbs",2024-11-26,86,8,GLP-1
1gzxxyg,reddit,r/Semaglutide,What makes/qualifies as a fast responder?. Hi everyone. I started my semalgutide journey just over a month ago.(Just did my 5th weekly shot) Starting weight 182 current weight 164. Just wondering what is considered fast responder etc. I know some people are and some aren't and it's not down to a science of exactly who will be or not. If it was up to me I'd say I'm a pretty fast responder but not sure if that's correct or not.,2024-11-25,1,4,GLP-1
1gzxstf,reddit,r/Semaglutide,A little disappointed almost 20lbs down and no visual difference,2024-11-25,1,1,GLP-1
1gzxi4j,reddit,r/Semaglutide,"What’s your mood like on semaglutide?. Is anyone experiencing negative changes in mood? surely all of you that are seeing results are happy about that, but im curious how do you all feel on a regular basis overall? I’m starting .25mg dose tomorrow, gonna be on it for the next 10 weeks and I’m trying to gauge how I may feel by hearing your experiences. TIA!!",2024-11-25,3,14,Semaglutide
1gzxdg8,reddit,r/Semaglutide,6 months in and violently ill,2024-11-25,1,0,GLP-1
1gzxd15,reddit,r/Semaglutide,Semaglutide vs tirzepatide . Hi everyone which one is better? My provider told me that tirzepatide is better in weight loss than Semaglutide. But it’s more than double the price of Semaglutide. I’m not sure if I want to spend that much on it. Can anyone give me input on their experience with either medication? Thanks!,2024-11-25,1,12,Semaglutide
1gzwl7y,reddit,r/Semaglutide,Help! I am pretty sure I have been under dosing. What is my dosage on a u-100 insulin syringe for semaglutide compound? See picture for what I was told.,2024-11-25,1,0,Semaglutide
1gzwak6,reddit,r/Semaglutide,"Start before or after Thanksgiving? . Looks like my first dose of Semaglutide should arrives tomorrow. I’m wondering if you guys would suggest starting it immediately (what I’d like to do) or wait until Friday (in case I have side effects). 

I know the first few times is just a loading dose so I’m assuming it shouldn’t be too bad since it’s so little. Just wondering what your experience was when you first started!",2024-11-25,7,25,Semaglutide
1gzvjeg,reddit,r/Semaglutide,Is anyone talking about the guy tapped to run the fda?. He’s an exec at a telehealth company that prescribes sema? Is this too good to be true?,2024-11-25,0,10,GLP-1
1gzvhc9,reddit,r/Semaglutide,Is anyone talking about the guy tapped to run the FDA?,2024-11-25,1,0,GLP-1
1gzv7qs,reddit,r/Semaglutide,"Think I injected incorrectly. . Hi all, I just did my first injection. I don’t think I injected it correctly. I didn’t put the needle into the muscle enough and the medicine left a bubble under my skin. What should I do? Is it going to work?",2024-11-25,0,25,GLP-1
1gzuali,reddit,r/Semaglutide,Has received a vial from strive FL location in the last 30 days or so?,2024-11-25,1,0,GLP-1
1gztu5o,reddit,r/Semaglutide,"My weight loss is showing in the mirror . So I started on .50 semaglutide the second week of October sw: 262 cw: 243 gw:160 I stay in a calorie deficit and have to force myself to eat,but the scale keeps showing progress, finally though I see it in the mirror!",2024-11-25,213,12,Semaglutide
1gztu0x,reddit,r/Semaglutide,"Increased Heart Rate . I experienced an increased heart rate on semaglutide. I've always been active - peloton strength workouts 4-5x a week, and I was about 2 months in on semaglutide, and i started having heart rate spikes of 180+ during workouts. I was on 1mg.  My resting heart rate is about 10 bpm higher as well. I also experienced random spikes during the day - sitting at my desk, then spiking to 130bpm.  I stopped taking SG, and its been about 3 weeks being off, and I am STILL experiencing HR spikes while working out. I hate it, I wish I never started SG. I just want to be back to my normal fitness level I was at prior to SG. My advice to those looking into this - DONT DO IT.  Losing a few lbs is not worth your heart health. I wish my provider was more open about the possible side effects, outside of the most common ones. When I asked about increased heart rate, they said it wasnt likely, as it just effects gastrointestinal functions.  How long did it your side effects to subside??",2024-11-25,0,5,Semaglutide
1gztssa,reddit,r/Semaglutide,"Just beginning- need advice?. My doctor and I are discussing WeGovy for assisted weight loss. I have a BMI of 30. However, I am not pre-diabetic and my insurance only covers GLP1s that are basically FDA approved for type2. Does this mean it’s game over for me and I give up? Ozempic is covered but also for type 2, not general weight loss.",2024-11-25,2,4,Both
1gztnhf,reddit,r/Semaglutide,"Starting Before Thanksgiving?. My first month of medication is arriving tomorrow (a week earlier than I expected). I’m wondering if I should hold off on my first injection until after Thanksgiving. I’m worried that I’ll experience the nausea that many people have, and will just be miserable all day. I’m really excited to get the show on the road though!!",2024-11-25,1,7,GLP-1
1gztlja,reddit,r/Semaglutide,"2nd dose of wegovy 0.2g, noticed 2 droplets after removing the flexpen. After the Wegovy pen hit 0, I counted to 10 before removing the needle from my thigh. After removing it, I noticed two droplets. Is this normal? Did I inject it correctly?",2024-11-25,1,3,Wegovy
1gzsvqk,reddit,r/Semaglutide,Am I doing something wrong?. Hey ya'll I'm curious to see when you guys started to lose weight. I started at 10mg and now am up to 50mg --- after 2 months and I've not lost any weight... Is there something I'm doing wrong??,2024-11-25,0,11,GLP-1
1gzs7y7,reddit,r/Semaglutide,"SkinnyRX, I cannot find positive reviews. I’ve been trying to look around to see if I can find any sort posts / comments / videos expressing a positive experience with skinny RX, but cannot find any. May e 2, but they seem like paid influencers..

I see a lot of comments about their customer service, which seems very good… but nothing about people actually trying the drug ☹️

I have no clue if people are seeing the kinds of the results they want to see. But I’m also not seeing anything about crazy negative side effects either…

I am so worried Skinny Rx is a scam…",2024-11-25,1,4,GLP-1
1gzs1a0,reddit,r/Semaglutide,"One week results! Wow!. This is only possible with my workout and diet: I’m walking average 3-5 lbs, I was 441 one week ago! Now I’m 433! 33 to get out of the 400’s!",2024-11-25,38,6,GLP-1
1gzrskn,reddit,r/Semaglutide,"down 14lbs in 2 months > month 1 > month 2 > start month 3. Last one most recent (today) 

been pretty consistent with smaller portion sizes. get 3mi of steps per day on average but pushing for 5mi this week as last week my friend was in down and I plateau’d a bit. hoping for 20-22lbs down by month 3 end 🤞🏼",2024-11-25,70,3,GLP-1
1gzqpyz,reddit,r/Semaglutide,"First month report. I started at the end of October and have lost a total of 16 pounds as of today, four weeks later. I have had some heartburn on a couple of occasions, but have learned to be really careful how much I'm eating especially on the day I take the injection. By the last day of the week I feel like I could eat more without discomfort, but if I do, when the shot kicks in I feel like shit. Overall it's been a really easy experience and I'm lucky to not have any significant side effects. I just don't feel hungry as much so I don't eat as much.",2024-11-25,6,6,GLP-1
1gzpksq,reddit,r/Semaglutide,"Wegovy Pre-filled Pen Multi-Dose(2.4 MG DOSE). Hello,  I have a Wegovy Pre-filled Pen Multi-Dose(2.4 MG DOSE) 9.6mg. Does anyone know how many clicks it would be to equal 1mg? I cannot find this information and it is frustrating.",2024-11-25,1,2,Wegovy
1gzpb47,reddit,r/Semaglutide,Looking for Feedback. Just looking for feedback. Been on Sema since February. I see so many people who have lost way more in this amount of time and it’s so discouraging. I’ve cleaned up my eating habits and walk 2-3 miles 5-7 days a week. I’m currently on 1 mg per week due to the nausea and lethargy I’m experiencing.,2024-11-25,7,10,GLP-1
1gzp96y,reddit,r/Semaglutide,"What have been your NSVs throughout this journey? I'll share mine below.. Just curious about those non-scale victories everyone has been experiencing as a result of this journey. Sharing mine below.

- Doctors that actually hear and see you when you have an acute injury and not being treated like your medical issue is just because of your weight or like you're seeking pain meds.

- Pretty privilege.

- The ability to buy and wear standard size clothing and not worry whether or not it will fit.

- On a related note, walking into most clothing stores knowing their items will fit and you're not feeling self-conscious for being in that store.

- Comfortably fitting into tight and/or small spaces (e.g. a plane or climbing into the 3rd row seating in a van or SUV).

- My husband's ability to pick me up. And not just lift me off the ground, but actually pick me up and carry me. 

- The fit(ter) people at your gym telling you every so often that you're looking good. 

- Seeing people for the first time in several weeks/months and they tell you how amazing you look. 

- Reverse aging.

- Increased energy to do things with my kids and around my house. 

- Not being afraid of the camera and of unposed/candid photos being taken. 

- Being able to easily eat intuitively and forget the food noise.",2024-11-25,46,6,GLP-1
1gznjws,reddit,r/Semaglutide,Semaglutide. Can someone dumb this down for me by units. I’m trying to see if it’s worth it. I’ll be starting 40 units next week. Thank you,2024-11-25,0,16,Semaglutide
1gzndt6,reddit,r/Semaglutide,Wanting to join Mochi. Hi everyone! I’m tired of being big and tired lol and ready to get some help in my weight loss journey! I’ve been researching quite a bit and interested in joining Mochi but I’m nervous about delivery not going as planned. Is anyone located in Ohio who has had a good experience with mochi services?,2024-11-25,3,10,GLP-1
1gzn5g7,reddit,r/Semaglutide,40 days in 💪. Today marks forty days since I decided to make a lifestyle change! I’m starting to see a difference and it’s so exciting. Semaglutide has helped me immensely with my food addiction.,2024-11-25,341,23,Semaglutide
1gzmk28,reddit,r/Semaglutide,"My weight chart shocked me!. Can you tell when I started my sema injections?! 😅 
Hit 200lbs for the first time in 3 years this AM, and am looking forward to seeing a ""1"" at the start of the scale next week.",2024-11-25,62,12,GLP-1
1gzm3tn,reddit,r/Semaglutide,Any substitutions to Wegovy that have worked for you?BCBS FEP no longer covering,2024-11-25,1,0,Wegovy
1gzlzft,reddit,r/Semaglutide,Travel with Semaglutide?. I’m going to be traveling for three weeks internationally for work and vacation and I won’t have reliable refrigeration. Is there any reasonable way I can bring it with me or should I take a break and reiterate back up when I get back?,2024-11-25,1,6,Semaglutide
1gzlnlx,reddit,r/Semaglutide,6 months and 50+ pounds down! 196-142 in the same dress,2024-11-25,400,42,GLP-1
1gzlal8,reddit,r/Semaglutide,1 month . I’ve officially lost 25 pounds in my first month and I will say my clothes have never fit me better !!,2024-11-25,532,25,GLP-1
1gzl12d,reddit,r/Semaglutide,Diarrhea issues . Back in June I started semaglutide and was in it for 3 mths till I had to have a procedure done. I stopped it for 3 wks/1month. I restarted it 7wks ago today. The 1sr 5 weeks I did 10 units on the lowest dose. Had no side effects and felt great. Lost 8lbs. Then I went up to 15 units last Monday and starting on Wednesday having bad diarrhea. It’s been  keeping me up all night long. I’d it happens thru out day it wouldn’t bother me so much. But every 2hrs and for 30/40 mins each time. Just water. TMI I’m sorry… I’ve taken Imodium and it hasn’t touched it. I skipped today and won’t have it bc my body can’t handle worse issues with it. What do you think is causing it? I don’t have these symptoms last time. I don’t know maybe if I start taking it again this week or next week if I should try a different site and see if that helps is there a different kind of medication that I can take to help the diarrhea not be a diarrhea? Any advice would be great. Thanks,2024-11-25,1,9,Semaglutide
1gzkunw,reddit,r/Semaglutide,"Semaglutide Allodynia. Hi guys I just found this after googling all day. I’m on week 9 of semaglutide and the burning sensitivity started 8 days ago. It’s exactly as if I was sunburn specially when clothes to rub against it. It’s near my knee lower thigh area. For reference I’m not injecting on the leg, I do lower abdomen injections. Did anyone get this places where the injection site was different ? Does it go away?",2024-11-25,3,9,Semaglutide
1gzk34y,reddit,r/Semaglutide,"One week completed on being 0.25 wegovy. Hi, it’s been one week since I started taking the 0.25 mg Wegovy injection, but I haven’t noticed any weight loss yet. I’m curious—how long did it take for others to start seeing results? Did anyone notice changes in the first week itself?",2024-11-25,1,12,Wegovy
1gzjyx2,reddit,r/Semaglutide,Taking one day early?. I’m going out of town Wednesday for Thanksgiving. I usually take my injection on Wednesday nights but don’t want to have to try to bring it with me and keep it cold on the 5 hour drive. Is it okay to take it Tuesday night instead?,2024-11-25,7,22,GLP-1
1gzjlx9,reddit,r/Semaglutide,"Feel like passing out at the gym?. I am supposed to take my second shot (10 units) tonight. I am a big gym goer and lift weights/exercise most days. This last week I was so lightheaded/low energy and had to hang onto the machines as I stood or else I would have passed out. Is this normal for the first week?? And does it get better? I also feel weak as hell at the gym because I can’t lift what I normally do. If this is how my gym experience is going to be the whole time I’m thinking about stopping because it is such a big part of my life. I see people in this group who are squatting double body weight and doing CrossFit but I can barely stand up after a heavy set. SW 168 CW 163. 

I am also a having a hard time with food noise still- I’m constantly nauseous but also feel hungry at the same time? 

Thanks for any comments or help ☺️",2024-11-25,0,17,GLP-1
1gzj1ui,reddit,r/Semaglutide,"From 242 to 199. Eating well and keeping busy :-) . Before pic: May 2024, after pic: November 2024. Feels good, 6 important months.",2024-11-25,195,10,GLP-1
1gzid8j,reddit,r/Semaglutide,"Teen with PCOS - looking for provider . Hello, we just found out my 16-year-old daughter has PCOS. We are looking for a provider who would prescribe semaglutide. I would rather try that than putting her on birth control or other medication‘s. She is only slightly overweight, so she would not qualify for semaglutide the traditional route. I have been researching the benefits of microdosing, and I am sold on the benefits. Now just looking for a provider. Thank you!!",2024-11-25,0,11,Semaglutide
1gzhs0e,reddit,r/Semaglutide,"Bad habits gone, the good habits are, too. Craving smaller quantities of less healthy foods. Can’t stomach healthy foods Fitness gone down. Motivation to exercise vanishing. Can anyone relate?. Obviously not a blanket statement.

While I crave nicotine, alcohol, food less (my health needed all of the above to be improved)… diabetes is also in my genes.  

I also had some especially good habits before going on Sema that are now much, much harder to keep up.  

You wouldn’t look at me and know it, but I was an athlete and had a great workout routine. I had to work really hard for a long time to instill these habits.  Even once those habits were established, I still wouldn’t get excited to go for a run or hit the gym and lift (especially as someone in a larger body who hates being looked at)… but I did it anyway.  Some part of me did want to, or learned to want to.  

Now my motivation and strength are truly a fraction of what they were.  I feel like I backpedaled years.

I’m losing weight. I’m also losing muscle. I know this can be helped with protein, but that’s the other thing…

Before sema, as many of us have, I’d tried a lot of things to lose weight. And after much trial, error, failure for years… I did establish some long term consistency in both exercise and food choices.  

I already developed a much improved routine of higher protein, healthy foods. Nothing was working in terms of my weight, and I still had issues with binge eating, but the habits and appetite for these things was well established. I just didn’t have to think about it and acquired a taste for healthy food and a high protein diet. 

I liked healthy food in large portions and had binging issues (emotional) which have been significantly improved.

Now I literally cannot bring myself to think of a salad. It sounds disgusting. When I do get hungry and have cravings, I crave absolute crap. Not just anything and everything, a lot of stuff does sound unappealing but I crave things like… cake. Plain vanilla cake. Glazed donuts. Fried food (which I actually never liked). I can’t bring myself to eat the healthy meals I prep at the start of the week. Truly.

So yeah. I eat less now on Sema. Binging is all but gone, but I crave and eat poor quality foods in a way I didn’t before. Quantity improved. Quality suffered.  

My fitness is measurably worse in terms of biometrics.  Heart rate and blood pressure have gone up since my cardiovascular routines have suffered. I am less strong than I was.

That’s my rant or open question for discussion. Has anyone else experienced this? Does anyone understand it? I’ve been experimenting (dosage, methods/trying to hack routines) and can’t figure it out.

Thanks in advance. 


xxxxxxxxxxxxxxxxxxxxxx

In case anyone wonders: I have consulted more than one general doctor in addition to psych / therapy which are systems I already had in place). both GPs said the diabetic prevention from weight loss and improvement in cholesterol outweighed the downsides here, and basically suggested it was a motivation issue and I should stay on Sema. They didn’t seem to not “care” about the downsides and encouraged me to resume the good habits talked about, but suggested the decision about being on it wasn’t really something to reconsider. Basically: try harder.  I really don’t know how to explain how drastic the change was and how absent my motivation is. Therapist doesn’t seem to think there’s been any decline in my mental health (I’m not perfect by any means but basically does not see any change per se, if anything my seratonin is suffering from less exercise tho) and indicates it’s just a habit stacking issue / reconfiguration but man I’m really trying here. Binge eating improvement is seen as largely related to the physical effects of Sema. My progress in the psych department of related issues is a long term project. The trajectory of that hasn’t changed in any meaningful way for the good or the bad.

So i dont want medical advice. I know that’s a rule of course… but you know what I mean? I don’t think my proactively there is a problem?  I want to know if anyone else can relate and what worked for them / if they decided to stay on. Hope that makes sense.",2024-11-25,13,17,GLP-1
1gzfd71,reddit,r/Semaglutide,"Hangin in here, losing slowly . I’m losing just over a lb a week, and as someone with a long history of crash-dieting, going so slow feels like it’s not working. 

So I go back to the data and see it adds up. 

Notably this is without changing my diet. This is only semaglutide making me stop eating as much as I did prior. I know if I made better food choices, I’d be losing more quickly, but all the testifying over the years have me binge eating disorder, and I’m finally not that person again. 

I’ll take a slow loss. Sticking with it. Hope someone finds this encouraging!",2024-11-25,23,3,Semaglutide
1gzdfy6,reddit,r/Semaglutide,"Day 5 Week 1. So it’s day 5 week 1 and the food noise is back with a vengeance… i just downed two activia yogurts as a bed time snack 

I’m guessing it’s still early for it to build up … but it would be good to hear your experiences",2024-11-25,1,8,GLP-1
1gzdbda,reddit,r/Semaglutide,"Waiting for insurance…. I’m super nervous that my insurance won’t approve me. I’m 41, 245 lbs/BMI like 42. But I don’t have diabetes or any significant health issues. I’m waiting for the prior authorization to get approved and I have no idea what my doctor submitted as the medical rationale. 

Any success stories to give me some hope?",2024-11-25,1,4,GLP-1
1gzd4aq,reddit,r/Semaglutide,Do you guys still take your shot if you're sick with a cold or flu?,2024-11-25,1,5,GLP-1
1gzbvye,reddit,r/Semaglutide,"How long have you gone between shots? . Have you ever gone past the 7 day recommendation? If so, for how much longer?",2024-11-25,1,6,GLP-1
1gzbvgh,reddit,r/Semaglutide,"What was stopping semaglutide like?. Hi all, 

Whether you quit cold turkey or tapered off per your providers order, can you share your experience? 

Thank you",2024-11-25,3,8,Semaglutide
1gzb873,reddit,r/Semaglutide,Bloodwork?. Hello everyone. Did you have to get bloodwork ordering weight loss medication through hers?,2024-11-25,1,3,GLP-1
1gzb3nm,reddit,r/Semaglutide,"Hair loss . Been on semaglutide for 9 months. Lost 30-35lbs and am in a healthy BMI, but 10 lbs from my goal weight. 

Lately I’ve been noticing I’m losing more hair. But I just took a shower and the amount of hair I was losing was shocking. Honestly, it seemed worse than postpartum hair loss. 

Now I’m kinda panicking. I love this med and don’t want to stop taking it (the massive reduction in my anxiety related to my weight and losing it is amazing), but I also don’t want to lose my hair. 

I’ve heard this is a side effect for some. Can anyone relate? Any advice? 

TIA!",2024-11-25,1,5,Semaglutide
1gzb2yq,reddit,r/Semaglutide,"First Shot tomorrow .25 . Wanted to know what everyone’s thoughts are. I start my first shot on Monday then have to fly out for the holiday. Was wondering if I should wait another week to get back into town incase I have side effects.

I know everyone is different, wanted to see what you seasoned vets think. 

6’3 - 278 - very active, only drink water, eat healthy just hard to cut weight. 

Thanks",2024-11-25,1,4,GLP-1
1gzatq0,reddit,r/Semaglutide,"Gaining weight again off SG😭. Warning, if you get off all the food noise comes back 10 times worse.💀😭😭 I’m struggling so badly… I lost over 30 pounds when I used a semaglutide medication for about 4.5 months in addition to calorie deficit and heavy exercise. I have gained back 11 pounds in 2.5 months being off it. I’m so stressed and all I can think about is food. This sucks:( I loved the med, but I can’t be on it because I joined the military and am a flyer and didn’t tell anyone and am scared to ask to get it prescribed.. idk how to possibly get it through tri care? Any help please 😭",2024-11-25,1,4,Semaglutide
1gz9trs,reddit,r/Semaglutide,I lost my entire ass.  . I’ve hit my goal weight (post baby weight) and my whole entire backside went with it. I had a nice round backside even at this original size. Should I stop the maintenance meds?,2024-11-25,13,35,GLP-1
1gz9ctl,reddit,r/Semaglutide,"Weight loss help. I went to my pcp in May 24 and asked if I could be put on the
Semaglutide shot as I was boarder line diabetic and also experiencing migraines. She looked at me, up and down. Then proceeded to tell me that I needed to learn self control! And that a shot would not help me. 
As I was sitting there, I was thinking how much self control I was actually exhibited because I did not get up and smack the taste right out of her mouth. Dang it. She was a new doctor for me, as our insurance had changed, so she clearly did not know very much about me. 
Fast forward to today. I found a wellness clinic that was willing to help me with my weight loss and also has given me tools to help me stay on track. 50 lbs later. I am so grateful that someone listened and was willing to help me with my journey.",2024-11-25,166,38,Semaglutide
1gz93q6,reddit,r/Semaglutide,"8 week update. 8 weeks, starting dose .16 up to .25. Lifting weights 3x a week and one bootcamp style workout. High protein and about 1500 calories a day. Been such a game changer for me! SW:206 CW: 189. I don’t have a goal weight in mind!",2024-11-25,241,16,GLP-1
1gz8j4u,reddit,r/Semaglutide,how long did it take for your appetite suppression? . im on 0.25 dose once a week. I just took my first dose about 3 days ago. I feel no side effects at all and my appetite is still pretty insatiable :/ I know its only been a few days but a friend told me she started feeling side effects and appetite suppression like 2 days in. Im just wondering what everyones experience is and if I should consider switching to mounjoro,2024-11-25,10,37,GLP-1
1gz8gq1,reddit,r/Semaglutide,"Coming off of Semaglutide. Has anyone ever tried coming off of Semaglutide permanently? 

I’d really like to come off once and for all but I’m so scared my cravings will come back and I’ll gain all the weight back. 

Anyone have any recommendations for coming off?",2024-11-25,8,9,Semaglutide
1gz834e,reddit,r/Semaglutide,"Progress - 14 months on semaglutide + HRT paired with 18 months of CrossFit . My before photo is quite humbling but I’m grateful to have it for reference. My SW with CF was 205, I was 195 when I started semaglutide and HRT, CW is 162. I’ve dropped from 41% body fat to 25%. My worst side effect has been nausea which primarily peaks if my heart rate gets too high during a workout. This has been in no way quick or easy - I prioritize protein with meals and snacks and I’m in the gym at least 4 days/week. I do not count calories or macros. I’m so happy with my progress and finally get to check a wish list item off next month - a breast lift and reduction! I have to stop the injections for around 4-5 weeks which I’m a little nervous about but am hoping it will be an opportunity to wean down to a lower dose.",2024-11-25,566,41,Semaglutide
1gz7jgd,reddit,r/Semaglutide,Dizziness. I went up to.50 I am dizzy and achy. The NP keeps telling me I’m not drinking enough water. I have an appointment tomorrow to discuss. If I am going to feel this bad it won’t be worth it to continue.,2024-11-25,3,5,GLP-1
1gz7dkl,reddit,r/Semaglutide,"Not sure if this is related to Semaglutide use or not…. I am just about 57 y/o, I started meds right around the beginning of June and it’s been working just very slowly. In the beginning I had horrible heartburn, upset stomach and tiredness, but after I was to about 50units the GI issues subsided.  I have always been tired and have fibromyalgia so I have always felt pretty crappy on a daily, however for months now my energy is depleted. I have never been this tired in my life, I get up and have maybe 3 good hours before I start getting really tired, confused, and making mistakes at work. All of my body hurts and my joints hurt to the touch, my hair “hurts” if that makes sense. I am cranky and miserable. My hair is falling out at a great rate, I have half of what I used to have. My skin is dry, my eyes hurt, and I feel like I can’t pull my weight around the house.  Is this the medication, or should I be looking further and asking my doctor what could be wrong? Had a Lyme test and had a couple of IgG bands as positive, but it’s not Lyme. Does any of this sound familiar to anyone? I think I only see such positive reviews from people, but the timeline for all of this fits from when I started the medication. Any help would be great! Thank you!",2024-11-25,6,3,Semaglutide
1gz6su2,reddit,r/Semaglutide,Changing Companies. I need to change my pharmacy because I am being over charges. $500 a month! Is their telemed doctors out there that will start me at the higher dose rather than pushing me back to the starting dose?,2024-11-25,2,7,GLP-1
1gz6shk,reddit,r/Semaglutide,@tenuissweightloss offers. @tenuissweightloss now offering 5 percent off their 6 and 12 week plans.,2024-11-25,0,1,GLP-1
1gz66wa,reddit,r/Semaglutide,"My doctor started me out on .2mg. Three weeks in and I feel NOTHING, just as hungry as ever. Going to be increased to .4mg at week 5. . I'm 56m, 210 pounds, wanting to lose 40 pounds.

Is by doctor being way too conservative? Anyone else start this low?",2024-11-25,3,12,GLP-1
1gz66sn,reddit,r/Semaglutide,"Digestion issues. I started semaglutide in September and some weeks I’ve had zero side effects, but pretty consistently I have been bouncing back and forth between constipation and diarrhea. The last few days I’ve had a constant tightness across my abdomen, like I’ve done a thousand sit ups. Is this just normal? Is this something concerning? I am slow and steady losing weight, and I want to keep this up, but I’m so worried about gastroparesis,or blockage.",2024-11-25,1,3,Semaglutide
1gz60ur,reddit,r/Semaglutide,"Updated weight loss pics . SW: 170
CW: 130
GW: 115",2024-11-25,238,22,GLP-1
1gz5wst,reddit,r/Semaglutide,Has anyone not had nausea or vomiting?,2024-11-25,7,22,GLP-1
1gz5uqh,reddit,r/Semaglutide,weight loss . i have been on for two years. first majouro now ozempic. I reached 5mg for majoura then for insurance switched i am prescribed 1mg. i maintain my weight but haven’t lost a decent amount of weight. i don’t eat a lot. health reasons I can’t exercise like i want to. i have been in physical therapy and numerous procedures. doctor are trying to increase my ozempic to 2mg. will it make a difference? what do i need to do?,2024-11-25,3,6,Ozempic
1gz5rqs,reddit,r/Semaglutide,"Too soon for gallbladder issues?. I realize gallbladder issues stem from rapid weight less which I have not experienced as I’m only on week 3. However, in the last few days I’ve experienced dull pain on my right side under my ribs. It sometimes wraps to the back and I feel nauseous all the time. 

I’ve read here is could be gastrointestinal or possibly gas? I’ve tried Zofran, ibuprofen, hot tea, rest and it still comes and goes. Any tips?",2024-11-25,3,21,GLP-1
1gz5r0b,reddit,r/Semaglutide,Best at home workout routine?. I’m currently on Sema and I am needing to start a workout routine. Anyone have a routine they love?,2024-11-25,2,4,GLP-1
1gz5mzy,reddit,r/Semaglutide,Tightness is throat . I can breathe and swallow just fine but my throat feels like someone is pressing on it. It started a few days ago and was preceded by some weird muscle twitching in my diaphragm area but slightly to the left. Not painful at all just uncomfortable like I am choking? Anyone else experience something like this on semaglutide?,2024-11-25,1,6,Semaglutide
1gz5hs5,reddit,r/Semaglutide,Joint pain with ozempic . Has anyone experienced joint pain after using ozempic I love the weight loss but been having a lot of joint pain,2024-11-25,2,6,Ozempic
1gz59n4,reddit,r/Semaglutide,"Wegovy burning tounge feeling.. Hey, have been on ozempic and recently switched to Wegovy, and my dose is 2mg.

Since then, I have a feeling of burning on my tounge, like drinking hot water. It appears that it is side effect of the medication. 

Any experience and advise?",2024-11-24,1,6,Both
1gz4nsg,reddit,r/Semaglutide,NSV wearing the same shirt,2024-11-24,1,1,GLP-1
1gz4js2,reddit,r/Semaglutide,5 weeks in so far so good. . Down 15 on my way to 65.  Hope this continues to go well.,2024-11-24,17,6,GLP-1
1gz4fbl,reddit,r/Semaglutide,Size 24 to 12… feeling overwhelmed.,2024-11-24,1,1,GLP-1
1gz4cum,reddit,r/Semaglutide,Better refund from Hers?,2024-11-24,1,0,GLP-1
1gz41op,reddit,r/Semaglutide,"Cool feeling: eating with my eyes. Anyone else experiencing this? I feel like I’ve developed a super power where I can look at food or a drink and almost taste it. Since I’m not hungry most of the time, the result is that it is almost as if I actually at the thing. I’m on a cruise right now and had a great time this morning strolling the buffet, just enjoying *looking* at everything, before having an egg white and veggie omelet. Since we get free drinks, I’ve also been ordering them, taking a tiny sip, and then watching my travel partner drink the rest, and it almost feels like I’m the one drinking it!",2024-11-24,11,2,GLP-1
1gz3vqb,reddit,r/Semaglutide,Getting ready to travel by plane. Is there anything I need to know to make traveling with my semaglutide and syringe?,2024-11-24,5,10,Semaglutide
1gz3qxa,reddit,r/Semaglutide,"Progress pics, Dec 23 to Nov 24. Here I am with my fiancé in Dec 23 at 251 lbs and again last night at 212. I started in February. It was a success having the tailor refit the suit for me! My goal weight is about 210, and I believe I will begin to taper off after the holidays.",2024-11-24,65,8,GLP-1
1gz2vtb,reddit,r/Semaglutide,"160lbs. Scale victory, 160 lbs this morning! Sw 224 cw 160 gw 140. Don't mind my weird background 😂 8 months sema",2024-11-24,71,10,GLP-1
1gz2l6z,reddit,r/Semaglutide,"How long?. I know the answer is it's different for everyone, but ... how long until the weight loss begins?",2024-11-24,1,7,GLP-1
1gz1wcn,reddit,r/Semaglutide,"Mood. Second week and not sure if this is related but I took my second shot yesterday and didn’t want to eat much today. Had a protein shake, a coffee and later in the day, a bowl of noodles. Mid day my mood tanked. Got mad at my husband and couldn’t come back from it. Granted I’m perimenopausal and a bit tired today but … any tips on how to manage the hangries? I suspect that’s part of what this is about it.",2024-11-24,0,6,GLP-1
1gz0w8k,reddit,r/Semaglutide,"Confused as to what’s going on. Can you explain?. So I’m on my 3rd month of Sema. I’ve lost about 8lbs. That’s it! I eat about 1/3 of what I used to as far as portion size. I do NOT exercise. I have no energy. Just enough to get thru my day at work. So here’s what I’m confused about, my clothes are getting really big. For example, I used to hook my bra on the second to last set of hooks (almost as big as it can get). Then for the past month I was able to move it to the third row of hooks. Yesterday I was able to move it to the 4th and last row! My jeans are too big, I can finally close some shirts and jackets that I couldn’t before. All of this is AWESOME!! But…. What I absolutely don’t understand is why in the world my scale doesn’t budge?! I started at 252 and I’ve been hovering at 244 for 2 months despite my clothes getting bigger and bigger. 
My dr said it’s because of working out and that muscle weighs more than fat. I just went with it but in reality, I’m not exercising AT ALL! So how is this possible???",2024-11-24,8,40,GLP-1
1gz0q47,reddit,r/Semaglutide,"Dear food industry - a wishlist of new foods. I hope you are lurking here looking for ideas for new products for semaglutide users, because there is stuff that I need from you.   
  
\- Individually packaged snacks. Preferably high protein and fiber, but id be happy with just high protein. Actually I would be happy with pretty much anything prepackaged at about 200 kcal, sometimes I just don't have it in me to register my macros without a bar code. The food doesnt have to be inventive. Put unsalted mixed nuts or cheese and crackers in individual packets. Or maybe tahini dip/carrots, guacamole/bell peppers, blue cheese/celery. Give me a bar code good for one of those individual servings and please take my money!

\- Smaller freezer meals. I don't eat a normal portion in one sitting, it's annoying to figure out how much I ate and change the macros because i scanned them when I started eating and was full of unfounded bravado about eating the whole thing. A smaller portion would solve that. 

\- Sell freezer meals in packs of several. Before sema I wouldn't buy multiple of the same kind of freezer meal. Actually I selldom bought any freezer meals, they were bland and boring. Now a five pack of the same, small portion, freezer meal sounds like a great idea! Bland and boring optional, not a deal breaker. 

\- Build-a-meal. Individual portions of chicken or other protein and veggies. Maybe sauces aswell, but not as needed. Today I have a little protein left over from last nights dinner, I take out one of your companies fine servings of veggies and boom I got myself a meal. Or im out of everying and mix a packet of turkey sausage with a packet of brussel sprouts. 

\- Clear whey in a can. Easier to drink than a traditional protein shake, but sometimes I don't have the option or energy of mixing one. 



Some of these might already be available, me being in Europe means I might be missing out. In that case it's a wish for them to be released here aswell.",2024-11-24,0,5,Semaglutide
1gyzvqe,reddit,r/Semaglutide,"Affordable GLP-1??. I'm on my third month with Jack & Jill. Honestly I only went with them because the introductory price was $99. Now of course it's $300, which I knew beforehand. Is there anywhere to get it more affordably? I have insurance that covers it, but only for pre/diabetes treatment. Anyone know a way around that limitation?",2024-11-24,2,6,GLP-1
1gyzfvs,reddit,r/Semaglutide,One year progress pics . Tbh when I started sema it was very difficult for me to see any progress as I feel I didn’t really start losing until almost 6 months in. But seeing these two pics taken one year apart feels like a different lifetime. The side effects in the begging were hella rough.. the nausea and the fatigue was really hard to get used to. But it was worth it and I would not go back and change a thing. I feel incredible inside and out. For reference I’m 5’3 and in my 30s SW 183 GW 135 CW 130.,2024-11-24,232,15,GLP-1
1gyz2tm,reddit,r/Semaglutide,Swapping from compounded tirz to sema,2024-11-24,1,0,GLP-1
1gyywww,reddit,r/Semaglutide,"High cholesterol and semaglutide question. I have an an appointment with my primary care physician next week, so most of these questions will be answered. Would still be interested in hearing people thoughts and see if anyone is in a similar situation.

I’m 4’10 and about 120lbs. I used to be 105lbs but the past 1.5 years I gained weight. I’ve tried dieting and it’s just not working. I love food and cannot control my cravings. I walk 4-5 miles Monday to Friday and 1-2 miles on the weekends. Not sure active, but not sedentary.

I am going to ask my doctor to put me on semaglutide. I wouldn’t care about the weight gain, except I have high cholesterol. Apparently I’ve had high cholesterol since I was a teenager after looking at old medical files. My pediatrician never put me on anything, just noted it. My previous doctor said not to worry about it because I was 110lbs and it borderline. I saw my doctor again after losing 5lbs and it decreased to the higher end of normal. Haven’t seen the doctor in about 1.5 years and since then, I’ve gained 15lbs and my cholesterol is high after getting bloodwork done thru work.


It’s genetics and for whatever reason my body produces too much cholesterol. However, the weight gain is making things worse. So anyone have experience in taking semaglutides and have high cholesterol? Have your numbers decreased? I want to avoid statins",2024-11-24,2,4,Semaglutide
1gyyq7k,reddit,r/Semaglutide,Slow and steady . It’s not a sprint!,2024-11-24,31,2,GLP-1
1gyyo7m,reddit,r/Semaglutide,"50 lbs. That’s it. I’ve lost 50 lbs and for me it’s a big deal. 180 to 130 and I’m 5’3”ish.  I see people my height who are 110 and look great, but I don’t think I can get down to that. Even at the time that I looked best I was 140 - I was a semi-professional gymnast, so I had a low body fat % and was still considered overweight. That was a decade ago. 

So I weigh less now than I have since my 20s. I still have a lot of muscle and go to the gym a lot -  I can now squat 2x my body weight. I’ve revised my goal downwards now to 125 and my husband thinks I can get to 120 if I want to. The goal is to get thin enough that I can get pregnant and gain 25 lbs and NOT trigger my PCOS and get gestational diabetes. My particular PCOS symptoms really don’t evince themselves until I get to about 150, then I gain weight fast, my insulin acts the fool and my skin rebels against itself. 

Anyway I think I just wanted to share this milestone. And say that I was occasionally getting discouraged seeing how much less people my height were able to get to but that I shouldn’t have been. Bodies are different - some are crazy muscular and will weigh more even if we look the same. And that sometimes the weight loss takes awhile. I see people hit their goals in 5 months, mine took over a year.",2024-11-24,181,19,GLP-1
1gyyd9x,reddit,r/Semaglutide,"Retarting today. Why do I feel discouraged/unconvinced again . Why is my brain so stupid ? Convincing me its not gonna work this time ? Is my MH really that bad? 

Started April 2024 - October 2024 , start weight was 198 , end weight was 163. Ended on dose 1.25 (I increased slowly) 

I took a month off to see how I maintained , also to give my stomach a break from side effects(were pretty rough) 

Current weight after 4/5 weeks is 166
I took .25 Friday,  then .25 Saturday. 
Weighed myself today and im 167 -_- 
I still feel a bit hungry, little less then when I was off .

In my brain I'm telling myself again it won't work . 
That I'm not gonnangonany lower,  that I'm gonna keep gaining . That it ""doesn't work anymore"" ..

I feel okay and wondering if I should take the rest today and do the 1 or 1.25 but I don't wanna get sick . But I also don't feel like it's working as strong as before when first started .

Not sure what to do . I'm super stressed , my own brain is abusing me and my worst critic...

I just wanna get to 150",2024-11-24,1,4,GLP-1
1gyxrnf,reddit,r/Semaglutide,Not losing any weight tips??? . So I have been on semaglutide since August. I have been the same weight since September 1st. It will fluctuate a few pounds but I’m back at the start. I have been working out 3/4 times a week. I am now on 40 units. Moving up to 50 units today. 2.4mg potency. Should I just stop or switch to tirzepatide or move up to the 5mg dosage? I don’t know what I’m doing wrong. I know people who have lost up to 60 pounds and they aren’t even going to the gym.,2024-11-24,0,29,Semaglutide
1gyxel7,reddit,r/Semaglutide,Splitting your dose. I saw someone post about how she splits her dose to avoid side effects. Is anyone else doing this? I’d love to know more about how this has worked out short term and long term.,2024-11-24,1,4,GLP-1
1gywakb,reddit,r/Semaglutide,"Help me kick this last side effect. Help me tame this last side effect

Greetings. Started sema about 2 months ago. I was rocking and rolling without any bad effects, and some moderate suppression until about week five, but it was time to titrate up anyway. Went from .25 to .5 and the suppression was back and everything was great. Fast-forward to about 8 days ago, 2 days after I took my third .5 injection, I woke up in gastroparesis hell. Nausea that was 11/10, sulphuric burps, cramps and burning belly pain, constipation, absolutely zero appetite. All the good things that I thought I had avoided.

The first 2 days of this were awful, I couldn’t even get out of bed and I was in pain pretty much 24/7 and considering going to the minor emergency clinic. However, I knew I’d read that this was pretty common and I’d read lots of things to try so I started throwing things at it. I’ve made all these things “tolerable”, except for 1 things and it’s still impacting my ability to get rest.

That symptom is- every morning between 3 and 4 AM. I wake up with what feels like a massive gas bubble in my belly, Sulphur burps, and nausea. So bad that no matter what I do, I can’t shake it off and have to get up. Once I’m up and about I can pass enough gas and get a bit of food in that I feel better, but I would like to skip this part so I can sleep a full night. I know digestion is slowing, but surely there is a way to keep this stew from cooking all night long.

What I’m taking/doing:

3x pre/probiotic each day
Papaya enzymes after every meal 
Pepsid before dinner
Eating dinner 3 hours before bed
Small snacks throughout the day
Tums/nausea meds as needed
Water all day long
Miralax each morning
Fiber gummies as I can (not eating well, low appetite)

All the other symptoms have let up and are just there and annoying. Help me kick this last one. Any tips?",2024-11-24,4,9,GLP-1
1gyvyj4,reddit,r/Semaglutide,Help me tame this last side effect,2024-11-24,1,0,GLP-1
1gyvq3y,reddit,r/Semaglutide,First shot today!. Hi! Got my first shot today by myself with my mom who’s a nurse assisting me. I am starting on .25 (10 units on syringe) but when I gave myself the shot some of the meds came out because I pressed on the syringe accidentally before getting the needle all the way in my skin. Anyone else experience this? I was so nervous but wanted to led red how to do it on my own lol,2024-11-24,2,12,GLP-1
1gyvkts,reddit,r/Semaglutide,"Realignment with food . I just finished my first month on sema and I feel like my thoughts about eating and food are shifting. 

Prior I was really sweating about staying under 1500 calories a day (and failing often). 

Now I'm pushing myself to get to 1200 cal a day and getting enough protein. That feeling I thought was hunger is likely thirst. 

And 1200 calories seems like so much food now.",2024-11-24,2,2,GLP-1
1gyvkna,reddit,r/Semaglutide,Blue Shield sent me a home AC1 test?. I am so confused. Blue Shield sent me an at home AC1 test. Then they sent me a follow up letter. I have had multiple blood tests this year done in a lab. Has anyone had this happen? I feel like they are setting me up to deny my coverage. Can they require a blood test? They aren't my doctor.,2024-11-24,2,5,GLP-1
1gyvhb1,reddit,r/Semaglutide,Breaks plateau after big meal?. Hi everyone! Does anyone notice a plateau break after a night of eating a big meal? I notice every time I eat a big meal the morning after I’m down two lbs?! This has happened three times. Been on sema almost 3 months now,2024-11-24,6,6,GLP-1
1gyusz6,reddit,r/Semaglutide,"I love this medication . 33 F,  5'6 SW 182 GW 155 Current 171.8 
Can you tell when I started semaglutide? I had no idea how much ""food talk anxiety"" I had previously before starting sema. I've been trying to lose weight for the past 5 years after the birth of my daughter, and made the decision to give sema a chance. I'm so thankful, I could honestly cry.",2024-11-24,53,9,Semaglutide
1gyuna6,reddit,r/Semaglutide,"It works for me, but a lot of efforts l. Two years ago, at the heigth of COVID I was told on my annual check-up that my glicemia level was at 6,8. That’s one small notch below being diabetic (7).

I started dieting, cut most of my sugar intake, switched to non-alcoholic brevages, quit snacking at night and so on.
After a year, my level was at 5,8, much better but still worrysome. During that year I hoovered around the 285lbs mark.

So I gave it another spin. More water and fruits, less fast-food & more healthy one, less unalchoolized drinks and eventually starting to move around a bit more. Got down to 245lbs, I felt good.

That’s when I started with Rybelsus. Could not feel much effect during the 2 ramp-up months, but when I got to full dose (14mg), I really felt the impact on my appetite. I was eating less and felt full quickly. After a month of pills combined with exercising and getting active much more (hunting season started..), I got down to 215lbs. This was my weight at 35, some 30 years ago… I was really satisfied.

Since that day (2 months ago), I started taking one 14mg tablet every other day. I’ve managed to stay at that weight, even if every now and then I would gain a few pounds and re-loose them as quickly. I must admit that food cravings are more common, I indulged in snacks and « bad food » here and there. Costs for medications is cut by half (from 250 to 125$C / mth). New pants were required (waist down to 36 from 40). I took out a lot of clothing pieces that I had put aside over the years, because they became too small or tight.

I’m retired, so I don’t need to « share » with a lot of people what is happening to me, just good friends & family. But I do get a lot of unsolicited compliments from people not close to me that notice the change.

Just wanted to share « my » journey, since not 2 are alike.

PS : I will try, eventually, 1 pill every 3 days. Stay tuned… but unlikely b4 a few months",2024-11-24,45,3,GLP-1
1gytopk,reddit,r/Semaglutide,Semaglutide after VSG? . I’ve lost 120lbs in two years form VSG but have been a plateau since July. Still want to lose 50 more lbs. anyone have experience with GLP1 after bariatruc surgery?,2024-11-24,2,6,Semaglutide
1gytngl,reddit,r/Semaglutide,"It’s working … down 6 lbs in less than a week. Just finished week one on Semaglutide (low starting dose of .25 mg). I was down 6 lbs by day 6. It has done a fantastic job curbing my craving for soda (literally have not drank soda since I started it, and no caffeine withdrawal headaches either). I have done Zumba (dance cardio) twice a week for 1 hour sessions each for YEARS, but that went from aiding my weight loss, to plateauing, and simply just for recreation. However, I’ve continued with Zumba since starting the Semaglutide and started drinking protein shakes and taking B12 vitamins. Impressed so far. Good luck to everyone!",2024-11-24,14,18,Semaglutide
1gytn6z,reddit,r/Semaglutide,Semaglutide after VSG?,2024-11-24,1,0,Semaglutide
1gyt78d,reddit,r/Semaglutide,"Onederland! Now to maintain it through Thanksgiving! . SW: 230 
Dose: .5 mg
Started taking Semaglutide August 1st. Slow and steady! 
GW(5’5” F): Realistically 175, Hopefully 150",2024-11-24,227,9,Semaglutide
1gys14d,reddit,r/Semaglutide,"Weight loss stalling out. I’m starting to freak out, because my weight loss sort of stalled out this week.  I don’t know if I’ve hit a plateau, but more or less I’m +/- 0 over the last 7 days.

I was averaging about 2.5lbs a week, and hoping it’s a one week thing, just worried that my body is pushing back as this is where I typically get stuck when it comes to weight loss.

Anyone else ever stall out, anyone have advice.  How do I break through it?",2024-11-24,7,11,GLP-1
1gyrye9,reddit,r/Semaglutide,"Anyone have stomach issues after stopping semaglutide?. My last shot was a few weeks ago and my stomach feels terrible. I am nauseous, bloated, constipated, diarrhea, etc. I assume my body is trying to adjust to coming off the meds. Any suggestions on what I can take to comfort my stomach during this time?",2024-11-24,5,6,Semaglutide
1gyry8g,reddit,r/Semaglutide,"anyone experience this ?. So for the past week i’ve been extra active, and my food intake has been minimal. No sweets at night which is usually something i have after dinner, just busy busy and eating minimally. I lost no weight. But on the weeks where it’s the opposite, and i’m eating more ( whatever I want, including sweets) I will have dropped a few lbs.",2024-11-24,11,7,GLP-1
1gyrggh,reddit,r/Semaglutide,"Body aches . I started 2 mg 2 weeks ago of ozempic (semaglutide).  I have the worst body pains my legs,back, knees ect).  Anyone else experience anything like this?",2024-11-24,3,5,Ozempic
1gyres6,reddit,r/Semaglutide,"When does wegovy 2.4 start working? . I started on wegovy in April and have lost about 12 kg since then. Started 1.7 in September (ish), due to not having effect on 1.0 anymore. Never got full effect on 1.7, and food noise has steadily increased. Not lost any weight since August. Took my first dose of 2.4 last Sunday, but I’m still not having the same effect as I did when I first started in April. Do you guys think wegovy will start working again, or is it a lost cause?",2024-11-24,2,3,Wegovy
1gyr6qm,reddit,r/Semaglutide,"Sleeping too much on semaglutide. My average sleep need per night without the shot is a little under 7 hours. Now I’m averaging sleeping 90 more minutes per night, averaging almost 9 hours per night. This is every single night! I feel like I’m sleeping my life away! Does anyone have this problem? I’ve been taking the shot for months now and the more I titrate up the more I sleep.",2024-11-24,23,41,Semaglutide
1gyr29c,reddit,r/Semaglutide,"New here, 2 weeks in and not a pound lost. Feeling a little discouraged.. I just started my journey Nov 11 and I am hungrier now than I have ever been. Then I eat, then feel nausea. I need to make a massive diet change and am a carb and sugar addict, and I like my wine, LOL. Welp, not anymore -- I hate the way it makes me feel and feel discouraged I have not lost a pound. I am working out 30 minutes a day cardio because I want to try to avoid loose skin  - I am in my early 50s, F. My portion sizes are smaller but I need ideas on fiber rich meals that I can stomach, because I am so hungry, then sick right after eating.  SW 209, GW 145",2024-11-24,0,23,GLP-1
1gyqbsc,reddit,r/Semaglutide,"Haven’t lost any weight/ rant. I started using wegovy 5 weeks ago, yesterday was my first time using .5 before that I used .25

I started with 101kg 
first week i went down to 98,8 but then went back to 100 immediately 

I know I shouldn’t worry about not losing weight yet and I just upped my dose so it may change but I read so many posts here where people lost weight instantly, they want to stay at .25  and it’s kinda demotivating for me especially because I have to pay it out of pocket since my insurance in Germany doesn’t cover semaglutide unless your actually diabetic. But the reason I take wegovy is to not become diabetic because my insulin resistance is super high and I’m prediabetic  

I’m also kinda freaked about about myself because the brainfog and foodnoises I used to have are still there but far less and I sometimes still get the munchies but im full immediately and actually stop to eat 
It’s very unusual and I need to get used to it 😅

Anyway, just wanted to rant :P",2024-11-24,1,12,Wegovy
1gyqbde,reddit,r/Semaglutide,"NSV- my underwear no longer rolls down! . SW 188, CW 171, almost 5 weeks in.  I’m perimenopausal and it seemed like all the weight I had gained went straight to my tummy. Today I realized that my underwear are staying up now instead of constantly rolling down underneath my belly bulge!",2024-11-24,54,10,GLP-1
1gypvzi,reddit,r/Semaglutide,"Skin pain, Allodynia. Feels like bad sunburn Wegovy 1.7md side effect . 1.7mg Wegovy for 6 months, only recent dosage has caused this horrible side effect, skipped most recent dose hoping it will go away, been 10 days. I won't take it again unless this goes away and I'm sure I want to risk this happening again.   Feels like bad sunburn all over. So disappointing because I've had such good results. Anyone had this? Does it go away ?",2024-11-24,1,1,Wegovy
1gypt6c,reddit,r/Semaglutide,They let me into Wunderland! 1mg,2024-11-24,227,12,GLP-1
1gyp4ph,reddit,r/Semaglutide,"Side effects but in a positive way. Before starting, I was really worried about the side effects that came from the slower digestion. I did not want to deal with constipation, as not being regular affects me immediately. 

Well, I just noticed that the slow down has caused me to pass less gas. 

I am still consistently going to the bathroom every morning with no issues. But I’m noticing I’m not as gassy as I used to be. In fact, it was such a concern before that I was considering asking my doctor for some sort of imaging or testing for IBS. 

This has been a positive “side effect” and I’m glad I’m not constantly gassy everywhere I go anymore. I only get gassy when I need to use the restroom. They are also not as stinky (tmi) 

Anyways, if you were like me, and are worried about additional tummy issues… this magic drug may alleviate it!",2024-11-24,4,3,GLP-1
1gyochp,reddit,r/Semaglutide,"Can't keep anything down since first dose. I'm feeling terrible, vomiting frequently and diarrhoea since yesterday, took my first 0.25 wegovy dose in the thigh Friday evening.

To make matters worse I am put of town and need to manage to drive myself home today 2 hours.

Help, I need encouragement and advice, unlikely to be able to see a doctor.  I'm thirsty but anything I swallow comes back up, including meds.",2024-11-24,1,8,Wegovy
1gyo6hc,reddit,r/Semaglutide,"insane progress😍😍 don‘t let the plateau stop you!! (SW: 187/ 85kg, GW 143/65kg, Current weight: 145/66kg, Now aiming for 127/57kg)",2024-11-24,1,1,GLP-1
1gymxsh,reddit,r/Semaglutide,Discovery and Invention of Semaglutide,2024-11-24,236,34,Semaglutide
1gylprj,reddit,r/Semaglutide,Is there much of a difference?. The scales say I’ve lost 8.5kg (18lbs) but I honestly don’t see the difference? Do you guys see it? There’s 2.5 months between the photos.,2024-11-24,0,1,GLP-1
1gylbcy,reddit,r/Semaglutide,Straight Sizes Again. Size medium! Size 16 jeans. I haven’t been a medium since high school and in 16’s since before I was pregnant. No more plus size or maternity cloths sections. Little wins.,2024-11-24,60,3,GLP-1
1gykjo1,reddit,r/Semaglutide,Day 0 of Rybelsus : Will start tommorow,2024-11-24,2,11,GLP-1
1gykgk8,reddit,r/Semaglutide,"Just no. Is anyone else experiencing a “revulsion” when seeing big plates of food on TV!?  This rarely happened before sema and now it is my norm. I see big full dinner plates on a show I am watching or a commercial for a restaurant and I’m “omg eeeew, no - I just can’t”. It’s so odd. It is so repulsive to me and I think “how can they eat all that food”!? Or when scrolling and people show off food that is supposed to be appetizing and make you hungry, with Sema it seems I feel exactly the opposite.  No thank you! 🤢


just the opposite. I am repulsed.",2024-11-24,22,10,GLP-1
1gyk8xw,reddit,r/Semaglutide,"NSV kinda? Counting calories is easy now. I started sema in July of this year and have only tracked my protein intake until this last week. I redownloaded a calorie counting app that I gave up on YEARS ago because it was so hard and miserable and I kind of became obsessive and too hard on myself. It overwhelmed me and I would give up. I hit a tiny plateau and saw people saying to track calories bc we eat more than we realize. 1. It worked almost immediately, but 2. (More importantly) It’s EASY now. I track throughout the day and I even overshoot the amount of food I eat and I’m staying in a deficit. This feels incredible. I don’t feel any pressure or obsession with food. I have been working out and now tracking my macros, I’m actually making the changes people talk about that I always thought would be impossible for me. I’ve always wanted this life I have now even still being overweight.",2024-11-24,5,4,GLP-1
1gyk432,reddit,r/Semaglutide,"Is it possible to have a manufactured, pure semaglutide that isn’t made from Novo?. If someone says their semaglutide is manufactured and pure (no salts or vitamins), but it isn’t ozempic or wegovy, is that even possible?",2024-11-24,2,2,Both
1gyk2lv,reddit,r/Semaglutide,What is a manufactured or “just”semaglutide if it isn’t from Novo Nordisk?,2024-11-24,1,0,Semaglutide
1gyjsgs,reddit,r/Semaglutide,"Hair loss: For those that have lost hair, has it come back?. Has your hair regrown? Did it start to regrow once you stopping taking the medication?",2024-11-24,2,2,GLP-1
1gyjfsl,reddit,r/Semaglutide,"First Day. I’m starting my first day tomorrow, and I’m more than nervous about the needle! I’m also curious about the best time to do it: first thing in the morning when I wake up, or after I eat? Any advice would be greatly appreciated!",2024-11-24,2,12,GLP-1
1gyiwwk,reddit,r/Semaglutide,Missing a dose!. Going on vacation for a week and totally left my week 4 shot!! Ughh that's so upsetting. I'm on my second box of 2.4 and I'm starting to feel hungrier.. vacation and being hungry is NOT good! 😔😔😔 Just needed to let that out lol. I started in June and I'm already down 45 pounds 😁😁,2024-11-24,2,1,GLP-1
1gyivzx,reddit,r/Semaglutide,"What have your doctors/providers shared about going up in dose?. I have been on 0.25 for 4 weeks, and lost 10lbs which im very happy about. SW 158 CW 148. I asked my provider about staying at the .25 dose since I am concerned I really don't need to move up, and may lose faster than I need to for my body weight. She advised I move up, her explanation is that the body gets used to the dose you're on. I'm not sure I agree with her rationale - this seems to be working just fine for me. Should I just save that increase for a stall?

For people who are losing at their current dose, what are your providers advising about if/when to move up? Would love to hear. Thanks!",2024-11-24,1,6,GLP-1
1gyihb2,reddit,r/Semaglutide,"I feel like I had the opposite of body dysmorphia before I lost the weight . This isn’t specifically semaglutide related, but I just needed to vent. 

My phone keeps showing me pictures of how I looked 6 months - a year ago. I thought I looked pretty good at that time. Embarrassingly, I remember sending people pics of me at the gym, when I felt really athletic and slim, thinking I looked great. Now I look back on pictures of me, even just 10lb ago, and I can’t believe I thought I looked good. It’s like I was wearing rose-colored glasses. 

Can anyone relate?",2024-11-24,64,23,Semaglutide
1gyi6to,reddit,r/Semaglutide,"Two days and I feel absolutely nothing. Is this normal?. Hey y’all, I took my first 0.25 dose 48 hours ago and I feel zero symptoms and no appetite suppressant is this normal? Kind of hoping hearing from other people that the appetite suppressant would kick in in a few days",2024-11-24,2,6,GLP-1
1gyhr0k,reddit,r/Semaglutide,"I am so hungry lately…. I’ve been on ozempic for 12 weeks, and 0.5 for the past 8 weeks. Things been going well and I have lost 20+ lbs. For the past 3 weeks I’ve noticed my weight loss is slowing down, and since last week I had been hungry. I heard different injection sites make a difference, and I’ve been injecting on my right belly for the past 4 weeks, so I changed this time I did it on my right arm last night. But today I’m still hungry. I haven’t felt this kind of hunger for so long and I’m anxious. Not sure if I should wait and see or increase the dosage. My NP said 0.5 should be good for now since I don’t have insurance, but I doubt if I continue 0.5 my body will get used to it and doesn’t suppress my appetite anymore.",2024-11-24,7,3,Ozempic
1gyhkq0,reddit,r/Semaglutide,Did semaglutide help you give up alcohol? . I'm hearing/reading from quite a few people that (without even trying) they stopped drinking alcohol after taking a senaglutide. Did this happen to you? Did you go back to drinking when you came off the GLP-1?,2024-11-24,85,273,Semaglutide
1gyhjwj,reddit,r/Semaglutide,"Week 2 - Dose Dos. I’m late posting this but I was having a time this week and struggling to muster up the vulnerability to share this.
But, I figure I’ll never meet any of you, and I could be helping several of you, just how many of your posts are helping me, so why not…
I’m on my second week of 10 units, or as most of y’all have been referring to it as, “0.25”, and for the most part, it’s been making it possible for me to be so nauseated at the sight of anything slightly edible that I don’t even have my usual cravings.  🥲
Like, I don’t even want the juice I ordered as part of my meal plan, AND I LOVE JUICE.
I lost 5 pounds since starting last week, BUT AT WHAT COST?!  😭
Also, I could just be paranoid now, because I read the post about the lady’s mental health being impacted, but I have been thinking so positively about EVERYTHING except my body and what if *he* still won’t like me after I lose all this weight.
Personal issues I need therapy for but I was spending my money on food.  🫶🏾🤣
(Yes, before anyone asks, I am on medication, more than is probably necessary for my age, especially since my birthday is on Tuesday)
ANYMOO, tips?
My PCP only gave me 8 Ondansetron and they’re almost $60 because I’m uninsured at the moment.
I’ve been taking Pantaprazole, Famotidine, and Ginger Chews for the time being.
Also, here are my measiez for the week!",2024-11-24,2,1,GLP-1
1gyhceg,reddit,r/Semaglutide,Got my GLP-1 from Strive today!,2024-11-24,1,1,GLP-1
1gygco2,reddit,r/Semaglutide,"Anhedonia about Christmas! . Okay, this sucks. I LOVE this time of year. Can’t wait to get decorations up. All the traditions. Be Santa for my babies. And this year I’m just like “Meh. I’ll go along with it, but I’m not feeling it.” Anyone else? This is weird and not a symptom I’ve really felt in 5 months of being on this, so much so that I’m wondering if it’s not even the sema. (FYI I’m on a high dose of antidepressants that I’ve been stable on for 20 years, I take a multivitamin, and I take extra vitamin D. Open to other tips.)",2024-11-24,8,11,GLP-1
1gyfp0g,reddit,r/Semaglutide,Hunger returning 2-3 days before next dose. Hello! I am on week 5 and just did my first 0.5 mg dose this past Tuesday. I have noticed a lot of my hunger and cravings return about 2-3 days before my next dose is due. Is this something you all have experienced? Does it go away once you get to higher doses?,2024-11-24,5,4,GLP-1
1gyf9xa,reddit,r/Semaglutide,This. This is more than “just weight-loss.”  This is living longer.,2024-11-24,111,14,GLP-1
1gyf7li,reddit,r/Semaglutide,"Out of town, forgot 💉 . Hi all,

I came home to visit my parents for my PTO. I brought my medication but I forgot to bring the 💉. Any advice?? Sunday is my injection day. I won’t be back home until next Saturday night. I’m thinking there is nothing I can really do?? I’m a little worried, I realized when I was already 3 hours into my drive 🤦🏽‍♀️",2024-11-24,0,12,GLP-1
1gyew2t,reddit,r/Semaglutide,"Side Effects . Hi guys I just found this after googling all day. I’m on week 9 of semaglutide and the burning sensitivity started 8 days ago. It’s exactly as if I was sunburn specially when clothes to rub against it. It’s near my knee lower thigh area. For reference I’m not injecting on the leg, I do lower abdomen injections. Did anyone get this places where the injection site was different ? Does it go away?",2024-11-24,1,1,Semaglutide
1gyepuh,reddit,r/Semaglutide,If I throw up after taking semaglutide do I need to retake it? . See above. I threw up like 30 seconds after injecting in my stomach. Do I need to retake my dose?,2024-11-24,0,12,Semaglutide
1gyej7a,reddit,r/Semaglutide,First shot down. SW 240 … didn’t even feel the needle and 10 units seems so little bit that is what the doc ordered,2024-11-24,3,3,GLP-1
1gye1nx,reddit,r/Semaglutide,"I was feeling fine the first 2 weeks. Before my 3rd shot, I ate a huge steak and fries. Its the next day and I have a headache and nausea. Was it because of the steak or just a coincidence?",2024-11-24,0,13,GLP-1
1h34vob,reddit,r/WegovyWeightLoss,"First Dose! Beginning advice?. I finally got my prescription filled, and I now have my first few doses of the .25 shot! I have been struggling with weight loss and food noise! I haven’t taken my first dose yet. I am looking for advice or the best ways to prep my body :) thanks!! (Currently 248.5)",2024-11-30,1,3,GLP-1
1h34jfs,reddit,r/WegovyWeightLoss,"Where should injection spot be?. I'm starting .25 of wegovy next friday (dec 6) and I'm reading alot of mixed comments on where to inject. I was on Mounjaro for a little bit and injected in my stomach, and I was always so so so nauseous. Does doing it in the thigh lessen the side effects? If so where abouts on the thigh should I do it? I've done alot of research but I just want honest answers from genuine people. Thank u! 

Also if anyone can throw in very helpful tips to prevent nauseous or anything in general that would be so awesome? Thanks again xx",2024-11-30,0,20,Wegovy
1h34dm1,reddit,r/WegovyWeightLoss,"Not thirsty but not drinking enough water. So I've done bloodwork twice since I started getting my injections. I've only lost about 20 pounds, but my A1C went from 6.1 to 5.5--yay! I was really freaking out about having diabetes, so I'm glad I've dodged that bullet--for now at least.

My biggest issue is that I noticed my hematocrit levels were elevated both times. Normally I don't really look at my hematocrit because it's within normal range, but both blood tests since have been over 50%--the last one I can remember was 52%. I think my RBC was up slightly as well, which would make sense. My normal hematocrit levels are around 47-48%

But I've noticed that sometimes I just don't urinate that much. And it's not super dark or anything. And it's not every time. But I started tracking how much water I drink recently, and it's been very little. But my problem is I just don't feel like drinking water that much anymore. You know that feeling when you've had too much water, and it almost tastes bad in your mouth and your stomach feels full? That's how I feel drinking water.

The only way I've gotten around that is eating a piece of special dark chocolate, which makes me thirsty. And I know people will say ""you need to drink more water!"" But it's like suddenly unappetizing to do so.

Has anyone else experienced this? I noticed that this is tied to my higher than normal heart rate, because when you're dehydrated and your blood is thicker, your heart has to pump harder to move the blood, hence it speeds up how many times it pumps. When I force myself to drink a lot of water during the day, I've noticed my heart rate coming down to a normal range.",2024-11-30,2,0,GLP-1
1h343c4,reddit,r/WegovyWeightLoss,"Report from the other side (three weeks off Wegovy). First of all, many people won't be happy to hear this but the food noise and ravenous appetite came ROARING back after less than two weeks.

And although in a thread discussing how easy it is to get chilled when on Wegovy, the dominant theory offered was that it came down simply to having less body fat, I was always skeptical of this and I can now verify that it's not true.  I lost about ninety pounds on Wegovy, but getting cold so easily started by the time I had lost only about ten pounds.  Conversely, I have only regained about five pounds since stopping the injections, but I am back to overheating/sweating easily rather than getting chilled easily.  There's some kind of direct effect from the drug itself rather than it being about body fat.",2024-11-30,169,58,Wegovy
1h33vc4,reddit,r/WegovyWeightLoss,"re-use needle . i was about to take my shot and stuck the needle in, but when i pressed to inject it nothing happened and i realized i forgot to turn the dose selector. i removed the needle, quickly turned to the dose and injected with the same needle (i don’t have any extras). has anyone done this before and know if it will be okay? i’m a heavy health anxiety girl and realized after the fact that maybe i shouldn’t have done that due to risk of infection.",2024-11-30,2,9,GLP-1
1h33j8x,reddit,r/WegovyWeightLoss,"Newbie!. Ok I have been hoping to be approved for Wegovy and super excited just you know, lose weight! I’m a very anxious person lol and I spoke to my dr about everything of course, I went to the Wegovy website to look for support groups or something and that big warning just made me anxious. I know every drug has a rare side effects, I take meds for my anxiety and ADHD so it’s not like I don’t take anything. Anyone an over thinker like me? 😂 I just picked up my prescription today, I’m not sure when to start it, what day, what time of day, wondering if anyone has any suggestions?I also made this Reddit account to keep it private from my own personal act. 

- sincerely a very excited but anxious girl 🙊",2024-11-30,1,2,Wegovy
1h339lj,reddit,r/WegovyWeightLoss,"Did I inject myself too high on my stomach?. I just gave myself my second injection, and it actually hurt compared to the first one. The first I did on the top of my thigh, and it was completely painless. This time I switched to my stomach, parallel to my bellybutton, but four fingers spaced away from my right side. It hurt a bit going in, and now it’s kind of hurting in that spot on my stomach and there’s a slight bump almost like a mosquito bite. Should I have injected it lower? Or did I possibly do something incorrectly I’m not aware of?",2024-11-30,1,2,GLP-1
1h336bi,reddit,r/WegovyWeightLoss,"NSV. When I was 18, my mom gave me this ring, which used to be hers. I haven’t been able to get it off for years now. Today, less than 3 months on Wegovy, it came off!",2024-11-30,38,2,Wegovy
1h32xtv,reddit,r/WegovyWeightLoss,"Small Thanksgiving Victory. I came out of Thanksgiving almost a pound less then when I started. A small victory but the self control and quieted food noise definitely helped. Started back in February on .25 now on 1.

SW 277
CW 231
GW 200",2024-11-30,5,0,GLP-1
1h32twx,reddit,r/WegovyWeightLoss,"GLP1 compound when cant get Wegovy?. Once again, my Wegovy 1.7 is on backorder until who knows when. Its super tiring to have to wonder if/when Ill be able to get my shots every month so Ive been considering signing up for one of those GLP1 services as a back up. To have sometime on hand for when I would otherwise be skipping doses waiting for the pharmacy to come through. Has anyone tried that and if so how'd it go?",2024-11-30,1,0,Wegovy
1h32njk,reddit,r/WegovyWeightLoss,"Amazing Dr!. I recently saw my gp for ongoing mental health issues. I’m a childhood SA survivor and have Bpd with voices. BED is a coping mechanism. I was explaining to him how I had a gym membership, and how I was using lite n easy but finding life just so difficult. He looked at me and said “have you considered medication to help you lose weight? It’s my role as a doctor to ensure my patients have exhausted all non medical options first, and I clearly see you have, so why not allow me to make things easily for you, one less battle you have to deal with”. As a 50 yo woman who has been in/out of psych hospitals, taken a plethora of antipsychotics, semaglutide has been the only medication that has shut out voices in my head without resorting to “numbing” my coherence. I shall forever be grateful for his words.",2024-11-30,25,2,Semaglutide
1h32mhz,reddit,r/WegovyWeightLoss,"Does anyone else have anxiety about giving the shot each week even though it’s pretty painless?. I took another injectable for my arthritis for 10 years with no problems but this wegovy pen is a killer.  I think it’s because you literally have to stab yourself with it. I wish it had a button to press. Every week I get ready to do it and it takes me like 10 min to work up the courage to actually press the pen down into my thigh and keep it there. I start and stop like 10 times. Once I finally do it, it doesn’t hurt and is over in seconds. I always say next week I’ll just do it the first time. Then next week rolls around and I have the same problem again. SIGH.",2024-11-30,10,29,Wegovy
1h31p5e,reddit,r/WegovyWeightLoss,"Down 27lb in first 9 weeks. 57 yr old Male,  start 242, currently 215 after 9 weeks.  Still on .25. I have been tracking my diet thru myfitnesspal and cut out a lot of junk.  My go to food has been Chobani greek yogurt, about 1/2 cup with 1/8 cup of post grape nuts on top. Super filling for those times where you know you want to eat but don't know what and you go crazy.  No damage taking in 130 calories and fills me up for hours while I sort through some better food choices.  Hope this continues. I'm actually very surprised at the result.  Avging about 1600  gross calories a day and not counting any light exercise.  My once a week round of golf day is my cheat day (pizza, ice cream, etc) so I dont really feel like I'm dieting.",2024-11-30,3,4,GLP-1
1h31gpm,reddit,r/WegovyWeightLoss,"Shifting Days Okay?. Hi! 

I’m supposed to take my next dose tomorrow. I have just moved from 0.5 to 1.0mg and the meds make me extremely nauseous. It’s my husband’s family Thanksgiving tomorrow and I already get car sick on the 3 hour drive there. I also start a new job on Monday. Could I delay the shot by a few days? I just don’t want to be barfing these days. Has anyone else been in this situation?",2024-11-30,2,9,GLP-1
1h31dyb,reddit,r/WegovyWeightLoss,"Question about a pen misfire. . Tonight was supposed to be my first 1.7 mg injection. I was doing the same motion I'd done before and was getting ready to inject on my right lower abdomen. I barely pressed the pen into my skin and before I could feel the needle insert, I heard it click. When I removed the pen, some liquid ran down, so I thought maybe some did get injected. I held the pen up to inspect it and I saw more liquid puddled around the glass window. I wanted to know how much liquid was pooled up in the pen, so I tapped it on a paper towel on the counter and saw a little more liquid drop out. I am so confused. I checked my right side and saw the ring and small center dot from the pen; I honestly don't know if any liquid had been injected. Usually, I feel a lingering pain after the injection but this time I don't feel anything. I don't know what to do; I'm SOL since it's Friday night and the office is closed during the weekend. My next appointment is this Monday. 

Do I wait until Monday to let my doctor know about this?

Do I take another injection? 

Is there a number to call to report this misfire and hopefully get a replacement? 

Thank you in advance for any suggestions.",2024-11-30,1,3,GLP-1
1h30scu,reddit,r/WegovyWeightLoss,"Help with supplements and OTC meds. About to start with my first dose on Monday and looking to stock up on any other supplements or OTC remedies to have on hand. Any help/critique would be appreciated. TIA. 

So far my list is: 

- B12 (already take daily)
- Fish oil  (already take daily)
- magnesium glycinate  (already take daily)
- Vitamin D with K (already take)

Fibre - Metamucil gummies (has anyone used the gummies - do they work?) or other recommendations to add in fibre?

Anti nausea - ginger chews. Anything else that helps?

Protein - in addition to regular foods also have a stash of 30g Fairlife protein shakes. 

Anti diarrheal - Imodium

Remedy for constipation - magnesium oxide?

Anything  else that would be good to have on hand? Thoughts on the need for a multivitamin?",2024-11-30,1,3,GLP-1
1h30lry,reddit,r/WegovyWeightLoss,"“You shouldn’t have to diet”. Guys, i truly think my doctor doesn’t care at all. I went into Wegovy blindly, after years of losing and gaining again, my doctor said Wegovy is now available to buy in the UK, i will prescribe you it, it will reduce your appetite immensely and you won’t feel the need to eat constantly. I was like ok it’s expensive but why not! I’m now on 1mg dose, haven’t lost any weight, appetite has not changed, after talking to a few people on here i was told i need to be in a calorie deficit, which my doctor said wasn’t necessary. I went back to him, he told me to wait it out, that i shouldn’t have to diet and i’ll feel the effects of the drug soon enough and lose the weight. I feel worried, he doesn’t care. What do i do apart from get a new doctor? I also have issues with food, with binging. It’s not easy for me to just suddenly eat less, i don know what to do!",2024-11-30,4,32,Wegovy
1h2zsk7,reddit,r/WegovyWeightLoss,"Tips for feeling very hungry and especially craving sugar?. I (31F) have been on Wegovy for just under a year. I’ve been on the 2.5 mg/0.75 mL injector pens specifically for about 4 months.

The past 2-3 weeks, I’ve been SO hungry, and I’ve especially been craving sugar. I could probably eat a whole box of ice cream cones in one sitting if I were to go to the store right now and buy them.

Does anyone have any tips/insight for continuing to combat feeling unusual hunger? Have you experienced bouts of hunger like this? Or, do you have any recommendations for satisfying sweet treats that aren’t…an entire box of ice cream cones? Thanks!",2024-11-30,2,4,Wegovy
1h2zmsa,reddit,r/WegovyWeightLoss,"Going on Wegovy soon, any tips?. Hi everyone, after battling with obesity for all of my life (I’m almost 30 woo), it has been eye opening to realize that I eat in very stressful situations (trauma). The death of my dad while I was on my fitness journey put me back, and after the birth of my son, and the premature death of my older sister at 31, my doctor mentioned to me this medication. After research I see that people are at either extreme of feeling sick and constipated to none at all. I am the mom of a very active toddler so the whole diarrhea and stomach pain bit makes me nervous, especially when out with family. Do you guys have any tips to make, I guess, the transition easier on the body? I have increased my water intake and am taking the steps to become more active. Thank you in advance!",2024-11-30,0,2,Wegovy
1h2zisy,reddit,r/WegovyWeightLoss,"O.M.G!. Let me start off by saying I enjoyed my Thanksgiving immensely. With that being said I enjoyed a very small Thanksgiving dinner that consisted of a small portion of fried turkey, one small piece of ham, a table spoon and a half of green bean casserole and a small portion of cranberry sauce. 
We’ll with in my calorie deficient. 
Well I woke up at 4am feeling sick as a dog with SULFER BURPS! 
I took a couple tums and a hour later a Pepcid. 
PLEASE let me know how you got rid of them!!  I’m clearing the room 😂😂😂 this is my first experience with them in the 7 months I’ve been on the medication. HELP! 😂😂",2024-11-29,6,8,GLP-1
1h2ziob,reddit,r/WegovyWeightLoss,"Weight loss Plateau . I’ve been in Wegovy since late April/early May 2024. I’ve lost about 30-35ish pounds. However, it seems that since late September, I’ve stalled. I have experienced some body recomposition, but that’s it. I am on the max dose at 2.4 and lead a very active lifestyle with cycling. I weight lift 1-2x a week - not nearly as much as I’d like and plan to make it 2-3x a week. 
What has everyone else done when they’ve plateaued? I’d like to hear more about how to get through this. 
For context, I’m only 5’0 so I have about 10-15lbs more to go.",2024-11-29,77,18,Wegovy
1h2z4ke,reddit,r/WegovyWeightLoss,Thinking of trying it. Just a quick question thinking of starting Wegovy. Once I lose all my weight do I have to be on it forever or are am I able to come off of it,2024-11-29,0,4,Wegovy
1h2z4fn,reddit,r/WegovyWeightLoss,"Maintenance dose and stomach pain. I have been taking Wegovy for 16 months. I have lost 110 lbs and I’m at my goal weight. I titrated up according to manufacturer directions and went all the way to 2.4, I’m now on 1.7 and taking every 10-12 days. I’d like to move to 1.0 for maintenance but I can’t find it anywhere. 

I have almost constant, dull stomach pain. It’s not severe, but it’s very frequent. I also mostly have diarrhea instead of regular bowel movements. I’ve always had a terrible stomach but not this often. I did have my gallbladder out in 2023. I also had an upper GI endoscopy in 2023 where the didn’t find anything wrong. 

Just wondering if anyone else has experienced this being on Wegovy this long. I don’t know if it’s related or not. I worry that any doctor will just attribute my pain to Wegovy and take me off. I don’t want to come off completely, I’m ecstatic about my weight loss and I worry about regain.",2024-11-29,1,0,Wegovy
1h2ys5g,reddit,r/WegovyWeightLoss,"Getting Approval/Eligibility when Prediabetic. I recently found out I am prediabetic (midrange between low-prediabetic levels and high pre-diabetic levels) after not being able to lose weight AT ALL for the last few years. It started about 3 1/2 years ago pretty slowly, and when I reigned it in and did what I normally have always done when I’ve needed to drop back down a few lbs and normalize, I’d lose it like I always did. I am 5’4,” petite, and a normal weight throughout my adult life has ranged from 108-130. I’ve always been a zero to size 4 at most. I am now 145. I can literally EAT NOTHING and I can’t drop the weight (and it’s all in a huge tire of blubber around my waist and distributed between what are now my two DD bra cups up from a B). Keto used to be my go-to. Nope. Calorie restriction. Nope. Nothing works. Unfortunately I’m also very sedentary due to several serious autoimmune illnesses. Yay. But I was sedentary for years and stayed below 125. I didn’t age anything 3 years ago, and it just keeps coming. 

I figured I had metabolic syndrome or insulin resistance, but was really upset with the prediabetes diagnosis. I already have multiple autoimmune conditions (including ones that cause weight gain), and I have plenty of reason to believe this actually may not be prediabetes type II, but actually a type of autoimmune diabetes, Latent Auroimmune Diabeties in Adults), I just haven’t gotten the antibody testing yet. I don’t know what that means for Wevovy or similar RX’s.

My BMI is 25.5, but all my weight is in my belly and looks almost freakish, I have prediabetes, and I’m pretty sure at least one of my cholesterol results were slightly off—I need to get the copy sent to me of the results.

Any chance to get these drugs without the hard BMI>27 rule with two other conditions or the straight BMI>30?",2024-11-29,0,15,GLP-1
1h2ye4d,reddit,r/WegovyWeightLoss,"Federal employees: What's going on with BCBS in 2025? I'm getting conflicting information and need to know if I need to change insurance. . I found a few threads about this topic recently but the last one was 2 weeks old and I'm curious if anyone has some updated information. 

My wife happened to hear that Wegovy was going up in price with BCBS (we have Standard). I had no idea this was occuring. So I called BCBS and was told that, on the standard plan, it would cost me approximately $650 out of pocket in 2025. I also asked about the mail-order price I saw on their website ($125/84 day supply). **They said that mail-order will not be available for Wegovy.** I know there was a previous  thread that said mail-order would be available. I told them that I currently pay $25. They said that I should be paying over $300 and I should call my pharmacy to see how the price is $25.  

So I called my pharmacy. They said they don't have the 2025 pricing and can't get an estimate without new insurance. I asked how the price was getting to $25 so that I could see what the price would be with whatever coupon is that they are using. They said that they aren't applying a coupon so they aren't sure why the price is that low and suggested I call my insurance. When I told them I just called my insurance they suggested I call my agency. 

Anyway - I'm getting the run around. I'll call my agency on Monday but at this point I think I need to find another insurance carrier. Disappointing because I've had BCBS for literally my entire life and have otherwise been happy.

**A few questions:**

- Does anyone have any updated information from BCBS about Wegovy coverage?
- How is my prescription costing $25 without a coupon? 
- What coupons will be available in 2025 and will those coupons cover the cost of Wegovy?
- Which insurance is covering Wegovy at an affordable price in 2025?",2024-11-29,1,29,Wegovy
1h2wwaa,reddit,r/WegovyWeightLoss,Where do you inject yourself?. I seem to bruise when I give myself the injection... no matter where at? Is it because I do it too hard? Where is the best place to do it? Reason why you'd consider it the best place to inject?,2024-11-29,11,45,GLP-1
1h2wuq8,reddit,r/WegovyWeightLoss,"What did weight loss on 1.0 look like for you? . I’ve been on 0.25 and 0.5 since the beginning of July. I’ve lost about 10lbs since then. The last month or two I’ve reached a total plateau and I just started 1.0 today. I know 10lbs is much better than nothing but I feel so discouraged :(

I’m a F26 / 5’9” / SW: 227 CW: 216",2024-11-29,5,6,GLP-1
1h2wgx0,reddit,r/WegovyWeightLoss,"MHBP consumer? .  I’ve seen a lot of posts about people moving from BCBS to the MHBP standard plan but not many about the MHBP consumer plan.

Based on my review, wegovy would be $1,293 per month on the consumer plan but once the $2000 deductible is met, it drops to $200 per month (same as the standard plan). 

And since the consumer plan has an HSA ($1200), the functional deductible is really only $800 so would be met after one month of wegovy. 

Most other fees are much less on the consumer plan compared the standard plan (e.g, an MRI on the consumer plan is only $15 vs 10% on the standard plan, which could be ~$200).

Am I missing something? Is there a reason I haven’t seen more people talking about moving to the consumer plan?",2024-11-29,2,0,Wegovy
1h2waj2,reddit,r/WegovyWeightLoss,"Not too shabby. I am heading into the last week of month 4.   I stopped weighing myself for a few weeks because it just made me depressed.  I was stuck for a bit.   

I had hoped to hit a number that would be a 30 pound loss since I started.   Surprise!   I blew right past that number and am down a full 35 pounds in 4 months.

This is pretty exciting to have something going so positively in my life.

New goal is to be 50 down by Christmas.",2024-11-29,10,2,GLP-1
1h2vznh,reddit,r/WegovyWeightLoss,"Question about mixing with BAC water . I bought a vial of crowx 5mg semagrow and apparently I need to mix with BAC water.
Any one done this? 
How much water do you add and what's the dose for 0.5mg? 

Any info would be helpful

Thanks",2024-11-29,0,2,GLP-1
1h2vr35,reddit,r/WegovyWeightLoss,"Starting 1mg. Hi Guys! 

I started wegovy in the beginning of September. I was on the .25 for one month, then the .5 for two months. 

I was scared to increase because I get these sort of dizzy spells if I stand up too quickly or if I get out of breath. I feel like I’m going to pass out then I kind of just have to stop for a second and it goes away. I have lost about 15 pounds, but felt like the .5 wasn’t strong enough so I started the 1 mg today. I took it this morning around 9 AM and I am already feeling really crappy and nauseous. I am concerned about how this is going to go, and I do not want to stop taking the medication it really helps with the food noise and not over eating. Does anyone have similar experiences, or any advice for the 1mg?",2024-11-29,1,2,Wegovy
1h2vg3q,reddit,r/WegovyWeightLoss,"ONEDERLAND!. I have been on the road for a few weeks now, so haven’t weighed in for a while. Got to Tokyo yesterday and they had a scale in the hotel room. 90.1kg, which equates to 198.6 pounds. First time I have been under 200 pounds in almost 25 years! Another 30 pounds to go.",2024-11-29,62,5,GLP-1
1h2vecu,reddit,r/WegovyWeightLoss,How long on .25?. I’m at the end of my second week and when I went to the prescription to see about refill it shows that my Dr prescribed 3months at this level…others who have had Dr keep them in low dose longer?,2024-11-29,6,14,GLP-1
1h2vdhm,reddit,r/WegovyWeightLoss,"Protein. How are you hitting your protein goals with nausea? 
Any easy snacks? Meals? 
I’m not looking for anything too fatty or dairy heavy. I get nauseous pretty easy rn, I’m just starting.

Also eating protein helps nausea right?👀",2024-11-29,1,7,GLP-1
1h2v7j7,reddit,r/WegovyWeightLoss,"Is... Is this even working?. Hi all! 
I'm wondering what others' experience has been on Wegovy. 

Currently 188 (5'4"") and hoping for 160. So far I've lost about 30lbs naturally before starting the injection, but being in perimenopause (42) and always having had a slow metabolism, I need help to get rid of the last 25lbs.

I track EVERYTHING and never go over 1 500 calories, which is essentially my BMI. I know calories so well that I can tell the calorie amount on any food I see without even looking. All this to say that I know the game! 

I've been on 0.25 for 4 weeks now and have lost 1lb. The math ain't mathing lol. I've just gone up to my first 0.5 injection yesterday. Could 4 weeks be too early to feel the effects of the drug? I can't cut down much more unless I'm legit not hungry, which is why I was hoping this med would help me out. 

Any success stories that started out similar to mine?",2024-11-29,1,13,Wegovy
1h2v31e,reddit,r/WegovyWeightLoss,"Appetite on 2.4 mg?. Hello! The day before yesterday I took my first dose of 2.4 mg, and all of a sudden, my appetite has returned almost completely. Today is the most I've eaten in a single day in months. The last few milligrams have been working, albeit not as much as I'd like hence the increase, but 2.4 mg seems to do nothing for me. What could be the reasoning for this? I'm worried I've made a mistake.",2024-11-29,3,2,GLP-1
1h2tc3g,reddit,r/WegovyWeightLoss,"Should I ask my doctor? And general questions. . As the title says I (18F) am wanting to ask my doctor about trying weight loss drugs, but I’d rather hear from real people first what I need to know or if it would be worth it for me.

For context, I am 4’10 and ~160lbs give or take which puts me around a BMI of 32 if I’m not mistaken. I get several hours of physical activity each day, and I usually have average portions, but I do make the majority of my own food at home. I won’t lie and say that I’ve tried “everything” to lose weight, but according to my math I should be losing, and I just never have. I’m not “big” per se but I’m bigger than I would like to be, and I’m very frustrated and not understanding why. 

My endocrinologist has told me it’s unlikely I can lose significant weight just through caloric deficit because of my thyroid conditions combined with the fact that I have Crohn’s Disease and my medication for it makes me hold onto weight even moreso than my body would if I only had hypothyroidism. Still, I have made honest efforts to drop the weight and they just are never very efficient. This has been a struggle for me my entire life, and all of my family has had significant difficulty managing weight as far as I know. My mom tried for 3 years straight being in a huge caloric deficit and never lost significant weight until getting VSG. 

So my questions are as follows:
- Is it worth it to even talk to my doctor about trying Wegovy or other GLP-1/Semaglutide drugs?
- How much would insurance be likely to cover, if any, and does anyone in a similar situation have a price estimate? (Very important since I’m going to college 💔)
- A sillier one here. Would I lose my hips and my butt??!!! Lol!

Thanks in advance since it’ll be a minute before I can interact again.",2024-11-29,0,4,Wegovy
1h2tarh,reddit,r/WegovyWeightLoss,"Size 16 to 4/6. I think I’m at goal…weird to say. SW 230 CW 153 5’4”. Size 4 jeans in this pic and a size 6p blazer. So strange as I often don’t “feel” small if that makes sense. BMI wise I should be aiming for about 135, but if this is where I stay, I’ll be happy. Started Wegovy April 2023. Still on 2.4.",2024-11-29,583,36,Wegovy
1h2t66h,reddit,r/WegovyWeightLoss,Goal achieved!. I’ve lost 45 pounds and now wondering what to do to maintain it. Do I lower my dosage? Go longer between injections? Any advice appreciated.,2024-11-29,10,5,GLP-1
1h2sswl,reddit,r/WegovyWeightLoss,"Get $50 off your first order with Moshy Australia.KELLY64569. I’ve just started using Moshy for my weight loss , amazing. Great drs and support and quick delivery. Use code at check out for $50 off your first purchase. Cheers",2024-11-29,0,0,GLP-1
1h2smpq,reddit,r/WegovyWeightLoss,"Chemo feeling 5mg. I was off Wegovy for about 3 wks bc the 1mg was out of stock. So I went back to the .5mg and decide to inject in my stomach. Omgosh never again lol.  
I did this Wednesday and when I went out Thursday my friend had to bring me right back home. We were going to pass out food to ppl(she does this usually on the weken)and she had a pan of turkey in the back. I got soooooooo nauseous it really felt like I was on Chemo again. She got it bc she too had Cancer once and she was like yeah I'm taking you home. I have been in bed since lol. Nausea and headache and feeling over heated, like hot flashes, which I also experienced while in Chemo. Anywhoo, I did throw up when I got back home and the pressure in my head felt like my brain was going to 🤯!  Soooooo yeah never the tummy again. This was the 2nd dose of the .5mg this round. The first shot was in my thigh and like from the start, no side effects. I'm able to eat but I still feel like crap. If any of you have ever experienced Chemo tx them ya know what I mean. 🥴🤦🏽‍♀️",2024-11-29,0,3,Wegovy
1h2smh6,reddit,r/WegovyWeightLoss,$50 off code for your first order at moshy for weight loss products.   . Get $50 off your first order with Moshy weight loss products . Copy and paste code In at checkout. Code:   KELLY64569,2024-11-29,0,0,GLP-1
1h2seh2,reddit,r/WegovyWeightLoss,"Skip a Dose?. I was on 0.25 with minimal side effects since April. I stayed on that dose as long as possible, but when my weight loss slowed, I decided to bump up to 0.5, which I started last week.

This week has been really rough with GI symptoms, and I am considering skipping my dose tonight. I usually take my shot on Friday nights. I am traveling on Tuesday, and I am already a nervous flyer, and frequently have nausea when flying. I can’t miss this flight, it’s an extremely important trip, and I want to be feeling as good as possible.

I have two questions.

1. If I skip this dose, do I just take my next dose next Friday? I want to keep Friday as my shot day.

2. Am I doing any harm by skipping the dose?

Thanks for your help!  😊",2024-11-29,1,3,GLP-1
1h2rpi5,reddit,r/WegovyWeightLoss,"Do doctors require that you see a nutritionist before/while on medication?. My BMI is 39, I'm 200lbs and 5'0"". I have maintained the same weight for about 3 years with little luck losing it.

I have a physically active job and have been going to the gym 2-3x a week to weight train for the past 6 months. I cut down my drinking significantly, like 1 drink a week at most and occasional social drinking once and a while. I don't drink soda either.

My cholesterol is slightly elevated. A1C is normal. Normal blood pressure. However, 6 months ago I developed multiple blood clots and the doctors couldn't figure out why. I think it's from my weight. 

I want to go on Wegovy or another weight loss drug, but I'm worried my doctor won't prescribe it to me because I'm not diabetic/don't have any serious health problems besides deep vein thrombosis.",2024-11-29,7,38,Wegovy
1h2rn6u,reddit,r/WegovyWeightLoss,"60 day Check-in? [-18lbs] . Let me start by saying I was never going to let the second set of “before” pictures see the light of day but when I tried these shorts on again today that I absolutely could NOT button 2 months ago I nearly cried. 

When I look in the mirror I still swear I look exactly the same. Thank god for pictures and pieces of clothing to use as reference. Somehow some of my measurements I took in the beginning got all messed up but best I can tell I’m down: 

Bust:                                 -2 inches 
Small of Waist:              -2.5 inches 
Waist at Belly Button: -5 inches  
Hips:                                -4 inches 
Thighs:                            -2/2.5 inches 


I am taking my second dose of 1mg tomorrow and so far so good I think. I don’t think I notice a big difference over the .5mg which is where I started but we are just going to continue chugging along. 💕",2024-11-29,227,16,GLP-1
1h2reme,reddit,r/WegovyWeightLoss,Missed dose?. I’m late by 3-4ish days of taking my third dose of 0.25 and i wonder if it still would be okay for me to take it even if i’m late by 3-4days ish? And if there would be any side effects from it,2024-11-29,1,2,GLP-1
1h2qade,reddit,r/WegovyWeightLoss,"First dose of Wegovy (0.25) - What should I expect during my first week?. Hi guys! :)

I just injected my first dose of Wegovy yesterday. I was curious to know what I should expect for the first week and if you had any tips for me?

Thank you 🫶🏼 I love this community.",2024-11-29,3,9,Wegovy
1h2q6wk,reddit,r/WegovyWeightLoss,"-50 lbs in 5 months . After a pretty jarring drs appointment at the start of July, I started metformin to try and help get my PCOS under control. After losing 15lb during the summer, I started wegovy mid September and it’s been life changing. Looking forward to getting back under 200 but even just this much has made such a difference in my health. 

5’8

Starting 278
current 228
Goal 178",2024-11-29,357,15,Wegovy
1h2pqzd,reddit,r/WegovyWeightLoss,Does anyone on Wegovy have left shoulder blade pain?,2024-11-29,0,3,Wegovy
1h2nvy0,reddit,r/WegovyWeightLoss,"Missed weekly dosage and paid the price. I missed 3 weeks worth of 2.4 injections. I don't have a good excuse...just that I don't like sticking myself is the needle. Anyway, I finally mustered up the courage to take the injectable last night. This resulted in vomiting for most of the night. Fortunately, I took some medication to help control the nausea feeling. 

I feel better this morning, but taking it easy and having a little bit of a headache due to dehydration. I'm eating plain crackers with some water until I'm sure that I will not vomit again. I think it will be okay and I can remain on the 2.4 injectable for next week. 

Morale of the story? Don't skip your Wegovy shot no matter how uncomfortable you are with injecting yourself. Just get it over with.",2024-11-29,0,1,Wegovy
1h2ngbu,reddit,r/WegovyWeightLoss,"What a thing to wake up to on the day after American Thanksgiving. https://preview.redd.it/o3scrmf5tu3e1.jpg?width=1074&format=pjpg&auto=webp&s=65a2de031f39b5a19cb584656f8024091006a0bb

Down around 55 pounds, still going! Shout out to my fellow short women!",2024-11-29,184,19,GLP-1
1h2myvj,reddit,r/WegovyWeightLoss,"First week on Wegovy. Hello I started Wegovy on Tuesday and was wondering if anyone had any tips on dealing with symptoms. I have been having a lot of nausea which my doctor said was to be expected, I take Dramamine is there anything else that will help? I also am having a very hard time eating which makes my nausea a lot worse.",2024-11-29,4,4,Wegovy
1h2mamk,reddit,r/WegovyWeightLoss,Fav recipes and recipe creators. Looking to set myself up for success planning next week’s meals. What is a go to meal that works for you? And any bloggers or instagram accounts as a go to for ideas?,2024-11-29,2,0,GLP-1
1h2lttb,reddit,r/WegovyWeightLoss,Alternate to a Lunchable. I’ve been having a lunchable for lunch without the dessert. I imagine that’s not the healthiest choice. Not enough protein that’s for sure. Any ideas for something quick that I can either buy or put together that would be good for this journey?,2024-11-29,3,21,GLP-1
1h2l16y,reddit,r/WegovyWeightLoss,"Just started Wednesday - how do you get your high protein amounts? . I just took my first dose on Wednesday. Luckily no side effects but I’m also not feeling much of a curb in appetite either. So I’m trying really, really hard to follow the diet plan in my Lose It app to help get this weight loss journey going.  It’s telling me to eat 179g of protein a day but I’m also on less than 1200 calories!! How is this possible?  Yesterday I struggled to get in 80g and still eat things other than meat (like fibre!).  I bought the highest protein/fibre bread my bakery makes too. I’m peanut/nut allergic so that’s also not an option.  SW 255, Female 5’2.",2024-11-29,1,39,GLP-1
1h2jufs,reddit,r/WegovyWeightLoss,"Do you guys feel guilty about feeling full?. Hi all <3 

I've found in this community a lot of support during my wegovy journey, and as I mentioned before, my friends don't know im on wegovy so I just thought to mention this very sensitive thoughts I have had. 

Im a 33 yo woman. I have struggle to loose weight my entire life, I've been dieting forever since I've remember and I think I have always associated feeling full to ""i failed my diet"" or feelings of shame. I don't know if you can relate (probably yes), but before wegovy, I never felt full full, except when I overate. 

So now, I am 4 months into my wegovy journey, Im at the 1.7 mg dose which has worked wonders, I've lost 22 pounds, I'm exercising and minding my nutrition a lot! - But whenever I feel full, I get a lot of regrets, shame and guilt because of how I used to feel before. I have to repeat to myself that what I just ate was ok, that I'm not overeating, that I'm loosing weight, that I'm eating healthy food... and even though repeating this to myself do take the shame and guilt away, I have thought so much about these feelings and thoughts that have been with me my entire life, and how sad is that eventhough I'm in a healthy journey... I'm still having them when my body feels full. 

Has this happened to any of you? <3 How do you handle them? 

I just want to know I'm not alone with these thoughts <3",2024-11-29,1,2,Wegovy
1h2jpe3,reddit,r/WegovyWeightLoss,"should i inject tonight if i’ve been feeling super nauseous? . my doctor said a few days won’t make a difference so it’s up to me, i’ve been super super nauseous and struggling w diarrhea this entire week…should I still inject tonight?’

Thanks!",2024-11-29,2,5,GLP-1
1h2iiki,reddit,r/WegovyWeightLoss,"Is anyone staying at .75 for awhile? . I've been on .75 for 3 months and I don't really want to go up to 1.0. I tried 1.0 and it was miserable. At .75 I have decreased appetite but I still have food noise and I'm not loosing very fast. However, I feel like I would rather loose super slow than vomit, shit my pants and sulfur burps all the time. 

What are your thoughts?",2024-11-29,4,10,GLP-1
1h2hd7x,reddit,r/WegovyWeightLoss,"Have you checked your gut biome?. as I’ve been trying to lose weight over the years I have exhausted pretty much every possible avenue known to man. Now I’ve been on Semaglutide for five months with very little results so far, stuck at 103 kg for months and upping to 1.7 mg this weekend which for many has been a game changer.

Still I am curious, because my blood results show that I am no longer insulin resistant and all my blood levels are looking pretty great since I started taking the injections and with that in mind I’ve been looking into gut health and microbiome and how that could affect metabolism.

has anyone here done one of these analysis to check your gut health? has it helped you? I kind of wish that I hadn’t done it before starting the injections but I didn’t know a lot about it at the time.

anyway, I’ve still promised myself to go up to full 2.4 mg dose before I throw in the towel on the injections, fingers crossed that next week will be when the magic starts to happen.",2024-11-29,0,2,Semaglutide
1h2gvwx,reddit,r/WegovyWeightLoss,"Any tips. Im starting Wegovy soon, I have the prescription (.5mg) and am hoping to start next week. I'm 17m with a bmi of 42. Any long term users who have any tips about diet or exercise would be greatly appreciated. I'm nervous about this due to all the stigma surrounding it.",2024-11-29,2,12,Wegovy
1h2gtvq,reddit,r/WegovyWeightLoss,"Needle stinging. So I took my third shot today and while I was injecting the needle in the stomach, I felt a sharp pain and involuntary i took the needle out. I then put the needle back in again and took the shot.

Now I am worried if I shouldn’t have used the same needle. Is this something to worry about or is it fine?",2024-11-29,1,1,GLP-1
1h2gt44,reddit,r/WegovyWeightLoss,"Post-thanksgiving. alright its 1:30am the night after thanksgiving, and to no ones surprise, I just threw up 😑. 1.7 6 days ago and didnt even eat that much :(

who else is feeling the effects?",2024-11-29,0,1,GLP-1
1h2fybq,reddit,r/WegovyWeightLoss,1st pic: 9 months ago. 2nd and 3rd are from this week. Over 70 lbs lost.. I was really struggling with my health. It’s hard to exercise when sleep apnea was making me unable to sleep. My knees hurt from the pressure. I was so incredibly tired. The medicine really helped. I do track my food and exercise frequently but the medicine made it much more possible to put all that into action. 💗,2024-11-29,530,30,GLP-1
1h2fq3e,reddit,r/WegovyWeightLoss,"Thanksgiving.. Yall ok out there 😮‍💨 I didn’t eat breakfast but this thee most calories ive ever tracked for one meal, and I ate everything too xcept bout 1/3 of chicken leg quarter",2024-11-29,2,0,GLP-1
1h2fgmx,reddit,r/WegovyWeightLoss,"Family member comments etc? . Are you disclosing to everyone you’re on Wegovy? Personally, I’ve only told close family members but now I’ve lost enough weight that the comments from external people are flowing in. How do you guys handle it?",2024-11-29,2,5,Wegovy
1h2eeu5,reddit,r/WegovyWeightLoss,"I started a week ago today, I was 269 and few ounces can’t remember, today I weighed myself before my second dose and it was 262.2, I know most was water weight as my fingers aren’t swollen. But I’m seeing good results! I’m excited to keep going!",2024-11-29,25,4,GLP-1
1h2d1m2,reddit,r/WegovyWeightLoss,"No feeling in both index fingers?. This might be due to something else, but just wondering if anyone has experienced a (temporary) complete loss of feeling in their fingertips, specifically both index fingers but not effecting the others? I work an office job and it is making typing very....erroneous 😬",2024-11-29,0,5,GLP-1
1h2cjqe,reddit,r/WegovyWeightLoss,"Wegovy in Canada?. I was recently prescribed Wegovy, but trying to find a pharmacy that has it has been a challenge. Currently, I am with PocketPills, they don't seem to have it.",2024-11-29,2,11,Wegovy
1h2c16a,reddit,r/WegovyWeightLoss,"How did we all do for Thanksgiving?. I had modest portions, no seconds and skipped desert. I am not miserable. Winning!",2024-11-29,41,77,GLP-1
1h2bxhj,reddit,r/WegovyWeightLoss,"I Don't Want Pie. I hadn't eaten anything all day, had a good amount of food and now I'm nauseous and I was excited for pie and now I don't want any 😂😭😂😭😂😭",2024-11-29,0,1,GLP-1
1h2briy,reddit,r/WegovyWeightLoss,"Lost zero weight, just started 1.7. Any one have any tips? I’ve been on wegovy steadily, going up a dose and now it’s been like… 5 months and nothing. Active, not overeating feeling so disappointing but I thought this dose would bring results :(",2024-11-29,1,8,Wegovy
1h2bgcr,reddit,r/WegovyWeightLoss,"Anyone else eat their Thanksgiving Dinner with no issue?. I got a a good taste of everything and it was delicious. Now just enjoying time with the Family.

Happy Thanksgiving!

[View Poll](https://www.reddit.com/poll/1h2bgcr)",2024-11-29,4,3,GLP-1
1h2agvs,reddit,r/WegovyWeightLoss,"Is it too early to feel the effects?.     Long story long, overweight my whole life, suffer with BED and a lot of anxiety. Last month I went to the er with stomach pain. Turns out I needed to have emergency surgery to remove my gallbladder. This was oct 22nd. Sw was 366 cw is 331 (as of 11/28). I have been eating super clean and exercising almost everyday.

    I started my first dose last Saturday. Sunday was filled with nausea and I couldn't really eat. Monday was a little bit better. Today, I feel like I was so ""hungry""- more like a binge feeling. Is it because I just started and it's a low dose? I'm desperate to get rid of this food noise.",2024-11-29,0,1,GLP-1
1h2aexn,reddit,r/WegovyWeightLoss,"Thanksgiving dinner. It looks disgusting, but was good. Yes it’s on a Fiber tortilla 😂😂😂 I only managed half the green bean casserole. Happy Thanksgiving 🦃",2024-11-29,0,0,GLP-1
1h2ads4,reddit,r/WegovyWeightLoss,"Thanksgiving hits different. It’s such a strange feeling to “just” eat a taste of everything and be done. Losing an emotional connection to food is almost sad, to me. As though I feel guilty for no longer caring about food the way I used to. And a sadness that this is probably normal and I’ve been in an unhealthy relationship with food my whole life. 

I am thankful this year for this medication which has helped me so much and I hope you all are having a wonderful holiday celebrating. And, as I find new ways to celebrate that don’t revolve around food, I’d live to know how you’re all adjusting and celebrating too!",2024-11-29,101,34,GLP-1
1h2a8df,reddit,r/WegovyWeightLoss,Buy semaglutide online Canada . Can you buy online without prescription ? Do you guys know where i could?,2024-11-29,0,6,Semaglutide
1h29mnp,reddit,r/WegovyWeightLoss,"Wegovy face flare ups ?. Does anyone ever get like flare ups on their face after eating with wegovy? Not sure if this is common but Ive been on it for about 3 months now , and everytime I eat a meal I get like bump flare ups on my face. I dont have any other side effects so Im not sure If I’m allergic but I just find it interesting that directly after every meal I get bumps on my face that eventually go away the next day",2024-11-29,1,1,Wegovy
1h29aa1,reddit,r/WegovyWeightLoss,"Weight . Over the past year I gained a lot of weight with the height of the weight being in July when I was @ 267.6 lbs. 

I started Wegovy in July and since then it’s been a slow and steady drop. Since July I’ve lost approximately 41 lbs. Compared to November 2023, I’m down 4.5 lbs from where I as this time last year. 

For everyone out there that are worried their medication is working, I recommend just weigh yourself everyday. You won’t win every battle each day, but by staying consistent you will the war. 😊",2024-11-29,16,1,Wegovy
1h28rxg,reddit,r/WegovyWeightLoss,"Labs!!. Wow! I’ve only been on this medication since July, but my labs have done a complete turn around. I’m just in awe and very excited to continue my journey :)
(First picture from May, Second picture from November)",2024-11-28,107,7,GLP-1
1h28am1,reddit,r/WegovyWeightLoss,"Transition from Wegovy to Ozempic not going well. I was on Wegovy from July to October and lost 20 pounds. (From .25 up to 1.7.) The change in my eating behaviors was huge - I wasn’t hungry, I didn’t want to eat sweet things or drink alcohol. I wanted protein and salad. The food noise was gone. I will say, I did have some negative effects - some heartburn, constipation, but the trade off was totally worth it. 

Then my insurance provider switched me to Ozempic (2.0 a week) in November. Previously they were only prescribing Wegovy for weight loss and they changed policies. Wegovy was $550-ish a month and Ozempic is $300, so they did it for cost saving for patients. Either way, though, I will hit my full out of pocket insurance costs paying for 12 months of either med, so cost is kind of moot.

They are both GLP-1s, so they should work the same way, but I’m on my fifth week of Ozempic and find it is really not working. I have not lost any weight since switching - I have maybe gained a pound or two back. I have lots of food noise - lots. I am more or less back to my old eating habits, but maybe (?) eating slightly smaller portions. I also don’t really have the negative side effects of Wegovy - I can eat fried food without feeling sick, no heartburn from sugar or alcohol, no constipation.

I mentioned this to my weight management specialist and she said that while they should have the same impact, I’m not the first person to tell her I think Wegovy worked and Ozempic doesn’t. She said I can switch back next month, and I am thinking I will.

Has anyone else been through this? Did anyone switch back?",2024-11-28,0,7,Both
1h285sc,reddit,r/WegovyWeightLoss,"I can’t afford the wegovy anymore. What do I do now?. So I started this medication in April of this year. I had to stop it abruptly last month because I couldn’t afford it any longer. I got down to my goal weight which is great but now I’m gaining weight because the food noise is back like crazy and I can’t shake it. The fear of being big again is consuming my life. I am still very active and haven’t gained a ton of weight back but I know that if I don’t get back on the medication, I’ll be back to square 1. 
I reached out to my DR. and he recommended a maintenance dose of 60 units a week. This way I won’t gain but prob won’t lose anymore either which is fine with me. I was paying $800 for a 3 month supply there at the end of this journey. My question is, has anyone experienced this and if so, what do you recommend? 
I used the company weightrx and loved them. (Still do) but am open to switching companies if they can give me the maintenance dose for cheaper. I’m open to any and everything. I just want the food noise to go away for good! This medication has saved me. Truly. It’s saved my life! My bloodwork has improved as well as my mental and physical health. Now I fear I am regressing. 
SW: 225
GW: 155-160
CW: 160 but going up. 
I take wegovy now but am open to any other medication as well. 
If you’ve read this far along, I appreciate you. I love our community here in this subreddit ♥️",2024-11-28,2,11,Wegovy
1h27wqs,reddit,r/WegovyWeightLoss,"I'm so upset. . I'm so upset. I'm not over eating and my weight just isn't moving, it's gone up!! What do I do and please don't say I'm eating too much because I'm not, I lost more weight cutting out carbs and sugar without the help of wegovy but cutting out carbs isn't sustainable which is why i failed and put it back on. I've decided today only black coffee but this is so disheartening. I have gone up to 1.7 and took my second shot yesterday I am just so disheartened by this and seeing the scales go up!!",2024-11-28,9,83,Wegovy
1h27vjx,reddit,r/WegovyWeightLoss,Does it get better wegovy 1mg. I just took my first 1mg Tuesday and lastnight I started feeling dizzy. Everytime I got up from my bed I instantly became dizzy abs my heart racing. Today I've just been super fatigued and nauseated. I had 1 dizzy spell today. I feel bad but can't explain the feeling. How long does this last if anyone has experienced this?,2024-11-28,4,6,Wegovy
1h2707f,reddit,r/WegovyWeightLoss,"Insurance Challenges . Well, my Doc sent a prescription to the pharmacy for me to start Wegovy.  Things got delayed for a Prior Authorization request.  Once they request was sent, they can back and said denied due to being an exclusionary medication for my plan.  It’s so frustrating that insurance can deny a physicians orders.  Yes, I know that have them on staff too, but they don’t care why things are prescribed. So now to change gears.  I’m supposed to call them and see if they will be covering Wegovy in 2025, Doc mentioned that many will be covering or required to cover it. If not, I’ll check into a compounding pharmacy  for it.  Does anyone have experience going this route?",2024-11-28,1,10,Wegovy
1h26mtp,reddit,r/WegovyWeightLoss,"NSV - My Thanksgiving Plate. I've been on Wegovy just over 2 months, am at .5 dose but took .25 this week (Sunday) to avoid feeling too sick to participate in family gatherings (had a rough 2 weeks prior to this one, doc approved my dosage).

I planned to take 1-2 tablespoons of everything except turkey (yay protein), and not snack mindlessly or add extras. And I did it! This was my plate (clockwise from left)

Mashed potato (didn't end up eating, was too lumpy)  
Mac n Cheese  
Corn  
Stuffing  
Turkey  
Sweet Potato  
In the middle - broccoli and cauliflower

I also had one very small bite of hubby's slice of pumpkin pie.

I'm not stuffed at all, and I'll probably eat a small dinner later, if I'm hungry. I felt glad to taste everything, and I could've easily had more but I was so proud of myself for sticking to my plan. No one commented either, since the food mostly covered the plate and I ate slowly, which was a relief.

What did you all end up doing for Thanksgiving if you celebrate?  
We're having another full Thanksgiving meal on Saturday with family who couldn't be in town today, so I'm hoping to do very close to this again.

https://preview.redd.it/bdlavkv1rp3e1.png?width=480&format=png&auto=webp&s=837b7ba3ac845162361349bf7790791dd57f5a12",2024-11-28,1,0,Wegovy
1h26lqj,reddit,r/WegovyWeightLoss,"NSV - My Thanksgiving Plate. I've been on Wegovy just over 2 months, am at .5 dose but took .25 this week (Sunday) to avoid feeling too sick to participate in family gatherings (had a rough 2 weeks prior to this one, doc approved my dosage).  
  
I planned to take 1-2 tablespoons of everything except turkey (yay protein), and not snack mindlessly or add extras. And I did it! This was my plate (clockwise from left)

Mashed potato (didn't end up eating, was too lumpy)  
Mac n Cheese  
Corn  
Stuffing  
Turkey  
Sweet Potato  
In the middle - broccoli and cauliflower  
  
I also had one very small bite of hubby's slice of pumpkin pie.

I'm not stuffed at all, and I'll probably eat a small dinner later, if I'm hungry. I felt glad to taste everything, and I could've easily had more but I was so proud of myself for sticking to my plan. No one commented either, since the food mostly covered the plate and I ate slowly, which was a relief.

What did you all end up doing for Thanksgiving if you celebrate?   
We're having another full Thanksgiving meal on Saturday with family who couldn't be in town today, so I'm hoping to do very close to this again.",2024-11-28,1,0,Wegovy
1h26l9h,reddit,r/WegovyWeightLoss,"Thanksgiving lunch . Picked these up at Walmart last night. Had never seen the Atkins with 30g of protein. Ok, but not as good as the chocolate peanut butter premiere ones. 
I’ll be eating Thanksgiving dinner (which I’m currently cooking and hosting) but in moderation and staying calorie deficient. To be honest, it doesn’t even smell or look good this year, even though I know it is! 🦃😂",2024-11-28,15,3,GLP-1
1h25vby,reddit,r/WegovyWeightLoss,"Wishing everyone well on their journey; It's one I can't go on.. As my post states, I've been on this sub for a while and I enjoy reading about everyone's success. I so wish I (63f/225) was able to go on this journey with you. Unfortunately, I've had two doctors tell me I don't qualify due to some preexisting conditions. 

However, you all have inspired me! I can lose weight if I focus on what I'm eating and get off my butt more, but it's hard. I started to pay attention to my eating habits on  Saturday and stopped drinking my Diet Coke and subbed in water and stayed away from fast food.  I already lost 5.4 pounds (I know it's mostly water, but I'll take it). The good news is I'm not all that hungry. 

My biggest thought is that it doesn't matter how you lose weight and become healthier. I'm still going to follow this sub because you all make me feel so much better about myself and my weight loss struggles. 

Happy Thanksgiving.",2024-11-28,43,8,GLP-1
1h25tbh,reddit,r/WegovyWeightLoss,what do i do about a faulty pen?. one of my pens won’t inject because it’s stuck halfway pushed down. am i supposed to call the pharmacy? the manufacturer? i don’t want to miss a week due to this,2024-11-28,1,1,GLP-1
1h25nch,reddit,r/WegovyWeightLoss,"I’d like to hear from people who dropped down from 2.4 to 1.7. I’ve plateaued on the two months I’ve taken 2.4 and previously found 1.7 more effective.

I’ve also felt pretty terrible on 2.4, like nausea, diarrhoea, fatigue, and I think maybe hair loss in the 2 days after the shot? I’ve also felt weirdly more hungry on this shot and also need to vomit when I wake up in the mornings unless I have a big gulp of water or food immediately. 

I’m going to ask my dr to drop me down to 1.7 again.

I’ve been calorie counting, making sure I eat more protein and exercising (strength training and lots of steps). And will be doing that for the rest of my Wegovy journey and beyond. I am aware that the process of weight loss is CICO and I am aware about weighing foods so don’t need education on that. And I’ve also been measuring my body with a tape, so I’m not losing fat and gaining muscle because it’s staying the same.

Has anyone had the same experience? Did you ride out 1.7 to your goal weight or have to come back up to 2.4 again?",2024-11-28,5,26,Wegovy
1h25jm9,reddit,r/WegovyWeightLoss,"Mood Swings?. Hi there. 

I just started last Sunday on my first dose of Wegovy. I switched from Zepbound due to costs. 

In the beginning I was very nauseous. Now lately I feel I randomly get emotional and irritable. Does this side effect go away eventually? I took a break from working out to adjust so maybe that will help once I’m back into my routine? 

Any advice or help would be greatly appreciated!",2024-11-28,1,0,Wegovy
1h256d6,reddit,r/WegovyWeightLoss,"I took my last 0.25 injection last Thursday, I weight myself only on injection days and the first 3 weeks I lost c 1.2 kg per week. Today was the last day of my 0.25 and I was shocked that I gained 2 kg since last week ! Did this happen to anyone ?? Ps: I haven't changed anything about my habits!. Wegovy semaglutide",2024-11-28,0,7,Wegovy
1h24ogu,reddit,r/WegovyWeightLoss,"NSV - My liver has gotten smaller and is losing the fat! . I am an ultrasound tech and get to see inside the body every day. A fatty liver is a much brighter shade of gray than a healthy liver and you can use the kidney next to it to gauge how fatty it is. This is a picture of my liver in June vs my liver today. It has gotten smaller and is becoming a darker shade of gray which means it is losing fat! As you can also see the sound waves are able to travel through the liver better to give a better look at the kidney. While I’m excited about going from my SW of 177 in July to my CW of 140, I’m even happier knowing my liver is becoming healthier! I can’t wait to get my next round of lab work to check my cholesterol and triglycerides!",2024-11-28,326,13,GLP-1
1h24fcq,reddit,r/WegovyWeightLoss,Stinky burps and bathroom issues. Happy thanksgiving y’all. Been on wegovy for about 6 months. No issue.  Been on 1.0 for about 3 months. Just this week I’ve just had some horrible smelling burps and terrible diarrhea.  Did I get a bad batch of meds or is this normal. Or is it something completely unrelated. Literally have had zero problems up until this week. Thanks!!!,2024-11-28,1,1,Wegovy
1h23xze,reddit,r/WegovyWeightLoss,"I’ve lost my first 10lbs! . I’m 40 years old, 8 months postpartum, 5”6 female. I started at 211.8 exactly six week ago, and this morning I weighed in at 201! I very guiltily admit I haven’t been tracking calories or exercising, though I plan to start walking on the treadmill soon. At this rate I’ll hit my goal weight at the end of April, which would be amazing!  Currently on .5mg and upping to 1mg in two weeks :)",2024-11-28,38,10,GLP-1
1h23dph,reddit,r/WegovyWeightLoss,"Screwed up shot day, whoops . Took my Friday shot on Wednesday, I think closing up work for the week had me thrown off that it was actually Friday 🤣 so far no issues, but I’ll be stretching the next one to get back to Fridays.",2024-11-28,2,1,GLP-1
1h22zfq,reddit,r/WegovyWeightLoss,"Happy Thanksgiving . NSV I managed to have a scoop of everything and only two rolls. I don’t feel like a walrus! 
Hope everyone has a great day.",2024-11-28,5,1,GLP-1
1h2243q,reddit,r/WegovyWeightLoss,"2/16 to 11/28 results . Posting this for those just going on Wegovy. I’ve seen a few posts of people feeling discouraged because they’re 3 weeks - 2 months in and not seeing results. I was the same way. I was 2 months in and only down a few pounds and was *sooooo* frustrated. I posted here hoping for some kindness and support, I was feeling so discouraged, and instead people attacked me because I *‘wasn’t grateful’* for the like 6 lbs I had lost and *‘what about people who can’t get on wegovy, imagine how they feel’* without ever once considering how I may be feeling and how they were being really hateful for no reason.  I still remember exactly who the commenters are, so maybe I’m posting it as a reminder to be kind too. Progress was *slowwwwww* but once I hit 0.75 the weight started falling off. In 9 months and 2 weeks I’ve lost **59.1lb** and **55.85 inches**. *STAY THE COURSE*, don’t listen to people who are being negative, just stay the course and know it’s going to work for you too. Don’t get discouraged and quit because you’re not seeing results. I promise they’ll come. Remember that this is a lifestyle change, so while I was already walking 10+ miles a day and eating mostly veggies, I wasn’t able to lose the weight. To contribute to the lifestyle change I’ve added weights into my routine, focus on lots of fiber and protein, and staying active even if my jobs are on the slow months and I’m not walking as much as I normally do. You *CAN* do this, and have these results too. *same leggings in the pic, too!*",2024-11-28,183,11,Wegovy
1h220ev,reddit,r/WegovyWeightLoss,"3 weeks in @ .25mg,  gained 1lb. . This post is meant for the other side of the spectrum where you don’t see much results. 

I know the therapeutic dose is 1.7 so I’m not  concerned with these results. 

For context, Ive been eating a bit more because i still lift heavy 3x a week and I’m trying to listen to my body.",2024-11-28,0,1,GLP-1
1h21xuy,reddit,r/WegovyWeightLoss,Is anyone having trouble finding wegovy?. Hi everyone! I wanted to ask if any of you are having trouble finding a pharmacy that has Wegovy in stock? I JUST got prescribed .25 right now and everyone has it on back order. I'm unsure where to look.,2024-11-28,1,3,Wegovy
1h21eub,reddit,r/WegovyWeightLoss,"Wegovy Approved!. 
I was finally able to get Wegovy approved by my insurance!  I’m so happy!  Not only do I need it for help with weight loss but I’ve been following some studies that it’s possibly helping people with a reduction of Endometriosis symptoms.  I’m just wondering for anyone that’s using Wegovy, what should I expect in the first few days? Weeks? Etc?  Any tips or tricks to help with success?",2024-11-28,8,7,Wegovy
1h214lf,reddit,r/WegovyWeightLoss,well that was weird. 1st Thanksgiving on Wegovy.  I'm full.   turkey tastes terrible and I have no idea what to do with the leftovers.  I've never liked holidays because they are so food focused and I've always had an eating problem.  I thought this one would be better but I dont know.  Sigh,2024-11-28,7,2,Wegovy
1h20twp,reddit,r/WegovyWeightLoss,"Finally under 200 lbs. I started these meds in March and am down 35 lbs. The last time I was under 200lbs I was eating 600 calories a day and starving. I don't feel like I'm starving on these meds. I'm learning to eat smaller amounts of all the foods and can eat pretty much anything. So thankful for this. I heard for year just eat less exercise more, but I have a heart condition and doctors orders to not raise my blood pressure, so not sure how I was supposed to lose weight without increasing blood pressure and heart rate I have no idea. These meds have made a huge difference.",2024-11-28,536,18,GLP-1
1h20mxo,reddit,r/WegovyWeightLoss,"I’m doing something wrong…. Before I started Wegovy 3 weeks ago, I drank coffee with Bulletproof creamer, 2 cups, and drank my Circular water all day. I can’t take lunch until about 2:00 or later and it’s a microwaved low calorie boxed lunch, and I can’t eat dinner due to my schedule until 8:00 or after. And it’s not big portions! Haven’t lost 1 single pound. And I do exercise with my waist spinner. I have back problems so I can’t walk long distances. What am I doing wrong??? I’m just crushed. I do have a highly stressful job, usually from 8:30 to around 7:00 pm. Do I need to move up to .5?",2024-11-28,7,23,Wegovy
1h20iem,reddit,r/WegovyWeightLoss,"Going to miss injections, how to restart?. I accidentally threw out my pen while cleaning and now I have to wait until December 10th for a new pen (my insurance covers monthly renewals but id have to pay out of pocket for a replacement) I am on 0.5 , would this mean I have to go back down to 0.25?",2024-11-28,1,1,GLP-1
1h1yd2d,reddit,r/WegovyWeightLoss,"Happy Thanksgiving everyone!. Enjoy the holiday everyone.   

This is my second turkey day on this med. I’ve been alive approximately 14,235 days, and I’d like to hopefully live another 14,000 or so more.    

A single day of enjoyment isn’t going to hurt. Don’t eat excess to the point of getting sick, but enjoy the holiday however you plan to do so and don’t stress so much about one day of your life. A single day didn’t get you where you are/were, and it’s not going to undo your progress. Think positively.    

Happy holidays all.",2024-11-28,35,3,GLP-1
1h1y9v7,reddit,r/WegovyWeightLoss,"Plateauing at 175lbs (37M, 5’9). Hey all, I’ve been on Wegovy for a while and Monjouro before that. I probably started GLPs around early 2023. I’ve been stuck at 175 for about a year now.

My starting weight was 225, and it was a steady decline to 185, which plateaued for a few months, and then it’s been at 175 since. The upper bounds of healthy BMI for me is 169, and I think the sweet spot is probably around 160.

Has anyone else experienced this? I’m not sure what to make of it.",2024-11-28,1,5,Wegovy
1h1y3hx,reddit,r/WegovyWeightLoss,This Is Worse Than Sugar: Hidden Health Dangers Of Starch Revealed,2024-11-28,1,0,GLP-1
1h1xhnk,reddit,r/WegovyWeightLoss,"Hot flashes gone?. I am on week 2 of Wegovy 0.25. My starting weight was 176 5’3. I. Have Pcos. one weird thing that’s been going on for the last year is awful night sweets that’s impacting my life. I don’t want my significant other to sleep over anymore because of it. I wash my sheets almost daily!!!! That’s how bad it was getting. 

We’ll the night after my first Wegovy shot- zero night sweets. Thought it was a fluke. Nope. I’m now on week 2. Haven’t had a night sweat since. I haven’t gone this long without night sweats for over a year !! I’m super happy. Wondering if anyone else had this happen as well and putting this out into the universe in case anyone else is struggling w NS and not sure if they wanna start Wegovy.",2024-11-28,1,5,Wegovy
1h1x9wv,reddit,r/WegovyWeightLoss,"Opposite reactions from family when telling them you're on wegovy?. I read a lot about family/friends who say things like ""it's cheating"" or ""so unhealthy you're wasting away"" and ""why don't people just eat less?"" I never wondered what the other side of the coin would be. 

My MIL, after asking a couple of clarifying questions about GLPs, goes ""oh I need to get myself on that!"" Which I guess is what adds to some other public perception that this is just a fad diets like Dexatrim, which for her entire life she has done like 1 out of every 3. She was the snackwells, weight watchers, phen-fen mom of the 80s and 90s. She's slim, in her 70s, if she lost more than 10 lbs she would be skeletal. 

I can't help but feel like I'm gatekeeping wegovy! I then threw in about how I've always had blood sugar issues, recently found out my entire dad's side of the family has a history of diabetes and pancreatic tumors. It being Thanksgiving weekend conversations get constantly sidetracked, so that was the end of it. 

Anyone else get this sort of response? I'm a little surprised at my own feelings about it, tbh. I'm not complaining, I'm glad to not have to defend my decisions tooth and nail, it's just.....weird! lol",2024-11-28,44,50,Wegovy
1h1x212,reddit,r/WegovyWeightLoss,Before or after Thanksgiving dinner. On 2.4 dose for a week and like my 4-5th month on the meds in all. So thankful for the drug but I LOVE thanksgiving. I didn’t grow up with many home cooked meals so I love this day. I usually take my shot in the mornings but should I wait till night so I can enjoy my meal?,2024-11-28,0,5,GLP-1
1h1wk7p,reddit,r/WegovyWeightLoss,"Advice to keep weight off. Hello there, well since I moved out of the U.S. I was only able to take Trulicity instead of Wegovy as it’s not available here. 

I have lost a total of 47 lbs in a year on Wegovy and Trulicity.  Well, now the GLP-1 lack of drug has hit here also.  

I’ve been without the meds for 3 weeks now. Some days I’m hungry all day long so I try to just keep my usual diet but will eat small portions throughout the day.  

I have read that people gain all the weight back as soon as they stop. But I feel we don’t need to let this happen to us. 

What can we do or what has anyone else done who has not been able to obtain the meds?

Thanks.",2024-11-28,1,1,Wegovy
1h1wfsv,reddit,r/WegovyWeightLoss,"Tracking?. (Today aside) do you typically track your food to get enough protein? I do and honestly I’d eat less during the day if I didn’t, but likely more at night when I finally get hungry. I’m losing 1 lb/week and on 0.5 so far. Wondering if tracking does more harm than good? What are your experiences?",2024-11-28,2,10,GLP-1
1h1vkq4,reddit,r/WegovyWeightLoss,"Unpredictable nausea makes me scared to take each shot…. I’m now on month 3 of wegovy and I’m really happy to be 19lb down and feeling so good about the changes I’m seeing in myself. Clothes are fitting, I’m moving around so much better, skin is a lot better and I generally feel more confident. I don’t regret my decision to start this process at all.

However I’m finding that I can randomly get sick pretty often, usually in the middle of the night a few days after a shot.  I’m noticing this can be tied to eating too much of the wrong things in the evening, particularly fatty food, and can be really bad the week I increase dose. But it still feels so unpredictable and it completely wipes me out. I’m at 1mg now, I’ve decided to stay on this for a second month as my body reacted so badly to the last increase.
I’ve started to really dread the injections, and I put them off a day or 2 if I can.

Surely this isn’t good for you to be this sick so often, I worry about getting enough nutrition and potential damage to my oesophagus and teeth? 

Anyone else feel the same? Is this normal? Any tips to prevent the late night acid/vomit sessions?  I love the results but honestly I don’t think I could live like this long term.
 When I get sick my partner has started commenting that this doesn’t seem right.. I tend to agree but do the results outweigh the short term symptoms?",2024-11-28,6,11,Wegovy
1h1vau5,reddit,r/WegovyWeightLoss,"First week on Wegovy - irritability?. Hello! This sub has been wonderful as I start this journey. I took my first shot a few days ago and happy to report very few side effects. One thing I’ve noticed though is I’m finding myself a bit irritable and hope that it isn’t an indication of more to come. I’m a generally calm person but finding myself getting irrationally annoyed at dumb things like my phone not working. I know we aren’t doctors here, but I’m wondering if it’s possible to be going through the mental side of sugar/carb withdrawal without feeling it physically. I’ve already probably cut calories about in half just by my appetite, so I don’t feel myself physically craving more but mentally it’s like I’m craving something that I can’t pinpoint if that makes sense. Has anyone else gone through this early on? Does it get better?

I haven’t really changed what I eat (except being very intentional about protein), just quantity.",2024-11-28,2,1,Wegovy
1h1u8c8,reddit,r/WegovyWeightLoss,"How long until the reduced appetite and hunger thoughts diminish?. I was prescribed Wegovy last week, my first dose was earlier this week. I've read there are mixed reactions to how people react to it once they started their journey.

For me, I haven't had any of the symptoms people seem to experience, although maybe it is because I have only had a single dose. I haven't had any nausea, or even sensed a reduction in appetite.  

Some people have claiemd to have reduced appetite and seen their food craving thoughts dimish, even on the 0.25mg dose. However I'm not sure whether that has been after 2-3 doses, or it was almost instantaneous from the first dose.

Is there a point at which you know for a fact that Wegovy isn't going to work for you?",2024-11-28,3,19,Wegovy
1h1tv6v,reddit,r/WegovyWeightLoss,"Successful but at what cost?. I think I'm going to stop wegovy... this is the second morning in a row that I have woken up with severe nausea and stomach pain. Terrified it's pancreatitis. I called IVIM, the company I get the drug through and talked with a nurse practitioner regarding the nausea and then when I mentioned bloody stool and constipation she told me to stop taking the drug and go to urgent care. I called my regular doctor and scheduled a checkup for a few weeks out (only time I could get in) and decided if I get the severe constipation and bloody stools again in the meantime to go to urgent care. I've been up since 3am. Woke up with stomach pain and scared it. Pyle be the beginning stages of pancreatitis. I took some ondansetron to help with the nausea and now I feel better but feeling very defeated 😞 I went from 215 to 190 on the med. and now this 😢 I don't want to gain the weight again. I'm so scared.

I’ve had pancreatitis in the past caused by high triglycerides. I no longer have my gall bladder so my doctor thought I should give this a try to help with weight loss. But to also monitor any side effects carefully. This is the first time I’ve had side effects this bad (mild constipation prior on lower doses, gave myself my 4th injection of 2.4mg Tuesday evening) If the pain continues I will go to urgent care but for now it’s getting better.  

I feel so defeated and scared to death I’m going to end up at that weight again 😭",2024-11-28,2,2,Wegovy
1h1spwz,reddit,r/WegovyWeightLoss,"Gut rot. Woke up in the middle of the night with bad diarrhea and nausea. Had i not went straight to bathroom, I would have pulled a Bridesmaids...

Last night was having first episode of sulfur burps and toots...pretty gross. On week 6, 2nd week of .5. 

Can I take pepto if need be? This is no joke 👎

M44
6'1""
SW 260
CW 247
GW <200",2024-11-28,1,4,GLP-1
1h1r75t,reddit,r/WegovyWeightLoss,"Hit a block. I’ve been steadily losing weight for a year, then the last month or so I had a lot of family stress going on, and I’ve gained 9lb! It is definitely due to me not being on it and focused, I’ve stopped eating mindfully, I’ve stopped walking and exercising, I’m completely back to my old habits. Just wondering if anyone else has experienced a dip like this and has any tips for getting back to it? I just feel super unmotivated, tired and I just want comfort food!",2024-11-28,2,2,GLP-1
1h1qq5i,reddit,r/WegovyWeightLoss,"What would you do? . First things first: yes, I already got my doctors opinion on this.

Today is injection day and I do not know what to do about my dose. I have the European flex pens so I kinda can inject whatever I want. I am on my third month of 0,5mg. I stayed on that dose instead of titrating up because I was doing a lot of travelling and didn’t want to risk it and also somewhat enjoy my vacation (still lost during it so no pigging out happened). 

When we returned I did another round of 0,5mg and my intention was to do 0,5mg again today. However, I am starting it to do a lot less heavy lifting. Like I do get hunger and the occasional food noise but it seems manageable. Saying this, I still lost over 1,5lbs last week, which kinda sways me to stay on 0,5mg even longer. 
I am also self-pay and staying on 0,5mg longer reduces the cost per shot tremendously. Ultimately, it is my end goal to get off of this and don’t make it a lifelong drug. So I think it’s better if I learn to live with my sweet tooth and hunger, right? Rather than following a titration plan that aims on keeping people on it as a life time drug. 

Stats:
HW: 95kg SW: 89,7kg CW: 76,7kg GW:61kg/55kg if I get my medical team to agree",2024-11-28,2,7,GLP-1
1h1qmjz,reddit,r/WegovyWeightLoss,"Side effects. So TMI, I took my first injection maybe 3 days ago. And if I’m being honest I have barely eaten anything. The nausea was so bad that all food sounded awful. 
Of course I need to eat so yesterday I forced myself to eat half a bowl from Waba Grill which is significantly more than I’d eaten collectively beforehand. 

And about 20 minutes later got bubbly tummy and diarrhea. So my question is, I can’t figure out if this is a result from me suddenly eating after I hadn’t been, or is it likely that there was sauce in the bowl? Trying to figure out if I have to be careful when I eat or what I eat.

Is the diarrhea random? Result of eating in general? Or result of eating something bad for me like the sauce?",2024-11-28,1,5,GLP-1
1h1qcy6,reddit,r/WegovyWeightLoss,"Staying on Schedule… just took my weekly shot.. It’s the night before Thanksgiving and I wasn’t going to fall off track. I took my 1mg shot and look forward to sleeping like baby per usual. 

Not sweating the minor side effects and I have no doubt that I will be able to enjoy my Thanksgiving Dinner.

Anyone else take their shot Today, This Week, or on Thanksgiving Day?

Wishing everyone a wonderful and happy Thanksgiving! 🙏",2024-11-28,13,19,GLP-1
1h1qao6,reddit,r/WegovyWeightLoss,"Wow. First side-by-side in 8 months. . I personally am not strictly monitoring my journey, meaning I weigh myself about every two weeks, do not take progress pictures, and eat intuitively without tracking calories. With this, I have found it VERY difficult to see any differences. I am 5’2, started at about 220, and am now 155. So that’s a solid 70ish pounds down, yet I still struggle to see a difference. 

With that being said, holy shit you guys. I went out tonight and took this first photo, and remembered I wore a very similar outfit in January. I decided to put them side by side and swipe back and forth….. I SEE THE DIFFERENCE!!!!!! Look at my freaking jawline!!! I am also just so much more incredibly confident now and I think that shows. 

I hope everyone can enjoy my progress as much as I am 🤣💟",2024-11-28,1,1,GLP-1
1h1pym3,reddit,r/WegovyWeightLoss,"Weight gain? . Just took my second shot on Sunday and even though I’ve been staying mostly in a calorie deficit I somehow gained 400g(~1lb) from the last time I weighed myself a week ago. This is really frustrating as it’s still not super easy for me to stay within the deficit, probably because I’m on such a low dose, so I worked harder for it. Just a bit discouraging.",2024-11-28,0,7,GLP-1
1h1pa7u,reddit,r/WegovyWeightLoss,"Blue Cross Complete?. Has anyone had any luck getting Wegovy covered by Blue Cross Complete in Michigan? I know they are separate from BCBS of MI so I didn’t know if the ban on covering these medications was a thing

I called a few months back and they said it should be but idk

I have PCOS and I think Wegovy might be my best bet to reduce food noise/ lose 100+ lbs. thanks.",2024-11-28,2,0,Wegovy
1h1nplj,reddit,r/WegovyWeightLoss,"Lost 40 pounds!. Just want to say I started the 2.4 Wegovy recently and overall I have lost 40 pounds! 

I haven't really done much working out but I plan to get back into it once I reach my target weight.",2024-11-28,71,3,Wegovy
1h1n6jm,reddit,r/WegovyWeightLoss,Currently so sick!. I went two weeks without taking my 2.5 shot due to my wedding day and being out of country for my honeymoon. Y’all I took my first shot again today not thinking anything of it after two weeks. I have thrown up twice and cannot eat anything! I never threw up with any of the shots before. I feel like a have the stomach flu it’s so bad! Has this happened to anyone else and how do I stop this??😭😭😭,2024-11-28,1,2,GLP-1
1h1n3tt,reddit,r/WegovyWeightLoss,"Please only read on if you have had a bad reaction (I know most people don’t have any major issues). I recently had a terrrrrible sudden onset of pain and vomiting and after 12 hours I went to the ER. I could barely walk and my husband luckily insisted I go. I had a bunch of scans done and they said I have some gall stones but my gall bladder seemed fine. They said the pain was most likely from a bad
stomach virus - but they could not rule out it being a negative effect of the Wegovy. I am still on the .25 (for the 6th week with no real issues) and the shot was 2 days prior to the incident. 

Is it really possible for it to be from the Wegovy? Has anyone had any side effects that were this bad? If so, I’m nervous to continue, let alone increase my dosage in a little over a week. 

I only know a few people IRL who have taken any form of Semaglutide and none have had issues besides mild nausea. I know “more serious GI issues” are possible according to reg warnings, but is this the kind they are referring to? 

Tks if anyone read this far. I’m not trying to be negative or scare anyone; I am hustling trying to gather info.",2024-11-28,9,26,Wegovy
1h1mrc9,reddit,r/WegovyWeightLoss,"First Week Weight loss and Side Effects . For context I am 29f 

I just completed my first week of the starting dose of 0.25 and boy was it crazy in both good and bad ways. 

My starting weight was 96.9kg or 213.6lb.

My weight in this morning was 93.1kg or 205.2lb

To think that this week alone, I lost a total of 3.8kg or 8.3lb is crazy!!!

I started my injection via my stomach on a Thursday morning after having a protein shake and an ondansetron (anti nausea tablet) as I have emetophobia and the thought of nausea gives me anxiety! 

As far as exercise goes, I have a pretty full on job and have been averaging about 12k steps daily. I genuinely eat pretty healthy but my snacking problems have gone which is the route of a lot of my problems.

The side effects I have experienced this week was nausea in the first two days because I over ate at dinner. I also experienced nasty constipation! I was taking 3 coloxyl tablets both morning and night of every day. By the 4th day of constipation I was so uncomfortable, I realised that I needed to be taking metamucil and upping my fibre intake 🤦🏻‍♀️ Thankfully that did the trick. 

I have just started my second dose this morning and am eager to see what this week brings!!",2024-11-28,6,1,GLP-1
1h1mmwg,reddit,r/WegovyWeightLoss,"31.8 starting BMI. Insurance now requires a starting BMI of 32. I’ve been on Wegovy since July 2023. I’ve lost more than 40 pounds in that time. My starting BMI was 31.8, and insurance has covered Wegovy thus far without any issues. I just got a letter from Express Scripts saying that starting in 2025, insurance will only cover Wegovy if you had a starting BMI of 32 or a starting BMI of 27 with two comorbidities. And I have to join Omada or something and participate in their management program. 

I’m going to schedule a call with my doctor as soon as I can, (thanksgiving holiday) but the last 18 months of my life, free of food noise, have been wonderful. I’ve been incredibly vocal about this being a lifelong drug for me. I’ve never had such a healthy relationship with food and my body. I’m trying not to panic about losing insurance coverage for Wegovy. 

My question is: can my doctor round up my starting BMI so I can still qualify? It’s literally one pound difference.",2024-11-28,1,18,Wegovy
1h1madw,reddit,r/WegovyWeightLoss,Wegovy weight loss advice . I've been on wegovy for 3 months now. I've only lost like 3 pounds maybe even that and im starting the 1.7 shot tomorrow. I've lowered my eating on most days to two low calorie bread chicken sandwiches and a meal replacement shake. I do exercise a good amount every other day. I don't know what else to do to lose weight. Wegovy has definitely made where maintaining is easy but I can't get under 230 at all the closest I got was to 232 and now I'm back to 234. Does anyone have any advice? Sorry if I'm being a Debbie downer,2024-11-28,2,2,Wegovy
1h1lg3f,reddit,r/WegovyWeightLoss,"Week 3 of .25… can I skip ahead to .5?. I’ve been doing great at .25, but I am starting to get a lot of food noise over the last 24 hours and am struggling to keep the calories down (it’s Wednesday following my third shot the previous Friday). Very light side effects so far. 

On my current schedule I’d take my fourth .25 on Friday. I have .5 pens in the fridge. What are your thoughts on skipping the fourth .25 pen and moving to .5? Thanks in advance!",2024-11-28,0,7,GLP-1
1h1l0da,reddit,r/WegovyWeightLoss,"Need some advice . I’ve been taking Wegovy for 3 months now with solid success. I still have more to lose. 

I was just diagnosed with low thyroid. The problem is that I have to take the hormone pill for my thyroid on an empty stomach, and Wegovy delays digestion. It keeps the food in your stomach longer. The question is how long. 

I don’t want to give up the Wegovy and I really need the thyroid meds. Any advice would be appreciated. 

Kindest 

Jack",2024-11-28,4,8,Wegovy
1h1kli3,reddit,r/WegovyWeightLoss,Wegovy vs Zepbound . Just received the dreaded letter stating that my insurance will no longer cover Wegovy and I will be transferring to Zepbound on 01/01/2024 🥲. Has anyone have experience on Zepbound? I love what wegovy has done for me.,2024-11-28,3,8,Wegovy
1h1k663,reddit,r/WegovyWeightLoss,"I think it's making me sick but I'm afraid to come off. Hello all, so I've been diagnosed with stomach issues already, gastritis in the past and gastroparesis, although I've managed to put on over 70 pounds the past few years and can't get rid of it. I went up to 0.5 mg after 3 weeks of feeling nothing on 0.25 mg. I immediately noticed feeling fuller. I've been on 0.5 mg for two weeks now, but my stomach  issues are starting to flare up and I'm not sure if it's this medication. Indigestion, pain after eating ANYTHING other than applesauce and drinking liquids. I'd be fine with living off of that for the time being, but I'm on supplements/ vitamins and I need to coat my stomach. I have been vomiting daily due to the fact that food sitting in my stomach causes pain. I don't want to come off of Wegovy, as nothing else has worked for me and doctors don't even know why I'm obese. I want to schedule an appointment, but I'm afraid they'll try to take me off due to the gastroparesis diagnosis. Any advice?",2024-11-28,3,7,Wegovy
1h1jvzr,reddit,r/WegovyWeightLoss,Help please. Y’all I need help because I’m getting real close to giving up on this. I’ve lost 10 pounds my first week and a half which is amazing. But every single day by about 2pm I feel like absolute shit. I’m nauseous. I’m beyond exhausted. My head is pounding. I don’t know what to do. I’m drinking water. I’m drinking electrolytes. I’m eating. I just don’t know how to get past feeling so lousy. I’m really questioning if being skinny is even worth it. Please help.,2024-11-28,5,7,GLP-1
1h1jm0z,reddit,r/WegovyWeightLoss,"Took my very first 0.25 shot tonight!. I battled my insurance for two months and finally got my first 4 doses of 0.25 a week ago. Waited until today to take the first one, and in the meantime, I gathered all of the vitamins and supplements I've seen other people utilize for their own journeys. I waited to do it toward the evening, to see if I can sleep through any side effects. Also, it was nice to wait till my husband was home from work, so he could be there with me for moral support. He helped watch the yellow bar and he cheered for me after. I'm so happy and excited. I have pre-diabetes and hypothyroidism (and possibly hashimotos) and I've struggled with weight my whole life, sitting at a whopping 323.5 lbs currently. I really, really hope this works out in the end.

Wish me luck!",2024-11-28,58,20,GLP-1
1h1jkh8,reddit,r/WegovyWeightLoss,Thought this might be of interest . https://www.washingtonpost.com/wellness/2024/11/27/exercise-weight-loss-science/,2024-11-28,2,1,GLP-1
1h1irsf,reddit,r/WegovyWeightLoss,"Is Wegovy not working for me?. I’ve been on Wegovy since July, starting at .25 and going up monthly, I’ve been on 2.4 for about a month now and haven’t seen any weight loss. My face looks a tiny bit thinner but aside from that the number on the scale hasn’t moved at all, clothes aren’t feeling any looser, and I’m starting to get discouraged. Wondering if I might be a non responded. I do also have PCOS/insulin resistance which has led to my weight gain over the last 3 years so that may be a factor or be part of why I’m not losing the weight as fast as many others.

At the same time most of my bloodwork levels have improved since the summer which I’m happy about but at the same time feeling frustrated and a bit defeated.",2024-11-27,0,2,Wegovy
1h1irdy,reddit,r/WegovyWeightLoss,"Struggling and hoping for some insight. I've been on Wegovy about 9 months. My doctor is titrating very slow. I was on the .25, .5, and 1 mg for 3 months each and just started the 1.7 mg. 

I've lost 15 lbs without making major changes. I recognize I could be doing a lot more. My issue is the side effects. I am repulsed by food. I can't even make healthy choices because all I seem to be able to eat is orzo and broth and other simple carbs. I occasionally eat protein like chicken, nuts, or chicken sausage. 

The heartburn was tolerable until the 1.7 mg. Now it's awful. I fight vomiting a lot. I'm always a lump on the couch the day after my shot. Either exhausted or vomiting, usually both. I take the shot Saturday evening and usually feel better some time on Monday. I've tried zofran which does help a lot. But am I supposed to take zofran for the rest of my life? 

I had hoped the side effects would wane with such a slow titration. I may just be feeling particularly upset because the 1.7 transition is kicking my ass and I have a cold at the same time (have only done 1 shot at this dose). The side effects eventually went away with the 1 mg (except the heartburn, which is fine), but came back suddenly before I upped the dose. 

I have been a yo yo dieter my whole life. I've been doing CBT therapy for years specifically for my food issues. I've seen nutritionists, dietitians, tried every legitimate and gimmick method in the books. This felt like my last hope and I don't know if I have it in me to feel like shit forever, plus being repulsed by food. 

If you're still with me, thank you. Would love any thoughts or advice you may have.",2024-11-27,1,5,Wegovy
1h1ipw8,reddit,r/WegovyWeightLoss,"So afraid to 💩 again 😩🙀TMI NSFW Really gross . I’ll preface this by saying I’ve been on GLP-1 and/or GIP—1 (ozempic, mounjaro, and now wegovy) for at least going on 3 years now and have experience occasional constipation where is my would take me three to four days to poop but I’ve always gone and never had any serious issues. However today for the first time ever I found myself in a hard spot so to speak. Where I was actually
Saying prayers and bargaining with god 😆  on the toilet to get me out of this painful horrible mess I was stuck in. Dear gos I had to manually dis impact my own bowels (thanks wegovy) and it was an extremely humbling god awful experience. Of course there was immediate relief once it was all over but my god I never want to go through that again. 

I know I don’t drink enough water. Or eat enough Fiber. Or prob eat enough period. Ugh. So today I started by drinking two liters of lemon water and also had a Capful of Miralax. 

Still, I’m utterly completely and 100000% traumatized and afraid to poop again and worried about when I should go again or expect to go again. I never want to go through that again. I know there is a regime floating around here somewhere and I will search for it. But in the meantime….. 😫😩☹️😖😫😣😭help.",2024-11-27,15,73,Both
1h1i6us,reddit,r/WegovyWeightLoss,"Thanksgiving . How is everyone going about Thanksgiving feasts? I have been on wegovy for about a month now, I’ve been eating super clean and on top of everything but I’m nervous to overeat as Thanksgiving is my fav meal",2024-11-27,3,5,Wegovy
1h1hwxk,reddit,r/WegovyWeightLoss,"Losing some liquid when removing syringe from self-healing vial. How do I prevent this from happening? Here are the steps I do to draw:

1) Draw air into the syringe

2) Put syringe in vial

3) Release air into the vial

4) Flip vial upside down

5) Draw liquid from vial

6) Flip vial right side up

7) Pull needle out 

When I pull the needle out some liquid puddles up on the top of the vial. How do I prevent this from happening?

https://preview.redd.it/pnlv85391j3e1.jpg?width=1070&format=pjpg&auto=webp&s=1572f6632a2617187819bbb7058861c1ec160384",2024-11-27,1,2,GLP-1
1h1hr6w,reddit,r/WegovyWeightLoss,Supply Issues in my area. I’m on week 4. I had to wait to get my first prescription filled (months). I’ve been informed by the pharmacy that there’s a lack of supply again not sure when my refill will happen. They said I couldn’t switch my prescription and pick it up from another area where it’s in stock. Any suggestions?,2024-11-27,2,10,GLP-1
1h1gxhg,reddit,r/WegovyWeightLoss,Skipped dose. My last week of .25 the pen malfunctioned and I injected the next dose of .5 I'm wondering if this was a bad idea?,2024-11-27,1,6,GLP-1
1h1gvei,reddit,r/WegovyWeightLoss,"Slow and steady wins the race... . Not as much as I would have liked, but I have lost 34.8 lbs since July and had some rough days where even Wegogy couldn't control my 'stress' eating. But I am continuing to lose weight, binge eating is much better, and I am riding my bike about three days a week for about 12-15 miles each ride. I can see the difference in my face and can finally see a difference in my stomach.
I have 72.6 more pounds to lose to get to my goal weight.",2024-11-27,58,5,GLP-1
1h1fjit,reddit,r/WegovyWeightLoss,"Maintenance Dose Question. . I'll be seeing my PCP next week, and I'm looking for advice on what those of you that are on a maintenance plan do in terms of strength,  dose, frequency of injections.

Part of the reason I am asking is because I want to A) go into my appointment to discuss what I  to do now that I met my goal  B) have an intelligent proposal for a maintenance dose, and C) because I need to ask for my prior authorization to be renewed,  as it expires 12/31/24. 

I started mid-May 2024. SW 202. BMI of 31.6. With high blood pressure, sleep apnea and an A1C of 6.  CW 155. BMI 24.3.  5'7"" female. That's 47 lbs down. I titrated up in dose but never went beyond 1.7 mg, because I consistently lost weight with every strength. So I never felt i needed to go up to 2.4mg.    Today I had my labs drawn to prepare for my appointment.  My cholesterol looks great. My A1C is down from 6 to 5.3 (since May). Creatine looks good as well. 

Could I go down more in weight? Sure. But i really do not want to go below 150.  I'm really happy with myself.",2024-11-27,4,3,GLP-1
1h1fizb,reddit,r/WegovyWeightLoss,"Newbie has learned a new lesson.. Hello all! I started my journey yesterday! I decided to take my injection at night in case I felt icky but didn't have any symptoms at all! I had a decent breakfast of eggs and fruit, felt great, maybe a little sleepy. Lunch time rolls around... I made a peanut butter toast sandwich with strawberries... Y'all. It's been 2.5 hours since I ate and I still feel disgustingly full. I have learned my lesson already on day one. 🤣 I will keep this in mind going forward. Don't know how much dinner I'll end up getting in. 

Anyway, happy Wednesday!",2024-11-27,19,9,GLP-1
1h1f3h6,reddit,r/WegovyWeightLoss,"Same shirt 3-4 month difference . In my fourth (ish?) month of using wegovy and always have trouble actually seeing the results myself unless I compare photos. I’m down about 35 pounds and finally see not just with my shirt so much looser but also in my arms and legs. So close to being under 200 for the first time in probably high school? Early 20’s? It’s been a gooood while lol 

SW: 240 CW: 205",2024-11-27,546,29,Wegovy
1h1ezju,reddit,r/WegovyWeightLoss,NSV: dressing rooms aren’t scary anymore. My NSV is not only fitting into a M at Zara(!!!!) but no longer crying or feeling like shit in dressing rooms or when getting dressed period.,2024-11-27,36,6,GLP-1
1h1ewfm,reddit,r/WegovyWeightLoss,"14 day progress . I weigh in every two weeks. Today was weigh in day. My last weigh in was on the 13th. 
I am down another 2.2lbs. 
For reference SW: 312.5 
CW:239.8
Total lost: 72.2 pounds 
Starting date: 4-21-24

The progress has been steady. I did stall for about 3 weeks before upping my dose to 2.4mg, but I’m ok with that. 
I don’t regret any of my food choices in the last seven months, even the occasional sample of something I’m really craving. 
The medicine has its ups and downs and can definitely make you rethink what you’re doing, but me personally wouldn’t change any part of my journey so far. 
Now onward towards that first MAJOR GOAL for me, being in onederland! 
I just wanna wish you all a great Thanksgiving holiday (those who celebrate) and let you all know, you’re amazing and doing great! 
You got this, we got this! 
Let’s go!!!!!!!!!",2024-11-27,7,2,GLP-1
1h1ef4r,reddit,r/WegovyWeightLoss,"Does Blue cross complete fully or partly cover Wegovy???. after however many months it's been I finally got my wegovy filled, but it's saying I have to pay 1,397 dollars for it. I have blue cross complete as an insurance, shouldn't that cover it at least half way?",2024-11-27,0,9,Wegovy
1h1e9bz,reddit,r/WegovyWeightLoss,"I'd lost about 50 lbs, and everything was going great until...(burp). I was cruising allong with no problems since February. I'd been on 2.4mg for about 6 months. Suddenly, at very beginning of November, I fell asleep after dinner one night, and woke up , burping up what I can only describe as the most disgusting gas. I kept burping it up. I also felt quite bloated, and generally miserable. I can't say I felt especially nauseated, but after a while burping up this gas, which literally made me shudder, as if I'd taken a shot of tequilla, I think my entire digestive tract just shut down, and decided everything needed to go out of the nearest exit. I spent the next hour vomiting the entire contents of my stomach until it was empty, and I'd taken a glass of water and threw it up too. For everyting past the stomach, everything suddenly became liquid and was flushed out of my system in a series of ""evacuation events"".  After this episode, I collapsed into bed, fell asleep, and woke up the next morning feeling for the most part fine. I ate breakfast and was okay, and even had a bowl of venison chili, with a fried egg on top for lunch, and was fine. I skipped dinner thinking the problem was that I'd fallen asleep so soon after eating. The next day, I had a normal breakfast, and I forget what I had for lunch, but I had another episode from lunch. This went on for a week, after which I called my doctor, who sent me for an abdominal ultrasound.  Although they found gallstones, and gallbladder ""sludge"" (eww), the doctor said this was not what was causing the episodes. 

I didn't connect the dots right away, until after my husband hit on a key word, when he told me the burp smelled like rotten eggs. This was ""sulphur burps"". I'd heard about them before, but thought they were just an unpleant side effect, not the opening act to a vom-fest. 

I followed up with my Dr. who had referred me to a gastroenterologist at this point, and he suggested I skip the Wegovy for a week. I decided I was going to stop taking it until I got back from vacation, so that I didn't have a re-lapse of the issue while I was on a cruise.  The issue took about 2 weeks to go away, and I can once again eat normally. 

I plan on going back on Wegovy, once I'm back home and spacing out my doses a little bit more so that the levels of the drug in my system stay a little lower, and hopefully allow me to not have this side effect again. 

What helped immeasurably during 3 rather unpleasant weeks, was of all things ChatGPT.  I told ChatGPT, that I was having an issue with sulphur burps, and would consult with it before eating something.  I would tell it what I wanted to eat, and asked it whether it would cause sulphur burps. I still messed up a couple of times, not considering how much garlic was in Penne Ala Vodka, or how bad a condiment could set this off (Seriously, cocktail sauce made me burp up the brimstone of Hades)",2024-11-27,1,11,Wegovy
1h1e2hs,reddit,r/WegovyWeightLoss,2 shots of 0.5. I have set to increase to 1mg this week but pharmacy sent me a refill box of 0.5 last week and insurance wont fill my 1mg till a month after. Should i stick with the 0.5 or start doubling up risking 1 week without any shots before it's refilled?,2024-11-27,1,3,GLP-1
1h1e1se,reddit,r/WegovyWeightLoss,"PCP “doesn’t do that”. My insurance carrier sent a letter that they are changing the designation for Wegovy in 2025 and will not be covered. 

I called them and they said to ask my Dr to request an exemption (I also need a preapproval extension in Jan)

Called the Dr to relay this info and was told “we don’t do that”.  I asked for clarification and was told unless I had diabetes they won’t advocate for me. 

Any suggestions?  I think I’ve seen that other people get their prescription from a dr other than their pcp but not sure how that works!

Thanks in advance",2024-11-27,1,9,Wegovy
1h1duax,reddit,r/WegovyWeightLoss,"When the doctor is fixed on the max dosage.. . I saw my doctor today. I am on 0.25mg and going up to 0.5 in a few weeks. I get bad constipation (don't need suggestions, to be honest I'm already on everything and the heavy prescriptions to keep me from being impacted). And i read here that if you are losing at a low dose, you don't necessarily need to go up. Anyway.. 

My doctor told me, if i don't tolerate 0.5 (cos of constipation) or that is the highest i can go, then i may as well stop it because i must get to the highest dose. That this is when it works. I said in 5 weeks I've lost 5 kg (roughly 12 pounds i think?). He said, maybe it's down to other things. Me: no, i was eating healthy before and couldn't lose but now i am. 

I tried to explain that whilst i am happy to keep titerating up, I also accept that maybe i get to a dose that is where my window of tolerance it in terms of side effects and if I'm losing, I'll be happy. But he just didn't get it. I tried explaining that everyone responds differently, and for example i take a very low dose of an antidepressant that is below the therapetic dose but helps enough (i can't take more as it causes severe bruxism). 

I am sure many of you can empathise with frustrating appointments! I completely respect his view and I am not against going up. I just also think if i can lose weight and be on a lower dose, this isn't the worst thing. It was mostly due to wanting to keep the constipation managable.",2024-11-27,1,9,GLP-1
1h1dr35,reddit,r/WegovyWeightLoss,"Plan for stopping wegovy? . I am curious if anyone has thoughts on my possible plan to end my wegovy journey. 

I have 3 weeks left and then can’t continue taking because my insurance no longer covers it. I’m fine with stopping the medication and plan to start metformin for a few months when the wegovy runs out ( I’m fine switching to metformin because I am TTC anyways). 
I already have the metformin prescription and know some people take both wegovy and metformin together so I’m curious if I should start tapering up to my regular dose of metformin over the next 3 weeks. That way when I get off wegovy I’m already at the full metformin dose versus getting off wegovy and being on a really low dose of metformin. I’m looking to limit inflammation and insulin changes when I get off wegovy! 

Curious if anyone has done this or has thought?  

For context: I was on metformin 2,000mg  before wegovy, stopped while taking wegovy. I have been on wegovy for 4 months and only got up to 1mg dose. 
SW: 178 CW: 163 
Female, 32, 5’2”",2024-11-27,2,4,Wegovy
1h1dham,reddit,r/WegovyWeightLoss,"Haven't lost much but I don't overeat anymore . Hello everyone
I've been on wegovy for 6 months already and have only lost 9Lbs.... SW:205 CW:196 GW:170 5'6'' female 35. 
I followed the recommended ramp up dosage schedule and next week I start on 2.4mg

Overall I like this medication because food no longer controls me. I no longer overeat at the levels I used to and food noise has reduced. 

That empty stomach feeling is nice. But just sucks I haven't lost the weight. I have significantly cut back on my food but not enough to make a dent. 

I recently joined a gym and started eating more protein instead of just eating less. 

Any words of encouragement would be appreciated. And any advice. 

In the last 2 weeks I lost 4lbs by eating more whole foods that included oatmeal potatoes and rice with lots of protein. Which is odd. Before I was skipping breakfast and wasn't losing much weight. And now having 5 high protein meals/snacks is working. 

Please tell me the 2.4 starts moving things along with weight loss.",2024-11-27,19,21,Wegovy
1h1dc0y,reddit,r/WegovyWeightLoss,Goal . Hit my 1st goal to be under 300lbs . Week 7 🎉,2024-11-27,6,4,GLP-1
1h1cx6v,reddit,r/WegovyWeightLoss,"Stomach issues? Warning TMI* bowel movements. . Has anyone else had extreme liquid diarrhea from this shot? Or have you had any stomach issues like IBS, gallbladder issues, pancreas, liver, any issues internally? 

So I took my shot last week and the next day I woke up nauseous and throwing up all day. Couldn’t eat at all. Everytime I drank water I threw it up.
So I finally fell asleep and I woke up in the night with liquid diarrhea. So I’ve had liquid diarrhea for 6 days (sorry for the TMI) but I’m trying to see if this happened to anyone else. I’ve been on this dose for 8 weeks so it’s definitely random and I’ve been on wegovy for 20 weeks. This is the first time this has happened. I’m skipping my shot until I get better.

Has anyone else had any issues like this and how was it resolved ?",2024-11-27,1,4,Wegovy
1h1byof,reddit,r/WegovyWeightLoss,"BRAT diet+ Protein. Rn I’m eating literally under 500 calories a day I just can’t stomach anything. Everything makes me gag. Yeah, 
Is there any food items you’d suggest for protein or even fiber? I’m looking for somewhat bland foods.
I’m especially wary of dairy rn but I’m willing to try protein shakes.",2024-11-27,1,5,GLP-1
1h1blxa,reddit,r/WegovyWeightLoss,"Anyone else feel strange?. Hello everyone, hope your weight loss is treating you well! I’m currently on week 5 of Wegovy, my doctor started me at .25 for 4 weeks and this week she bumped me up to .50. The first 2 weeks of the shot I felt okay nothing super crazy, the third dose of .25 I took is when the hungry really started to go away I also noticed that I’ve been feeling super sleep deprived and I could sleep all day if I wanted. I also get the occasional migraine here and there but once I started .50 this week I’ve been feeling as though everything has gotten significantly worse, I feel like I have a cold, my stomach hurts, last night I felt like I wanted to throw up before bed and have been getting acid reflux pretty bad since I started the .50. 

I guess my question is has anyone else ever felt like this? And is there anything I can do to feel normal again? Anything helps! Thank you.",2024-11-27,1,1,Wegovy
1h1aq5u,reddit,r/WegovyWeightLoss,"Vyvanse and wegovy?. I took my vyvanse this morning for the first time since being on wegovy and feel so sick. Been sweating all morning, nausea, and just overall feel like trash. anyone else? i looked online and it says no interactions.",2024-11-27,1,1,Wegovy
1h1ak8z,reddit,r/WegovyWeightLoss,"Need to vent about other people’s perception of weight loss drugs. On vacation, sitting at the resort pool, and the people behind had long a discussion about how “people doing that weight loss shot should just do some exercise because “the shots attack muscle mass”.  Later, same people talking about who in the group has extra Vicodins and Percocet and where they can buy them. Yeah, addicted to pain killers, no problem. Trying to lose weight?  We’re ruining our health.",2024-11-27,152,38,GLP-1
1h1acxk,reddit,r/WegovyWeightLoss,"“I’m taking you off this”. My pcp knows I’m taking this because i told him, but I get it through a telehealth provider. I had a follow up appointment from my annual physical to go over bloodwork and it was with an NP.

I guess he thought I was getting it from that office. He told me to use up what I had and discontinue and warned there was some rebound weight gain I could expect.

The reasoning was:
1. The office only gives it with a bmi over 30, which isn’t me
2. “They” are going to stop paying for it I guess in the new year.

I just smiled and nodded.",2024-11-27,109,85,GLP-1
1h1ac1u,reddit,r/WegovyWeightLoss,"Updated - Before & After. Hey Everyone!

Here is my most recent ""after"" pic, next to my before.

I posted a similar shot over the summer, but since then I have been weight training with a personal trainer and definitely have started to see the difference, even if just slight!

Don't give up, keep pushing!",2024-11-27,167,17,GLP-1
1h1a7jm,reddit,r/WegovyWeightLoss,"About to start- any tips? . About to start Wegovy this week, any top tips for avoiding sickness/ getting the most out of the experience? I don't wanna lose loads of weight, only about 40lb, and happy if I reach my goal by summer 2025 (I don't want to have loose skin and things). 

SW 170
GW 130-135

I'm vegetarian with a reasonably healthy diet already, try to walk 10k steps bit find it hard with a WFH desk job but I am making an effort. 

Used to go to the gym for strength training but an injury has that off the table for a while.",2024-11-27,1,0,Wegovy
1h19ysv,reddit,r/WegovyWeightLoss,"Wegovy+ Metformin . I don’t have diabetes I’m not even pre-diabetic. I have insulin resistant PCOS so my insulin is very high. 
Is there anything I have to be mindful of while taking both of these medications?",2024-11-27,1,7,Wegovy
1h19vfx,reddit,r/WegovyWeightLoss,For those who experienced hair loss. When did it develop on the medication (right away or later on) and have any of you had success with regrowth off the medication?,2024-11-27,1,4,GLP-1
1h19mqt,reddit,r/WegovyWeightLoss,"Full but Hungry!. I keep getting this feeling of there is too much in my stomach but it'll still growl and I'll still feel hungry. And I know hunger vs cravings because I had to relearn hunger due to some medical stuff. I think it means I'm not getting full nutrition with some of my meals, but does anyone else have experience with this or have other solutions? This is the only real side effect that isn't easily solvable for me so far.",2024-11-27,1,0,GLP-1
1h19dgi,reddit,r/WegovyWeightLoss,"Canadians: Is there a risk of losing GP access if you go to Felix for a second opinion?. Hey Canadians! It looks like by the book I should be able to qualify for Wegovy (or Saxenda etc.) and my insurance covers it :) I'm going to talk to my GP about all the things I have tried, that a doctor friend has told me a lot about the side effects and benefits and specifically suggested I ask about it, and why I would like her to consider these medications for me.  
  
But I also want to know ahead of time what my options are if she doesn't go for it. Obviously if I'm seriously medically contraindicated I won't touch the stuff, but if after discussing the decade of various failed diets with my GP I get handed a food pyramid pamphlet and a pat on the back I'm definitely looking for a second opinion.  
  
I know Felix and similar sites are an option, but I have also heard it is risky going to doctors other than your GP because they may delist you for doing it (I didn't grow up here so I'm still learning a bit about the medical system rules here). For example, I was surprised to hear you can be delisted for going to a walk-in clinic if you don't call your GP ahead of time. Are online services like Felix a risk for the same thing? Do the same rules apply for getting second opinions?

Thanks in advance:)",2024-11-27,1,3,Wegovy
1h197yi,reddit,r/WegovyWeightLoss,"Celexa and Wegovy. Hi all, I’m considering starting to use Wegovy but I wonder if there are any interactions with Celexa 30 mg? Anyone here on both drugs?",2024-11-27,1,4,Wegovy
1h18pef,reddit,r/WegovyWeightLoss,"Starting Wegovy. Finally got approved for Wegovy after 3 months of back and forth through my benefit provider. Will be starting right away!

I’m currently 215lbs, 40 yo male. Work out daily on weekdays (cardio) start my day with a smoothie with protein powder, psyllium, chia seeds and will be adding collagen. 

Any tips or advice??

I’ve been following this subreddit for so long, I am so excited to finally be starting.",2024-11-27,2,2,Wegovy
1h18ka0,reddit,r/WegovyWeightLoss,"DC37 OptumRX Insurance coverage. Good morning all,

  
I am reaching out because I have OptumRX insurance with DC37. I have been trying to get them to approve me but have been unsuccessful. Does anyone on here have Optumrx, and was it approved? If so, can you inform me on how you went about it.",2024-11-27,1,1,GLP-1
1h18fep,reddit,r/WegovyWeightLoss,"The journey so far. Closing on a hundred days , down 21 pounds  and still progressing nicely. I'm very happy with the speed and trend. My body is starting to feel like ... Me again and it is delightful that the clothes I can't wear in closet are the 2XL items.",2024-11-27,24,3,GLP-1
1h18672,reddit,r/WegovyWeightLoss,Anxious after first dose. Hi! I’m just hoping on here real quick because I just had my first dose and I got anxious immediately after. I don’t know if wegovy has any correlation with anxiety or maybe I’ve been freaking myself out too much. I have been so nervous to take this medication and right before doing it I was being hesitant. Maybe everything just caught up with me all at once ? Have any of you had anxiety after taking the medication ? Any tips are appreciated. I used to have terrible anxiety attacks the beginning of the year and I just don’t want to go back to that.,2024-11-27,2,5,Wegovy
1h17f7w,reddit,r/WegovyWeightLoss,"Stretching doses/keeping the weight off. Insurance isn’t covering Wegovy after Dec 31 😢 this tool has been amazing for weight loss so I’m pretty bummed. 
How many days can you successfully stretch doses so I can make what will have last? 
Also for those that have went off. Any tips for keeping the weight off? I’m so scared to gain. (Lost 50lbs)",2024-11-27,2,2,Wegovy
1h173n3,reddit,r/WegovyWeightLoss,"Weight Gain. Hello everyone,

I am seriously concerned now. I haven’t been on it long enough its my second pen . I have taken 3 shots of .50 and 4 shots of .25 so far.

But my weight has creeped up by 10kg in these two months of wegovy usage. I dont feel full and i feel hungry every 30 mins after i have already had food. 

Are these normal symptoms at the beginning stages?
Should i be concerned?

Anyone else who had the similar experience?

Any tips on what i can do to mitigate this experience?",2024-11-27,1,7,Wegovy
1h16ln4,reddit,r/WegovyWeightLoss,Wegovy 1.0 availability . Hello!  I live on Long Island NY.  Has anyone been able to fill a prescription for wegovy 1.0?  I’ve been calling pharmacies all morning inch with no luck.    Thanks!,2024-11-27,1,1,Wegovy
1h15y9i,reddit,r/WegovyWeightLoss,Wegovy.. staying on .25... My insurance requires another pre auth to approve me staying on the starter dose after 2 months. Has anyone been approved for this? I don’t want to move up yet but they only cover 2 months of 1 dose…,2024-11-27,1,7,Wegovy
1h15vfx,reddit,r/WegovyWeightLoss,1 mg . Hi guys I was wondering where you guys are getting your prescriptions at apparently there's a shortage on 1 mg right now! I've moved up from .5 to 1 because of the shortage and now 1 mg is out 🤦‍♀️,2024-11-27,1,0,GLP-1
1h15hur,reddit,r/WegovyWeightLoss,"7 months in . I (35F, 5’5”, SW: 202, CW: 172, GW: ??) have been on Wegovy for around 7 months now and on 1.7 mg for a few months. 

I have been losing consistently but very slowly. Most days I don’t really notice a difference in my body. But this is a reminder to take photos and measurements because even if you can’t see it in the mirror, changes are happening! 

Beginning photo: May 2024 
Current photo: November 2024",2024-11-27,76,8,Wegovy
1h15byl,reddit,r/WegovyWeightLoss,"6 Months Later. Like most of you, I’ve struggled with weight loss my entire life. This medicine, regular exercise, and food logging have helped tremendously. Even if I can’t keep taking it in 2025, I feel as though my habits have changed drastically in a short time. The true test will be the holiday season where folks tend to throw caution out of the window.",2024-11-27,212,5,GLP-1
1h14pmy,reddit,r/WegovyWeightLoss,"Gastro, when to take next shot?. I’ve taken Wegovy for 5-weeks now. I take it every Tuesday and have had limited side effects.

We have a little one at home, who brought gastro into our home. My symptoms started early Tuesday morning (it’s now Wednesday morning) and I’m doing better but still nauseous. 

I didn’t take my shot yesterday for obvious reasons. I guess my question is when would you take it next? Should I wait a week, take it as soon as I’m feeling better? I’m on the dosage of 0.5 right now.",2024-11-27,2,2,Wegovy
1h13zwn,reddit,r/WegovyWeightLoss,"Empire Life Insurance and Wegovy/Ozempic . My doctor said I am likely good for Wegovy because I have tried EVERYTHING in my power to lose some weight - weight watchers, keto, therapy, Wellbutrin, life style changes etc. I have PCOS and it’s made it really hard.

I’m with Empire and scared I’ll be denied for coverage. I am a BMI of 38 and I have a comorbidity of hypertension (sometimes). 

Anyone work with Express Scripts and Empire and have success??",2024-11-27,0,0,Both
1h13ai4,reddit,r/WegovyWeightLoss,Middle of 3.week and had the first problem with binge eating. Feel like shit.. Sorry just had to „talk“ to someone,2024-11-27,3,5,GLP-1
1h12xmq,reddit,r/WegovyWeightLoss,Side effects. Has anyone ever experienced your stomach sensitive when touching it after taking with Govee?,2024-11-27,1,1,GLP-1
1h125ps,reddit,r/WegovyWeightLoss,Maintenance. When you began your maintenance dose 2.4 at any point did you taper down or did you stay at the highest dose? If you tapered down. why?,2024-11-27,2,3,GLP-1
1h11wma,reddit,r/WegovyWeightLoss,1 week in. I took my first .25 dose last Wednesday evening. Things went well this week. The food noise quieted. Minimal nausea and managed to drop some bloat and inflammation. By Monday evening the noise was creeping in. Yesterday afternoon and evening it was full blown there. I indulged a bit. I didn’t binge like I normally do but definitely had more than I should have. I withheld myself from going crazy and just went to bed. How do you combat the couple of days before your next shot? Will this subside as I get on a higher dose? I’m worried that a day of binging will undo my whole week if I continue like this every week. I get it’s okay to indulge at times but every week will kill progress.,2024-11-27,4,3,GLP-1
1h11moh,reddit,r/WegovyWeightLoss,"Flying and starting new dose will be gone 7- 12 days. Help!. Started 1st dose .25 Nov 6th. I took my last .25 dose today. I fly to my sister's in Nashville in exactly one week. I plan to take my 1st .5 dose the day before I leave at 5:30 in the morning. I'm supposed to return in 1 week but it could be a few days longer. I'm buying a car and driving back. It's all finalized. But you never know unforseen circumstances.  Best case scenario is 6 hours to her front door. I want to take my 2nd. dose with me but wonder if I should just wait till I get back. Only lost 6.5lbs in 3 weeks, but don't want to mess up my schedule. I'm committed to doing my best to make it work. 
Anyone fly with a shot? Or will the delay in waiting extra days mess me up? If circumstances warrant it? 
Prepping for my Thanksgiving  dinner, planning my trip and my brain is broken. Which seems to be a side effect for me a couple days after each shot! Anybody? ARGH!!",2024-11-27,2,5,GLP-1
1h11lab,reddit,r/WegovyWeightLoss,"Can you avoid the side effects?. I'm just about to start wegovy and a bit scared to be honest.

I've heard the main side effects are things like nausea and constipation. Is there anything you do to assist and/or avoid this?
Is there a way to keep the gastrointestinal insides in good health still?

I still eat relatively well. I have tracked my foods previously so know what to eat. I intuitively eat rougly the same foods I would while calorie counting so i I'm hoping that's not a problem.",2024-11-27,1,20,Wegovy
1h108bz,reddit,r/WegovyWeightLoss,"Night sweats. Before I went wegovy I was having bad, near on daily night sweats. I had various tests, including early menopause but everything came back normal. I have PCOS and was putting on weight rapidly at this time. The gynaecologist I saw suggested I take the supplement inositol for PCOS symptoms, which I did, however the night sweats got worse, so I stopped. This triggered me to think the night sweats could be connected to my blood sugar, so I bought I continuous blood sugar monitor and it looked like my blood sugar was crashing in the night, which would explain the night sweats. I decided to take wegovy to see if it would help, and it did. Not only did I lose the additional 50lbs I had gained, the night sweats also stopped.

After a year and a half I weaned myself off the wegovy, I’m 4 weeks off so it will nearly all have left my system, and guess what.. the night sweats are back! 😩

Has anyone else experienced this? I’ve had various tests for diabetes over the years and my HbAC1 has always been ok, but maybe I need to do a fasting blood sugar test? Any advice appreciated, thanks!",2024-11-27,1,0,Wegovy
1h0zn1s,reddit,r/WegovyWeightLoss,"I don’t feel/see a difference . Hi! I’m going to start my .5 pens this upcoming week after being on the .25 for a month. Since the injections , I have had no side effects and the to be expected less food noise. Recently, I’ve noticed that the food noise comes back and I am back to eating to whatever sounds good to me, ignoring my deficit or just feeling hungry. Did the .5 do anything for you? I do try to still get steps in, I struggle a bit with drinking water and still try to opt for healthier options or portions. I just dont genuinely feel like I lost any weight on the .25 and am just wanting some reassurance that i’m not the only person who’s had this happen to before 😓😓",2024-11-27,0,2,GLP-1
1h0zian,reddit,r/WegovyWeightLoss,"im not losing weight. . ive been on this medication since july and ive barely lost 20lbs. i don't eat at all at this point, maybe 1000-1300 cals a day or less if the nausea is bad, and sure that might have something to do with it. but it just feels hopeless. i cant enjoy food anymore because everything is bland and makes me nauseous and it isnt even feeling worth it anymore. i definitely could exercise more, but it just feels like i should be down much more by now regardless. does anyone have any motivation or advice?",2024-11-27,5,21,GLP-1
1h0ys59,reddit,r/WegovyWeightLoss,"Dosage given at delay. I usually take my dosage on Saturdays.

I was out of town Saturday November 23rd and missed my 2nd shot of 0.5 ….. and I took it Tuesday November 26th instead.

My 3rd shot of 0.5 I was going to take it on my regular scheduled Saturday, November 30th.

My question is ….

Has anyone done 2 shots/dosages so close together? 
That’ll be 4 days apart 
Will I be terribly sick?

—————————

Beginning Weight 
Oct 3rd - 211 lb (Lifestyle Clinic Scale)
Oct 5th - 215 lb (Renpho Scale) 

Start WEGOVY
Oct 12 - 0.25 ✔️ 215 lb (Renpho)
Oct 19 - 0.25 ✔️ 210 lb (Renpho)
Oct 22 -                 211 lb (Lifestyle)
Oct 26 - 0.25 ✔️ 211 lb (Renpho)
Nov 2   - 0.25 ✔️ 209 lb (Renpho)

Nov 9   - 0.5 ✔️ 206 lb (Renpho)
Nov 16  - 0.5 ✔️ YES SHOT NO WEIGH IN
Nov 23 - 0.5 ❌ NO SHOT NO WEIGH IN
Nov 26 - 0.5  ✔️ 205 lb (Renpho)
Nov 30 - 0.5

Dec   7 - 1.0 
Dec 14 - 1.0 
Dec 21 - 1.0 
Dec 28 - 1.0",2024-11-27,1,0,Wegovy
1h0yasz,reddit,r/WegovyWeightLoss,"Side effects. The nausea and headache is KILLER. Is acid reflux a common side effect?

The nausea is so intense the thought of every food makes me want to gag. Idk if this is the food aversion I’ve heard about or just the nausea.

Is the side effects the strongest the first day or two after the injection? For the first few weeks? Or just 24/7 indefinitely?",2024-11-27,1,2,GLP-1
1h0xw1n,reddit,r/WegovyWeightLoss,"Before posting pics…. I posted a “before/after” set of pics of my weight loss a few months ago. 
Today, I received a message on here.. they were polite, but they asked if they could use my photos, I told them no and then blocked them.
I guess at least they asked 1st? 
I’m also aware posting photos online people will possibly end up doing whatever with them.
I have since deleted my post with my pictures and bummed and weirded out to think my pics may be used in some sort of way that I don’t agree with (I wouldn’t agree with any use of my photos except for myself) 
But just a reminder to think about it because people do take peoples pics and pretend to be them or pretend to have “clients” who have success etc or who knows what else.",2024-11-27,50,6,GLP-1
1h0x7tk,reddit,r/WegovyWeightLoss,"The urge to go back to the gym again. I'm 2 months on WeGovy, SW: 221 lbs, CW:  206.9 lbs, 0.5mg.

I'm at the stage in this treatment where because I am sedentary, I don't require as much food anymore for energy. Which has  accidentally resulted in me simply not eating at all some days.

To avoid this accidental starvation, I'm suddenly feeling weirdly motivated to start working out? Like, perhaps if I start working out, I'll work up an appetite and actually be hungry enough to eat a full meal again. So much so that I signed up for a personal training session on Friday!

I'm actually skipping Thanksgiving this year for a few reasons, one being that my family is so scattered and another that I genuinely cannot eat more than a few bites at a time. But I'm actually looking forward to starting this next phase of my weight loss journey.

Has this happened to anyone else? I'm curious if anyone else similarly felt motivated to work out in order to regain some semblance of an appetite.",2024-11-27,2,1,Wegovy
1h0w82s,reddit,r/WegovyWeightLoss,Ive been off my wegovy for two months due to backorder. I gained back all of the weight I had lost.. I lost 40 pounds over 6 months and gained it all back in two.,2024-11-27,7,12,Wegovy
1h0vqah,reddit,r/WegovyWeightLoss,"Depression and anxiety . Since starting wegovy I am struggling. I have little interest in things, I am crying a lot, I am just down lately and feeling extra sensitive. I don’t want to quit the medication, but I also don’t want to feel like this. I am trying to follow up with my dr. Any advice? Thank you ❤️",2024-11-27,5,11,Wegovy
1h0uzpr,reddit,r/WegovyWeightLoss,"Finally got approved . 5’1 (and 3/4th lol), 147-151 pounds (lost about 7 naturally but weight always yo yos between 139 to 160) 

Starting .25. I also got back on my adderall after a few weeks without (bc shortage) it suppressed my appetite like crazy and that’s how I lost the 7 pounds. Almost immediately I got compliments that I looked more slim and pretty (by strangers) so I think these are coordinated. Now the appetite loss from adderall is weaning off and I craved salt and sugar excessively today perhaps to make up for the accidental restrictiveness. 

I’m nervous but my goal is 115 pounds that way I can comfortably gain back up to 10 and would still be fine with my weight!",2024-11-27,4,2,GLP-1
1h0uwnv,reddit,r/WegovyWeightLoss,Kaiser Signature HMO . A family member has the Signature HMO plan through kaiser mid atlantic.  Has anyone had success getting a glp1 med approved through this plan?,2024-11-27,1,1,GLP-1
1h0usb0,reddit,r/WegovyWeightLoss,hello fellow humans . i was diagnosed with fatty liver disease a couple of months ago and my doctor suggested weight loss injections as well as dieting and exercise. i was 96.7kgs and i’m down to 94.2kgs in the past 2 months but my weight hasn’t moved in a few weeks. i’ve been thinking about the injections but they just cost so much money (australia) and i was wondering if anyone thinks it’s definitely worth it?,2024-11-27,2,17,GLP-1
1h0umxg,reddit,r/WegovyWeightLoss,How long for insurance . My dr. Said that the insurance might not give coverage but I was wonder how long it toke for y'all to get covered,2024-11-27,0,1,GLP-1
1h0txs0,reddit,r/WegovyWeightLoss,"Tell me it gets better?. I’ve been on wegovy for 5 weeks. Just took my second dose of the .5 today. Problem is I’ve only lost 5 lbs. I see all these stories of people that have lost 15-20 lbs in the first month. 

Does it get better? Does it pick up at a higher dosage?",2024-11-27,0,5,Wegovy
1h0sztp,reddit,r/WegovyWeightLoss,Progress photos. Started compounded Semaglutide 7 weeks ago. Had to show that I was losing weight before insurance would cover Wegovy. Currently down 17lbs on 0.5 mg and just picked up my first dose of name brand Wegovy.,2024-11-27,37,1,Wegovy
1h0sq1e,reddit,r/WegovyWeightLoss,"Week 2. Took my second dose of .25 of Wegovy on Monday morning and just like last week, Tuesday has been brutal. Stomach gurgling all morning but then nausea started in the afternoon and gradually got more severe until I vomitted at 6:30. Still feeling nauseous and the sulfur burps aren’t helping.  The diarrhea has also returned which lasted nearly all week unless I took Imodium. 

Anybody else experience side effects like this?  I’m willing to put up with it until I adjust but wondering how long to expect this. My wife did not have the same level of side effects until she got to the 1.0 (Ozempic)",2024-11-27,0,0,Both
1h0snn8,reddit,r/WegovyWeightLoss,"Wegovy and antidepressants . Hi all,

Was wondering if I could use wegovy when I’m on sertraline (50mg)?

Has anyone used both?",2024-11-27,2,2,Wegovy
1h0scdo,reddit,r/WegovyWeightLoss,"side effects. i’ve been taking wegovy for two weeks and i feel so so tired all the time, like i’ve genuinely never felt so exhausted over nothing— is this okay or?",2024-11-27,1,0,Wegovy
1h0sc4w,reddit,r/WegovyWeightLoss,Quick question: Bonine for general Wegovy nausea?. It’s technically for motion sickness but it’s all I have access to right now. Right now. Quick! 🥴,2024-11-27,2,0,Wegovy
1h0sa0i,reddit,r/WegovyWeightLoss,"Increased dose. I was worried that I would have side effects when I increased to .5 this week. 

Nothing. At. All. 

I had side effects on the .25, drowsy, headaches and tired.  I was worried the headaches would get worse on the .5 but so far it’s been so nice. No headaches!! I can tell I still need to increase dosage bc the food noise is softer but still there. .5 isn’t enough… wonder what 1.7 is like

I did forget that I had a snack in my purse today, that was pleasantly nice. 

My Dr sent in a script for the 1.0 and the pharmacy told me they’re out… I have 3 more pens to use before I panic.  What have you done when the pharmacy couldn’t fill it?",2024-11-27,1,1,GLP-1
1h0s5i1,reddit,r/WegovyWeightLoss,"Took my first ever injection today and noticed the following things already, is this normal?. I ate one of my typical junk meals for dinner. It:

-lost all its taste after a while  
-the tastes that I usually use to make things amazing were less tasteful than usual  
-I didn’t even feel like finishing it  
-I felt unusually full afterwards

Anecdotally, my anxiety has diminished somewhat. I went to the grocery store after work and felt unusually calmer than usual. As if I finally had some confidence by being in a situation where I am confident I’ll see results with effort


What do you guys think? Is this just placebo effect?

Also my stomach doesn’t hurt didn’t throw up, nothing.",2024-11-27,21,26,GLP-1
1h0s03l,reddit,r/WegovyWeightLoss,"How do I stop gagging? Can no longer use my retainer because the gagging is insane!!. Has anyone found a solution to get the gagging to stop? 

I think about putting in my retainer and I start gagging. Tried to wear it 3 different times last night and gagged every single time. 
I even gag when I take my daily omega 3. 

I paid a lot of money for my braces and I really need to wear this stupid retainer. There’s got to be a solution, right??",2024-11-27,1,0,GLP-1
1h0rzh3,reddit,r/WegovyWeightLoss,Nausea . So I have been on wegovy since last May. I was on on 2.4 for 3 months and all of sudden I got nauseous and stomach pains. I decided to go down  a dose and again got nauseous. I’m scared something else is going on. I emailed my doctor to see if I should go lower or switch. I don’t want to stop because it’s put my lupus in remission. My blood work is perfect though. Everything is going well.,2024-11-27,1,2,Wegovy
1h0rz4z,reddit,r/WegovyWeightLoss,"PLEASE HELP. Maybe this question is a bit silly, but I want to do it right. My endocrine doctor sent me three 0.5 pen for the last months, but since I couldn't get an appointment for the next dose, I have been taking another pencil of the same dose. Last week I went to the doctor and he changed my dose. Now I have to take the 1 mg (finally!!), but I still have two doses of 0.5 left, so this week I was thinking of taking the two doses of 0.5 that I have left at the same time. The pencil being 0.5 doesn't let me put 1 mg on the same injection. My question is if I can take two doses of 0.5 at the same time. And do I have to do the injection in the same place or do i have to inject in different places? Every advice is welcome.  Thanks 🥺🙏🏻",2024-11-27,1,2,GLP-1
1h0ravt,reddit,r/WegovyWeightLoss,"Headaches . My forehead feels like it got hit very hard and my head is just aching. 

I’m of course assuming this is because I took my first injection yesterday. 

For those of you that over the counter medicine doesn’t help, what have been your remedies?",2024-11-27,2,5,GLP-1
1h0qw67,reddit,r/WegovyWeightLoss,"I’m due for my 1 mg shot tomorrow and nobody has any!. I want to cry. It is so frustrating that pharmacies are always out of it. It’s gonna be a setback for me. The pharmacist called around to a lot of different towns, but nobody had it. This really sucks because it’s not gonna change.",2024-11-27,6,38,GLP-1
1h0qgd0,reddit,r/WegovyWeightLoss,"Is anyone else dealing with more aches and pains as they lose weight?. My arms and legs are aching more now I've lost 30lbs than before I started the weight loss. 

It's constant.",2024-11-26,1,2,GLP-1
1h0qep6,reddit,r/WegovyWeightLoss,"Anyone who happens to be in Wisconsin on a Chorus Marketplace plan?. Hello.  I think I may find myself needing to purchase a marketplace plan next year.  I’m trying to work out a lot of details, but this was one of them.  I wanted to check to see if there was anyone on this plan. I see this medication is covered, but I’m curious what is required and I’m having a hard time getting details of course.",2024-11-26,1,3,GLP-1
1h0qect,reddit,r/WegovyWeightLoss,"Wegovy from .25 to 1mg . I talked to my dr this morning and explain how I had zero Side effects so she said ok perfect we will go ahead and put you on 1mg 😳 whatever happened to .25mg
     .5mg
      1mg
      1.7mg 
      2.4mg?
Will I be ok and has anyone done this I’m scared 😅",2024-11-26,1,10,Wegovy
1h0q4sc,reddit,r/WegovyWeightLoss,"Just picked up my prescription - tips? And questions. . Anyone have any info they think I should know? 
What do you eat? What makes you feel good? How will I feel after I take it? How often if at all do you work out? I’m paying out of pocket so I really want to optimize my results. 
Also, I love to bake. Do I have to completely give this up or can I bake and eat in moderation? I always share anything I bake with my family and work friends and I don’t generally overindulge in things I bake myself because of this. 
My doctor said to limit processed foods. Do I have to cut out easy snacks I enjoy like my 1/2 cup or so of goldfish crackers I bring to work? 
Looking for any and all anecdotes to support me in this journey! It will work this time!!!",2024-11-26,0,3,GLP-1
1h0pyvk,reddit,r/WegovyWeightLoss,"Got denied coverage again at 31 bmi . My insurance on its webpage last I checked said it covered if you were 27 with issue or 30+ bmi but mine denied me again. I feel frustrated and disheartened. Seems like there’s just no hope and I’ll be stuck without it. Im just confused why I got denied, they wouldn’t even give a reason.",2024-11-26,2,14,GLP-1
1h0pp0g,reddit,r/WegovyWeightLoss,What do you guys do with unused Wegovy 1.7mg?. Hi all. I just moved up to the 2.4mg dose and have 3 brand new boxes of the 1.7mg. What do you guys do with your unused Wegovy? Hate to waste it and pharmacy doesn't give refunds. Has anyone ever taken a lower dose after being on a higher dose? Does it slow weight loss?,2024-11-26,17,31,Wegovy
1h0pbay,reddit,r/WegovyWeightLoss,United Healthcare Experience? . I have an opportunity to switch from BCBS to United Healthcare and shift back to a low deductible plan. Anyone have a bad experience getting approved for Wegovy  on United Healthcare? Are they fairly easy to work with?,2024-11-26,0,1,Wegovy
1h0oun1,reddit,r/WegovyWeightLoss,"Check in... likely will be taken off.. Doctor bumped me up to 2.4mg today. I've lost 21 pounds since starting the end of June. In the midst of this is had a knee injury that seriously inhibited my activity. But I'm eating a quarter of what I use to and definitely better about my water intake.

He said if this month doesn't go well then it will pretty much be over and I should consider going to the weightloss clinic for surgery.  Told him I'd rather be this size than have surgery. I know that sounds bad, but I wasn't impressed with the clinic the last time I went, among other issues including how invasive it is and how long before we could go back to trying to have kids. I'm going to be 36, my time is already ticking for having a baby without adding 18 month post op.

SW: 379 
CW: 358
Height: 5'7""

I'm so discouraged. I asked about switching to Zepbound but he said if one doesn't work, another won't as they're essentially the same thing.",2024-11-26,8,12,GLP-1
1h0o7v4,reddit,r/WegovyWeightLoss,Starting wegovy tomorrow,2024-11-26,1,0,Wegovy
1h0nc0g,reddit,r/WegovyWeightLoss,Omg I haven't seen my weight in the 100s since college. I'm going to cry let's keep moving down 8lbs to go to make it to my goal weight.,2024-11-26,275,16,GLP-1
1h0n6cv,reddit,r/WegovyWeightLoss,"Should I just give up and not eat anything the day after my injection?. Hi everyone. I just started week 10 last night (SW: 227, CW: 216), which means I'm on my second dose of 1.0. The past three injections have been rough on side effects, namely nausea and vomiting a day or two after my injection. I finally got some Zofran from my doctor. The bottle says every 8 hours. I ended up needing it at 3AM, so I had to wait until 11AM to take it again. For breakfast all I could stomach was half an apple and half a protein drink, eaten over the course of an hour. Then at lunch (11:30), I ate a small bowl of baby spinach and half a protein bar, equally as slowly. I figured since I took Zofran, I'd be good. Well, 4PM today my stomach hurt and I ended up puking up my lunch. I barely ate anything today!!

The puking was 5 hours after I took the Zofran, but I figured it would still have *some* effect. Do I need to time my Zofran out so that it's at the height of it's effects a few hours *after* meals, or should I just give up and not eat anything the day after my injection? I honestly can't live like this. Does it get better? I can't be discretely cleaning the toilet in my office building once a week for the rest of my life.",2024-11-26,0,6,GLP-1
1h0n4ye,reddit,r/WegovyWeightLoss,"Just started on Friday. Weird thoughts about eating/taste. I think my appetite has decreased a bit and sweet things don't seem as appealing but I still think about food a lot. Life ""It's breakfast time but I'm not hungry"" and if I don't eat lunch now, won't I be hungry later?"" Also still wanting to eat for the taste/flavor of food, not hunger. Any thoughts?",2024-11-26,1,5,GLP-1
1h0n1yw,reddit,r/WegovyWeightLoss,"40 pounds down!!!. I was 216.9 and now I’m 174! 

Hoping to get down to 155 but man… that’s crazy!",2024-11-26,46,7,GLP-1
1h0mspg,reddit,r/WegovyWeightLoss,2.4mg and gained 2kg and appetite came back full force.. This is second dose of 2.4 and boom gained 2kg appetite is back full force im binge eating im so stressed i don't know what to do.,2024-11-26,1,3,GLP-1
1h0mizh,reddit,r/WegovyWeightLoss,"Momentum Squad. We’ve already got 7 awesome members in the group, and they are loving the program. Now, I’m opening up 2 more spots for people who are ready to level up their fitness and skip all the trial-and-error.  
  
I’ve been through all the ups and downs, learning, failing, and figuring things out - so you don’t have to. This group is designed to help you get real, lasting results without all the confusion.  
  
Right now, I’m offering lifetime access for free to the next 2 people who join as Founding Members. After these spots are taken, I’ll be charging for access, so don’t miss out on this chance to get in now at no cost.  
  
If you're ready to make progress, stay accountable, and join a group that’s already seeing success, then this is for you.  
  
Grab your spot here: [www.skool.com/momentum-squad-1190](http://www.skool.com/momentum-squad-1190)",2024-11-26,1,1,GLP-1
1h0mg1t,reddit,r/WegovyWeightLoss,"Momentum Squad . We’ve already got 7 awesome members in the group, and they are loving the program. Now, I’m opening up 2 more spots for people who are ready to level up their fitness and skip all the trial-and-error.  
  
I’ve been through all the ups and downs, learning, failing, and figuring things out - so you don’t have to. This group is designed to help you get real, lasting results without all the confusion.  
  
Right now, I’m offering lifetime access for free to the next 2 people who join as Founding Members. After these spots are taken, I’ll be charging for access, so don’t miss out on this chance to get in now at no cost.  
  
If you're ready to make progress, stay accountable, and join a group that’s already seeing success, then this is for you.  
  
Grab your spot here: [www.skool.com/momentum-squad-1190](http://www.skool.com/momentum-squad-1190)",2024-11-26,0,0,GLP-1
1h0m0lu,reddit,r/WegovyWeightLoss,Dosage Increase. My doctor is moving me from .5 up to 1 mg. Why am I so nervous about this?! Did you all see any dramatic changes when you made the increase?,2024-11-26,2,3,GLP-1
1h0lxwf,reddit,r/WegovyWeightLoss,Has anyone ever stayed at .5?. I’m at .5 and barely feel like I can look at food. I’m wondering if it’s realistic to stay at this dose or if I eventually will get used to it and need to go higher to keep the appetite suppression.,2024-11-26,9,34,GLP-1
1h0lus4,reddit,r/WegovyWeightLoss,0.5 pen malfunctioning?. Might be a stupid question but I had no problems at all with the 0.25 dose but now I'm taking the 0.5 dose and it's not working the same? like I feel the needle poke and it clicks but just doesn't move so I try wiggling the pen and I try squeezing and unsqueezing the injection area but it takes so much longer that the 0.25 to administer. At first I thought I got a faulty box but the replacement box is doing the same thing. maybe I'm injecting it wrong? it finally administered or at least mostly administered but there was a drop of the medicine with blood mixed on the injection site. I'm just worried cause this stuff is expensive even with insurance and I don't want to waste any.,2024-11-26,2,1,GLP-1
1h0le89,reddit,r/WegovyWeightLoss,"how fast should i see the weight loss? . I’ve been taking the lowest injection dose and I started 10 days ago, so I’m 2 injections in. I lost 4 pounds. I will say my schedule has been too hectic to workout the past 2 weeks, so no exercising. Is this about on par with how fast/slow it’s supposed to go?",2024-11-26,0,13,GLP-1
1h0l2a8,reddit,r/WegovyWeightLoss,Feeling hungry and more food noise?. I did my first .25 shot on Friday and I feel like I am more hungry than normal? Also like I just want food. I didn't have much of a problem with that before while I was at work and rn I just wanna eat everything. Cravings also like 10x worse. I just want everything I see. This isn't normal for me. Maybe It's a placebo affect?,2024-11-26,1,1,GLP-1
1h0kyrz,reddit,r/WegovyWeightLoss,"feeling discouraged . I started taking Wegovy in June at 244lbs. Now in November, I’m only down to 224. I’m so so grateful for the 20lbs I’ve lost, but others I’ve spoken to had much more significant results in the same time or less. 
I know Wegovy isnt a miracle drug but with how hard the side effects have been for me, I wish it did more. I still feel like I look the same, and I certainly still feel the same way about myself. 
Looking for advice, encouragement, or a rude awakening from others who have felt like this?",2024-11-26,6,10,Wegovy
1h0kyof,reddit,r/WegovyWeightLoss,"feeling discouraged . I started taking Wegovy in June at 244lbs. Now in November, I’m only down to 224. I’m so so grateful for the 20lbs I’ve lost, but others I’ve spoken to had much more significant results in the same time or less. 
I know Wegovy isnt a miracle drug but with how hard the side effects have been for me, I wish it did more. I still feel like I look the same, and I certainly still feel the same way about myself. 
Looking for advice, encouragement, or a rude awakening from others who have felt like this?",2024-11-26,1,5,Wegovy
1h0kxux,reddit,r/WegovyWeightLoss,"Wegovy Savings card stopped working. I have had a savings card for about 6 months or so.

When I tried to get my next dosage (2.4Mg), the savings card stopped working.  
I tried to get another, but the pharmacy person said it was the same ID so it would not work.  
Is there a limit to the number of times you can use the card?",2024-11-26,2,2,Wegovy
1h0k8y8,reddit,r/WegovyWeightLoss,"Had to switch to Zepbound . I did 2 months of .25mg of Wegovy and had continuous stomach problems. I also couldn’t find a pharmacy with Wegovy in stock. 
I have switched to Zepbound and I’ve been on it for 2 weeks.
It’s controlling my appetite so much better. I also have zero side effects.",2024-11-26,2,3,Wegovy
1h0k7y7,reddit,r/WegovyWeightLoss,"Frustrated. Hi everyone.  So I started semaglutide over a year ago.  I did the smallest dose and was brought up gradually to the highest.  I'm down about 40 lbs.  I was down about 15 more, but I feel like I have built up a tolerance to it.  I'm also on Phentermine too now.  My Dr changed my dose back to 1 from the 2.4 and phentermine to the 37 from the 15.  I'm gonna go back to 2.4 soon and back to the 15mg phentermine. But nevertheless, I can eat pasta, candy, fries, cake, bagels, and pizza no problem.  I feel like I can eat right through the medicine now.  I pay out of pocket.  So I feel like I am wasting my money now.  So I'm considering stopping.  Or taking a break and saving the money for a bit.  Anyone else go through this?  Any serious advice would be appreciated.",2024-11-26,1,4,Semaglutide
1h0k58q,reddit,r/WegovyWeightLoss,"what’s your go to food when you’re feeling icky?. I’ve been on wegovy for two weeks and am having my first real “bad” day of side effects. I have acid reflux and heartburn, and I’m feeling nauseous and gross. Thinking about eating any of my protein yogurt, protein shakes, or similar food just makes my stomach turn.

So, on the days you feel particularly icky, what do you force yourself to eat?",2024-11-26,18,80,Wegovy
1h0izf7,reddit,r/WegovyWeightLoss,"New insurance will kick me off. I have lost 30 pounds (over 10% of my weight) but k more than that, from the first dose Wegovy lowered my pain from constant swelling in my legs and arms. 

I can’t afford $600 a month. United Healthcare does not care about “continuance of care” and there is Jo other insurance I can go on. 

I really need to lose another 65 lbs, but even if I did I wouldn’t be able to live without the pain I’ve had since I was 12. 

I am terrified to go back to that pain. Has anyone else experienced this? I am devastated and unsure what to do.",2024-11-26,1,7,Wegovy
1h0ixe2,reddit,r/WegovyWeightLoss,"Full dosage . My doctor has prescribed this to me I'm excited but nervous to be on this. My doctor gave me the full dosage off rip. From what I know this isn't supposed to happen, does anyone or any doctor know what to do or what happens if this happens",2024-11-26,1,2,GLP-1
1h0ipyf,reddit,r/WegovyWeightLoss,"Wegovy criteria?  . Hi everyone, 

Did your DR. have a criteria for prescribing you the drug?  Did you go to your primary care for this?  My sister tried to get an injectable weight loss drug and her insurance said she didn't have diabetes so they denied the prescription.

Thanks!!",2024-11-26,1,10,Wegovy
1h0ij0m,reddit,r/WegovyWeightLoss,Wegovy AFTER colonoscopy. I stopped taking wegovy about ten days before my colonoscopy so by the time I took my next dose it was about two weeks and I am so sick with vomiting and diarrhea. I had a lower dose which I took before the colonoscopy so I could be more prepared for the cleanse but now I think I should have saved it for the restart of wegovy. I was handling it fine because I to tested very slowly to 2.4. But now I’m sick. Any idea how long it’ll take my body to readjust to 2.4? Should I ask my doctor for 1.7 for next dose (which is Sunday)? Thanks!!,2024-11-26,1,1,Wegovy
1h0hxkm,reddit,r/WegovyWeightLoss,"Puking on Zepbound?. Hi everyone!

I started my weight loss journey in early October. I, of course, started on 2.5 and have been on 5 mg of Zepbound for a month. While I have been losing weight very slowly (which I am super thrilled for), everything has been insane. I have found it incredibly difficult to stomach food the day after my shot, and even throughout the week. I have Zofran that I take in the morning to try and stop the puking, but unfortunately it isn't helping as much as I thought it would.

Today was the final straw. I cannot keep living like this. My doctor is sending in a PA to get me started on Wegovy.

This post is not to bash Zepbound as it has helped my mom tremendously, but I'm curious if anyone has went through something similar. I just feel a little stressed out that the Zepbound was causing all of this stress on my body.",2024-11-26,1,4,Wegovy
1h0holy,reddit,r/WegovyWeightLoss,"NSV. Clothing packed up to donate to the thrift store. 

SW 191 on May 29. CW 154. Shopping for new clothes has been a much more pleasant experience!",2024-11-26,49,6,GLP-1
1h0h0e0,reddit,r/WegovyWeightLoss,"Biden proposes Medicare and Medicaid cover weight-loss drugs for obese Americans. [https://apnews.com/article/ozempic-biden-rfk-jr-trump-antiobesity-drugs-caaa2f888435af1d32bedb83e9ddbc0a](https://apnews.com/article/ozempic-biden-rfk-jr-trump-antiobesity-drugs-caaa2f888435af1d32bedb83e9ddbc0a)

I'm starting to look for opportunities to voice opinions and contact representatives.",2024-11-26,331,22,Ozempic
1h0gp0c,reddit,r/WegovyWeightLoss,"It finally happened ""you're too skinny"" ""I'm concerned"". After being heavy my whole life, diagnosed with PCOS and hashimotoa and put on metformin and eventually wegovy, and losing 100 lbs, I now have a BMI of 23. I feel great, I think I look great, I'm still only a size 6-10 depending on the brand, but mother and sister are now ""concerned"", mother things I don't need the drugs anymore and can ""do it on my own"". Girl, if I could do it on my own, I would have a long time ago. I feel a bit of jealously from my sister in there somewhere I think, so that's fun, and I adore my sister, we talk about everythint but the ""you're so skinny , if you lost anymore you'd look sickly"" really hurts to be honest. Like, I've been heavy my whole life, they always used to be skinny, my mom Is nowadays in her old age , but I got my dad's genes. It just sucks they don't seem to want to be happy for me.",2024-11-26,225,48,Wegovy
1h0gjro,reddit,r/WegovyWeightLoss,"What 100 lbs lost looks like on me…. M41 SW: 372+ CW: 268
Started Wegovy March 2024, currently on 1.7

This is a follow up to my post about losing 100 lbs. I didn’t feel like taking pictures last week due to being under the weather, but here’s what it looks like on my body.

The scale hasn’t moved in about a week, but putting these side by side comparisons together every month has really helped me keep my perspective (that, and tracking my weight trends in the LoseIt app).

I’m hoping to get down under 260 by January 1, which would break (I think) the lowest weight I’ve ever been my entire adult life.

I’m also about to go make the macaroni and cheese and pumpkin cheesecake for Thanksgiving. Wish me luck.",2024-11-26,710,60,Wegovy
1h0gg65,reddit,r/WegovyWeightLoss,"What 100 lbs lost looks like on me…. M41 SW: 372+ CW: 268
Started Wegovy March 2024, currently on 1.7

This is a follow up to my post about losing 100 lbs. I didn’t feel like taking pictures last week due to being under the weather, but here’s what it looks like on my body.

The scale hasn’t moved in about a week, but putting these side by side comparisons together every month has really helped me keep my perspective (that, and tracking my weight trends in the LoseIt app).

I’m hoping to get down under 260 by January 1, which would break (I think) the lowest weight I’ve ever been my entire adult life.

I’m also about to go make the macaroni and cheese and pumpkin cheesecake for Thanksgiving. Wish me luck.",2024-11-26,1,0,Wegovy
1h0g9yo,reddit,r/WegovyWeightLoss,"18th Down!. I have lost 18lbs in my first month on Wegovy! I have plateaued at that weight loss amount though so my doctor has bumped me up to .5 which I will start tomorrow! I am so excited to continue to lose weight. I’m so thankful for this medication. I can’t wait to continue to get healthier. 
SW: 293lbs
CW: 275lbs
First GW: 200lbs
Hopeful GW: 180lbs

Let’s get it!",2024-11-26,3,2,Wegovy
1h0g5ev,reddit,r/WegovyWeightLoss,What the Heck?. Just saw this in midtown Manhattan. It’s a restaurant that’s not open yet. This is so offensive to me.,2024-11-26,2,3,GLP-1
1h0g2pq,reddit,r/WegovyWeightLoss,"I'm Losing Too Fast. I started Wegovy the beginning of September.  As of today I've lost 40 lbs.  At first I was losing about 1-2 lbs a week.  As long as I was trending down, I was fine.  Then, I went up to 1 MG.  It made me so sick I couldn't eat at all - so I lost a lot of weight then.  But, my doctor moved me back to .5.  But, I'm still having trouble eating - more than a few bites and I get sick.  So, Sunday I weighed 309.  Today I weigh 304.  That's too much to lose in just a couple of days.  How do I slow it down?  I mean I look foward to losing weight, but I know losing so fast isn't healthy.",2024-11-26,3,3,Wegovy
1h0g0a0,reddit,r/WegovyWeightLoss,Did my first injection 5 days ago and don’t want to eat anything . Hi! I just did my first injection five days ago and I am having trouble eating anything. I've been forcing myself to eat some fruit and veggies but that's pretty much all I can do. Are there any foods that are especially good or important to try to eat?,2024-11-26,15,16,GLP-1
1h0fzx5,reddit,r/WegovyWeightLoss,"Question on Side Effects. Hello everyone! I’m 25 lbs down in wegovy but I’m experiencing some pretty intense side effects. I wanted to see if anyone else has gone through something similar, and if they have found any solutions that work.

I started on .25 and was totally fine, but didn’t have any positive effects either so only stayed for a month. Same for .5, no issues but also no results. I moved up to 1 mg and was finally feeling some positive effects. No negative effects until the third shot. On day four after the third shot I go SO SO sick out of nowhere, nonstop vomiting and diarrhea. Lasted like 8 hrs and then was totally fine again. I genuinely thought I had food poisoning because it was so sudden. Until it happened again the next week, same time, 4 days after the shot. The next three weeks, I didn’t have vomiting, just nausea and diarrhea. Now yesterday I had another extreme episode, vomited all day and had to stay home from work. I really thought my body was adjusting and symptoms would decrease, but after yesterday I don’t think I can keep going like this. I’m also concerned if pancreatitis could be happening. 

Some ideas I’ve had:
Maybe taking the shot every 10 days
Going back down to .5 for a longer time
Trying terzapetide 


I have a doctors appointment next week. If you’ve been in a similar situation, what worked for you? Thank you for reading!",2024-11-26,1,2,Wegovy
1h0fwmc,reddit,r/WegovyWeightLoss,"One more month worth it?. I am now within my second dose of 0.5 mg Wegovy and lost around 5 kg until now, around 1 month starting on 18.10.24. (Starting kg 112.4 right now 108 kg, 163 cm height)

I am paying this out of pocket, no other possibility is available so at one point I will need to end this sooner than intended due to my other rising costs.

- do you think does it make sense for me to continue one or two months more? 
- if it makes sense even to continue 1-2 months, should I continue with dose increase to 1 mg? (0.5 and 1 prices are the same - I am feeling nauseous when I eat a bit more or greasy and some grams are moving so maybe I can assume 0.5 is still effective?)

I didn't tell anyone that I am taking Wegovy and don't have anyone to talk or discuss, sorry for taking place with this noob question instead of being able to share success photos or stories.. 😢",2024-11-26,2,3,Wegovy
1h0frqh,reddit,r/WegovyWeightLoss,"Thoughts on medicare/medicaid coverage?. I know it will be a while if this really goes through, but wonder how many people currently on medicaid/medicare are on GLP-1s?",2024-11-26,1,8,GLP-1
1h0fhm0,reddit,r/WegovyWeightLoss,"Down 45 but not moving. I just wanted to get some feedback from others. I've been on Wegovy for about 6 months. I've lost 45 pounds so far. At first I was happy that I'm losing slow and steady and I never had any side effects yet. However, in the past month and a half I've only lost 2 pounds. I eat lots of fruits, vegetables and proteins and my portions are smaller. I also exercise a couple times a week. I was thinking about changing things up and start drinking a protein shake in place of a meal once a day. Does anyone have any advice? Even though I lost 45 lbs, I still need to lose about 100 more to reach goal.",2024-11-26,0,4,Wegovy
1h0f9zm,reddit,r/WegovyWeightLoss,"Feeling Down. I forgot my shot last night. Today at work I had eaten my lunch by 9. Had a pop, gum, all the stuff I would eat/ think previous to starting. It dawned on me I was busy and totally forgot to shot. I'll take it when I get home. But just sitting in contemplation now... I forgot what food noise was like. I realize I am still trying to heal my relationship with food and have a long way to go, just upset that it feels so temporary right now",2024-11-26,3,2,GLP-1
1h0f519,reddit,r/WegovyWeightLoss,Mail Order Vendors . Anyone have Cigna and get mail order ? cVs Caremark is the mail order vendor they use but apparently as of May they don't carry weight loss meds (so I was told my customer service),2024-11-26,1,0,GLP-1
1h0f2vv,reddit,r/WegovyWeightLoss,"Fed BCBC switching to MHBP for 2025. I've been with BCBS for a long time but I finally had to make a switch due to the price increase and tier changes for 2025. This has really been giving me a headache because I really didn't want to make a change. However, BCBS isn't going to cover Wegovy like they do now. 

I did a lot of research and decided that MHBP standard was the way to go, at for me. The health plan they use is Aetna and it covers Wegovy at an affordable price. Some of the other things with the health plan will be different so maybe it's not the best choice for everyone. I did a lot of comparisons and hopefully it'll work for me.",2024-11-26,3,8,Wegovy
1h0ex2c,reddit,r/WegovyWeightLoss,"Dosage question, jumping up a week early? Maybe skipping a week in a month for vacation? . Hey I just took my 3rd 0.25 dose yesterday, and already picked up my next months worth of 0.5.  So far zero issues, but also seem to be a bit stalled on the scale.  

I was thinking about if it would be ok to skip the 0.25 next week and go right to the 0.5?   That would give me four weeks of adjustment before a new years week long trip we have planned.  

The next question is, can I skip that new years week dose in order to not have to worry about any unpleasantries should they rear their head(esp on nye with beverages!) , then take the spare .25 I would have following the trip as a means to ease back into things?  

Don’t roast me too hard for asking, just curious if any of this would be a wise move.  

Thanks!!",2024-11-26,1,2,GLP-1
1h0ej5k,reddit,r/WegovyWeightLoss,"ONEderland! . Started July 15 at 222.9, down 30 pounds today and a number came up on my scale that I haven't seen in many years! I feel rejuvenated and energized to keep moving down towards my goal weight. Many thanks to this community for the continued inspiration ❤️",2024-11-26,1,0,GLP-1
1h0eflu,reddit,r/WegovyWeightLoss,"Perfect disaster . I got my covid and flu vaccine yesterday, just started 1.0 on Saturday, and had a Spicer than normal dinner. Woke up at 1 am with my first time vomming on the meds, also had a full blown fever from the booster. I feel like absolute garbage today (from the booster) and low key scared of food (from the vomming). Just venting.",2024-11-26,6,4,GLP-1
1h0ee8z,reddit,r/WegovyWeightLoss,"ONEderland! . Started July 15 at 222.9, down 30 pounds and a number came up on my scale today I haven't seen in many years. I feel rejuvenated and energized to keep moving down towards my goal weight! Many thanks to this community for the inspiration ❤️",2024-11-26,1,0,GLP-1
1h0e2g3,reddit,r/WegovyWeightLoss,"Anyone craves sweet but finds it hard to actually eat something sweet? 1mg. I’m on the 1mg and I have an Intense craving for sugar so I bought some cookies. However every single time I see the cookies I feel so sick in the stomach I cannot bring myself to eat it.

It’s a surreal experience for me I’m wondering if anyone else has this experience.",2024-11-26,21,21,GLP-1
1h0dcfr,reddit,r/WegovyWeightLoss,"Struggling to stay motivated. I have lost 10kg so far on wegovy, but am feeling really discouraged despite this because I still have to lose another 30kg in order to be a healthy BMI. It just feels so unattainable; I have been overweight my whole life and just can't see myself actually losing the weight. Can anyone relate? Does anyone have any tips on how to stay motivated and disciplined? Maccas drive-thru is calling my name hahaha",2024-11-26,2,6,Wegovy
1h0d0yu,reddit,r/WegovyWeightLoss,"Vomiting . I just took my first dose maybe 6 hours ago. Woke up immediately nauseous and I had to run to the bathroom before I threw up on the floor 🫠 
I tried looking on here but I didn’t any,

Is there anything you noticed that triggers the vomiting? Like when you eat, what you eat, time of day, etc. just so I can avoid triggers.
And did you have any habits or things you ate that you noticed reduced the vomiting?

I’m worried it’s gonna hit me when I’m driving or at work. I work at a hospital and would like to avoid getting hit with it while I’m in an elevator or something. The bathrooms are too far.",2024-11-26,1,7,GLP-1
1h0c91k,reddit,r/WegovyWeightLoss,"Upped to 1.0 . I just did my first dose of 1.0 on sunday and my god the side effects are a million times worse. Usually I just deal with slight nausea and zero appetite, but now I'm vomiting, having constant stomach pain and even thinking of food makes me gag. I know ill get used to it eventually, but I can barely manage to function. Highly debating using my last 5 hours of sick time to leave work early so I don't have to deal with throwing up between calls. I have an appointment with my primary tomorrow so maybe I can convince her to give me prescription strength nausea meds 😭",2024-11-26,1,2,GLP-1
1h0bul4,reddit,r/WegovyWeightLoss,"Has anyone experienced hair loss? . I have lost over half of my hair in the last 4 months.

I am considering stopping the medication as I am worried hair loss might be a side effect rather than due to vitamin deficiency.

I have no other side effects, but hair loss is killing my confidence so much more than being overweight, it’s so draining and upsetting 

I have started taking vitamins and iron but not seeing much of an improvement, appreciate it can take some time. 

I did not experience any hair loss in the first 7 months on wegovy and then it just happened all fast and suddenly.

I will be seeing a dermatologist soon. 

Has anyone had hair loss which stopped once not taking wegovy anymore?

Appreciate any insight or help, thank you!",2024-11-26,2,4,Wegovy
1h0bhoa,reddit,r/WegovyWeightLoss,"semaglutide user - side effects. Hello, I am a generic semaglutide user. Currently at the 1.75 mg dose. I have been using since March. I have had great success. However, the nausea and vomiting side effects are escalating currently. 
I am about to switch to Wegovy (same dose) now that my insurance will cover it.
Does anyone have experience with this? I believe the transition should be fine as it’s the same thing?
However, my continued side effects of nausea and vomiting are concerning. Anyone have experience with this and any suggestions. I’m about ready to stop using it. I honestly tired of feeling shitty for half the week.",2024-11-26,2,3,Wegovy
1h0atml,reddit,r/WegovyWeightLoss,"Heading into Thanksgiving at a weight I haven't been in a decade.. Started 7/2/24. 5'10"". SW 126, CW 189!!, GW 174 (37lbs down, 15 to go)

I just hit the 180s and I know I haven't been this weight in 10 years+. I feel amazing. It's ridiculous how much my health has improved since July. I don't feel like I'm wearing myself anymore, if that makes sense. Like I had a heavy coat on all the time. I just feel like me again.

I'm making all the classics and really looking forward to it even though I'll only eat a bite or 2 of each thing. I enjoy what I eat and I'm satisfied without guilt because my whole mindset has shifted.",2024-11-26,55,4,GLP-1
1h0asdv,reddit,r/WegovyWeightLoss,"Increased anxiety. Have you experienced an increase in anxiety and/or panic attacks since starting Wegovy?

[View Poll](https://www.reddit.com/poll/1h0asdv)",2024-11-26,2,1,Wegovy
1h0aaa4,reddit,r/WegovyWeightLoss,Is it ok to skip a few weeks? . the way my dose schedule is it would bring me to a few weeks before january 1 which is when insurance kicks in. would it be ok for me to therefore miss 2-3 doses in order to get the coverage in 2025? im at .5,2024-11-26,1,5,GLP-1
1h0aa38,reddit,r/WegovyWeightLoss,"📰 NEWS: Medicare proposes covering weight-loss drugs, teeing up clash with RFK Jr.. #Paywall-free link: http://archive.today/tObg6

Excerpt:

> The Biden administration Tuesday will propose expanding coverage of weight-loss medications for millions of Medicare and Medicaid beneficiaries, a late-term proposal that officials said would boost public health and which puts pressure on the incoming Trump administration to finalize the benefit.

> The proposal is “a game changer. It helps us recognize that obesity is with us,” Health and Human Services Secretary Xavier Becerra said in an interview late Monday. “It’s severe. It’s damaging our country’s health. It’s damaging our economy.”

>Becerra said the proposal would expand coverage of antiobesity drugs to 7.5 million people enrolled in Medicare and Medicaid, which his agency projected would add $25 billion in Medicare costs and $11 billion in Medicaid costs during the next decade. States would also assume $4 billion in additional costs as part of their share of the Medicaid program, he said.

>Becerra said the additional costs represented a modest fraction of the forecasted spending for Medicare, citing estimates that the program is expected to spend more than $2 trillion on drugs across the next decade…",2024-11-26,32,6,GLP-1
1h09q44,reddit,r/WegovyWeightLoss,"Constipation AND diarrhea at the same time!. I’m not even sure how this is possible but I was constipated, spent an hour on the throne until finally some success, then a few minutes later, it was like a volcano eruption! Never seen anything like it in my life.",2024-11-26,0,3,GLP-1
1h09mfh,reddit,r/WegovyWeightLoss,"Can't find Wegovy in my country, should I use Ozempic instead?. Hello all, firstly.

Unfortunately I cannot find Wegovy in my country. I asked a lot of pharmacists and even pharmaceutical warehouses don't have it, only Ozempic is being sold here. I know that they're kinda same drug but have different usages. My question is, should I use Ozempic instead of Wegovy and would I get the same results? Also I would be very happy if I get some advices or suggestions about equilavent drugs instead of Wegovy. Thanks.",2024-11-26,1,2,Both
1h071m2,reddit,r/WegovyWeightLoss,"Down 22 lbs in 8 weeks but feel like absolute shit.. Little rant here:
Just started 1mg and let me tell you, I thought I felt like crap before-ha! I feel ten times worse on this dose. So freaking weak & shakey, which I’m sure would ease up if I could stomach more protein. I’m sitting at apx 30-40 gr/day, recommended amount is 55 but my stomach feels TINY and have no appetite.  I’m going to try splitting the 1mg into 2 shots, like .5 every 3 or 4 days to see if that helps & will continue to choke down protein. I’m thrilled with the weight loss, I just hope to be able to feel better so I can actually enjoy it. That’s it. Thanks for reading and f@ck premier protein shakes lol",2024-11-26,3,7,GLP-1
1h06iw3,reddit,r/WegovyWeightLoss,"1st dose question . I’m just took my first injection today, so we’ll see how this goes. I’m starting on the 0.5 dose. 
Just out of curiosity,

Had any of you started your journeys and didn’t lose anything your first month? Or even second? How much did you lose first month if you did?

I’m mentally preparing myself to not get my hopes up.",2024-11-26,1,5,GLP-1
1h06cwa,reddit,r/WegovyWeightLoss,Face difference?. My biggest insecurity is how round my face is. How long was it before you noticed your face change? Or how much did you lose? 👀,2024-11-26,1,3,GLP-1
1h05r74,reddit,r/WegovyWeightLoss,Still no results . I’ve been on wegovey for 50 days now and am now taking 1.0  for 2 weeks and still no change in my appetite or anything. I just don’t know what to do and feel really discouraged,2024-11-26,2,4,GLP-1
1h05q0x,reddit,r/WegovyWeightLoss,"So some leaked out. Was moving up to 2.4 on Saturday when some of the dosage leaked out.
Torn on what to do, had a bit of nausea on Sunday but today noticed my appetite was really up there and even ate a little heavy.
I have some wegovy 1.0 and thinking of redosing with that and then wait an extra two days adter Saturday to redose my normal 2.4
Any thoughts on what I should do ?",2024-11-26,1,2,Wegovy
1h05ix8,reddit,r/WegovyWeightLoss,"First time wegovy user - needs advise please! . Hey everyone! I hope you’re all well. I’m officially starting my wegovy journey tomorrow and I need some advise please. I know it has been mentioned several times before but I just needed to ask a few things. 

Little about me: 
Height: 178cm 
Weight: 74kg 
age: 23 
Starting dose: 0.25

I have always, always and always struggled with body image issues. Seen therapists after therapists, dietitians, worked out 24/7, eat nothing but healthy but the numbers wouldn’t drop. 
About 2-5 years ago, I was between 60-65 kilos and it was my best weight. I felt confident, happy, energetic and normal until I gained 10-14 kilos just overnight. 

I have heard there are some serious side effects such as thyroid cancer, pancreatitis etc 
But I have gotten all the blood and urine tests done which cleared me. 

Given that, what should I be expecting. Where should I inject? What is the best day to inject? What are some food or drinks I should avoid ( I don’t drink or smoke) will I lose muscle ? 

Thanks all in advance",2024-11-26,1,4,Wegovy
1h0504p,reddit,r/WegovyWeightLoss,"NSV. I’ve been feeling pretty defeated having only lost about 12lb since being on it in June but was shocked last week when my esthetician showed me this pic- the left in just in MAY, the right is now. So much inflammation and bloating in my face has gone down. I also have RA and can feel the difference in joints and general inflammation too. 
i am starting 2.4 next week so hoping things steadily start moving along more!",2024-11-26,168,6,GLP-1
1h04yxu,reddit,r/WegovyWeightLoss,"25 BMI . I went into the dr the other day and my BMI is 25. I was 30 lbs heavier 2 years ago and started Rybelsus. Insurance stopped covering it for me once I was in normal weight range, now that I’m putting on my weight again (I lost 45 and gained 15 back) my provider is trying to get me on wegovy which my insurance covers if I qualify. Lab work came back today and everything is in normal range. Has anyone experienced having <30 BMI and getting insurance to approve meds? I would like to lose another 10-15 lbs again.",2024-11-26,2,0,Wegovy
1h04ldo,reddit,r/WegovyWeightLoss,50 pounds down but can’t tell a huge difference. . Before and after. 6 months on the medicine!,2024-11-26,143,10,GLP-1
1h04dib,reddit,r/WegovyWeightLoss,"First dose tonight! . Hi guys,

I’m 27 and 93kgs (205 pounds) from Australia and about to start my first dose tonight 0.25mg.
I’ve extensively read through many threads but am seeking your best words of wisdom and advice before I begin my journey! 

Am I silly for taking it Tuesday night ( I work Monday to Friday)? 

Any foods I should watch out for?

Any tips if I get nauseous? 

Best advice or vitamin to help reduce hair loss?

I’m so excited to begin my journey and this community is so amazing to be apart of 😍",2024-11-26,1,5,GLP-1
1h03y4p,reddit,r/WegovyWeightLoss,"Face gains! I hit my goal of ~60 lbs down :) . I hit my goal of several toddlers worth of weight loss (or 63 pounds for those that use numbers). My wife and I were looking at some old photos and the face gains are incredible! I no longer look like the legal next of kin to a potato! 

My start weight was 238 pounds (BMI of 33.2) in April 2024 and my current weight is 175 (BMI of 24.4) as of Nov 25 2024. 

I’m not 100% sure how to proceed since I’ve hit my goal. I’m planning to consult with my doctor after the holidays. During my last visit she recommended I taper down until I’m either not dropping weight, or come off the drug completely. Does anyone have any experience or insight into what is best to do after you hit your goal and don’t want to drop any more weight?",2024-11-26,398,12,GLP-1
1h03xb6,reddit,r/WegovyWeightLoss,No changes?. I took my first dose Friday night and I’m still HUNGRYYYY. When does this subside?,2024-11-26,1,1,GLP-1
1h03izf,reddit,r/WegovyWeightLoss,"Pregnancy after wegovy? . Hi all! I’m down 26lbs and looking to stay on track to meet my goal in the next few months. I started wegovy after struggling to control my diet a year+ post partum. But I am interested in getting pregnant again mid next year. I’m so nervous to gain all the weight back even though you have to gain a bit of weight while pregnant. This is something I would like to speak to my OB and a dietitian about when the time comes, but I was curious if anyone could share their experience getting pregnant after being on wegovy? TIA❤️",2024-11-26,3,4,Wegovy
1h035gb,reddit,r/WegovyWeightLoss,"Compounded Sema thru Hers. 

Welp. Apparently health partners stopped covering glp-1's since I had a baby. Can someone please tell me their Hers (or Hims) experience? Do they send you different doses like with a wegovy Rx? It won't tell me until I pay the 2,400 for 48 weeks of Sema (not even a year). I just want to make sure I'm not getting scammed or something.",2024-11-26,3,3,Wegovy
1h031tt,reddit,r/WegovyWeightLoss,From October 2023 til October 2024. From the 1st which is from October 2023 and the last which is October 2024. I started at 386 im at 358 happy for the change and progress,2024-11-26,60,4,GLP-1
1h02lph,reddit,r/WegovyWeightLoss,"I’m scared to gain the weight back😞. I’ve been off Wegovy for 3 weeks due to my Insurance changing. My new plan won’t cover the drug, I was arguing with insurance and bugging my doctor, but since my insurance is changing again in January to a company and plan that I know will cover, I decided to leave the situation alone. My doctor sent a script for me just in case I feel like I need it, but of course it’s expensive af. 

I am a binge eater and this drug has been life changing for me. In just the short time I’ve been off my binge eating behaviors have come back swinging. I’m secretly eating in my car, eating huge portions again and drinking sugary drinks.

This is more depressing than it was pre Wegovy because now I know that I don’t have to live like this, I know how good it feels to be able to control myself, walk without being winded, and wake up without my whole body hurting because of my excess weight and shitty diet. I’m stepping on the scale after every time I eat hoping that my weight hasn’t shot up. 

I lost a lot of weight, but I have a lot more to go and it sucks that it all comes down to an insurance. I’m feeling so fucking disappointed and discouraged😞",2024-11-26,20,29,Wegovy
1h02ir9,reddit,r/WegovyWeightLoss,Missing doses. I am out of town for 10 days starting today. When I tried to do my injection today it completely malfunctioned and I didn’t get any of the medicine. I’m not sure if the flight messed something up (I’ve flown w it in a checked bag before and it’s been fine though). And I also just realized I brought one pen instead of 2. So now I’ll be missing 2 doses technically - should I ask my doctor to call in a prescription at a local pharmacy or just miss the doses? Has anyone had something like this happen before?,2024-11-26,1,4,GLP-1
1h02fb8,reddit,r/WegovyWeightLoss,"Hello! 2 mg pen or 4?. Since I do not have insurance, Wegovy is $450 a month here in Ontario. This is regardless of pen size so what is the highest dose pen you can buy? Is there a 4 mg pen?",2024-11-26,1,2,Wegovy
1h01xz6,reddit,r/WegovyWeightLoss,"Gym routine?. I hope it’s ok I ask this here. This community feels safe and wholesome so I opted to post here.


I have reached 1.7 and have lost about 11kgs/24lbs since August. I am finally ready for the gym again and have gone twice in the past week, pacing myself slowly to start since I haven’t done proper gym exercising in probably 3 years or more. I have been very sedentary except for walks so starting again is a challenge.



Both times in the gym this week I did 20min on the synchro machine, 20mins on bicycle and 20mins on various lifting machines.



Could you tell me your routines to take in a bit of inspiration? How did you feel starting to exercise and losing weight that way on Wegovy?",2024-11-26,3,4,Wegovy
1h01pal,reddit,r/WegovyWeightLoss,"Advice, please. . Hi. I’m new here. I am in the process of trying to get my insurance to approve me for Wegovy. My doctor told me to expect it to be denied at first and then again maybe even three times, but she said that she will keep on doing prior authorizations until we get it done. She is writing really well thought out, and meaningful explanations to justify approval for the prior authorization. As you can see from the picture I’m including it says EXC which means “Plan Exclusion.” I have Anthem Blue Cross SISC. I was wondering if anyone else has any advice or experience with this process that could help me out. I really do have a multitude of reasons for wanting it not just for weight loss but for the anti-inflammatory effects from having hEDS, and they definitely won’t prescribe it for me for that reason because that would be off label. But I do have other health conditions, but they wouldn’t impede me from being a candidate. Anyway, I am rambling… Just any advice or encouragement. I am feeling so discouraged from all the stories I have read. Thank you.",2024-11-26,4,12,Wegovy
1h01iox,reddit,r/WegovyWeightLoss,Has anyone experienced raising heart palpitations with wegovy?,2024-11-26,3,12,Wegovy
1h01hon,reddit,r/WegovyWeightLoss,"Can I restart at 1.0?. I was on wegovy for 4 months and was on my second or third 1.0 dose before deciding to stop (this was back in September). I thought I would be fine without it and honestly it was a stupid decision fueled by the nausea. It’s now November and I’m going to start it again, but I’m wondering if I’m able to just go to 1.0? I know you’re not supposed to start higher but 1.0 is around the middle of doses you can take, and I’m honestly desperate at this point. I still have 1.0s in the fridge and I just wanna make sure I won’t like, die if I take it.",2024-11-26,4,10,Wegovy
1h00oog,reddit,r/WegovyWeightLoss,"Discouraged and probably overthinking. I’ve been on Wegovy .25mg for 2 weeks, and about to take my 3rd dose tomorrow. The first week, I dropped 5 pounds and was super excited. I have lost NOTHING this second week. I feel like I have no more appetite suppression. Is this normal for this to happen the 2nd week? I know we aren’t supposed to step on the scale everyday, and I am definitely guilty when it comes to doing that, but I feel like I am gaining every time I step on it. I haven’t eaten much at all today and it just goes up 😭",2024-11-26,0,8,Wegovy
1h00jdq,reddit,r/WegovyWeightLoss,"What can i expect for 1.7?. So i started at the start at the lowest dosage and worked my way up gradually and i’d say im a pretty average to low average responder so far. Only around 1 did i begin to feel the proper effects of it such as less food noise and full appetite with lower food than usual so right now its working but sometimes (usually within the first 2-3 days of my shot of 1) it feels completely different in a good way. I have very VERY little cravings and normal food portions fill me up super fast. Is that what 1.7 will be like?

For those who have gone from 1 to 1.7 please could you share your experiences. thank you",2024-11-26,2,1,GLP-1
1gzzmpz,reddit,r/WegovyWeightLoss,"Change to Zepbound - not due to plateau . I started Wegovy on Sept 1: SW 181, CW: 156… it’s been working beautifully and I lose about 1-2 lbs a week. When I jumped to 1 mg, I started experiencing some nausea, not terrible but some, and some GI discomfort after eating even the smallest amount… I finally feel like I am sort of getting used to it but I am supposed to go up to 1.7 mg on Friday… I would love to stay on 1mg but insurance doesn’t cover it… doctor recommended I switch to Zepbound (5mg) because then I can stay on that dosage for longer and eventually maintain… my goal weight is 135 lbs… what should I expect with switching… doctor mentioned it’s a newer generation drug, but I am a bit nervous because wegovy has been working so well on lower dosages…",2024-11-26,1,1,Wegovy
1gzzb6q,reddit,r/WegovyWeightLoss,"Caution: Get chest pain checked out. My mom got her first Wegovy shot, and within moments started feeling some pain and tightness in her chest. Pain was stable and felt better after taking aspirin for that day, but the morning it increased significantly and she went to ER having a heart attack. If you have chest pain taking this drug, PLEASE get it checked out. Yes it is probably acid reflux but what if it’s not? If my mom had waited any longer to go in she would not have survived. These drugs are relatively new and also need symptoms like these reported to the FDA, please do so if you experience anything like this so that people can be aware of the risks!",2024-11-26,0,2,Wegovy
1gzz7t5,reddit,r/WegovyWeightLoss,"Started on real high dose . I started wegovy last night
On 1.7 which is very high I know this. I've been vomiting and taking zofran... I just want this out of my system now I want to feel better I don't know what to do",2024-11-26,0,18,Wegovy
1gzyjsp,reddit,r/WegovyWeightLoss,NSV. My favorite leather boots. I simply could not part with them even though I was completely unable to zip them all the way up.  I’ve been going thru clothes later and found them at back of my closet.  Tried them on for the heck of it.  Needless to say I’m thrilled!,2024-11-26,190,9,GLP-1
1gzxz02,reddit,r/WegovyWeightLoss,"Can someone explain compounding pharmacy to me?. My insurance coverage is going to price me out of glp1 meds next year, so I need to find some alternatives.   Do you need a PA?  A prescription?  Where does one go to get them?  Are they safe?  Etc.",2024-11-25,2,13,GLP-1
1gzxv22,reddit,r/WegovyWeightLoss,"Junk food cravings. Anyone else still have craving for chocolate, cake, salty snacks, etc but your stomach just tells you no? And you feel a little depressed about it? Does it get better on 2.4mg?

Started mid July 2024 at 356lbs CW-341lbs, in my 30's F 5'6.5""  Current dose: 1.7mg.",2024-11-25,3,2,GLP-1
1gzxna0,reddit,r/WegovyWeightLoss,Protein bars that are not chocolate or so sweet. I like protein bars for breakfast but most of them are chocolate and it's difficult for me to eat something so sweet on an empty stomach. I do not like peanut. I get that people are mostly using protein bars as snacks so they try to make them appealing but I like the convenience for breakfast but not the candy-like taste. Any ideas. I mostly eat breakfast at work so I'm somewhat limited in what I can easily eat.,2024-11-25,6,10,GLP-1
1gzx982,reddit,r/WegovyWeightLoss,Latest on where to acquire?. I’ve given up on trying to get my insurance to go back and cover my wegovy again. Where are people getting their compounded injections?,2024-11-25,1,0,Wegovy
1gzwi58,reddit,r/WegovyWeightLoss,Federal employees/weightloss meds and MHBP. Does anyone worry that MHBP is going to get INUNDATED with PA requests for Wegovy/Zepbound and decide to change their policies to no longer cover it like BCBS?,2024-11-25,3,8,Wegovy
1gzvv6n,reddit,r/WegovyWeightLoss,"It's working again! (Too long a gap before going up to 0.5 led to a panic!). I did 7 injections at 0.25 - it worked brilliantly 6 times; I lost 12lb. I didn't want to move up if it was still working, as I'm worried about side effects increasing.

In week 7, about half way through the week, I was almost as hungry as before wegovy. I put on a pound on my usual weigh in day, but the scales kept on going up each day after.

I was really worried that I'd ""broken"" my body's reaction to wegovy and might not get back to it being effective again. 

I do my injections on Thursday night. Injection 8 was 0.5. Yesterday (Sunday) I woke up hungry, had a really big brunch (1,200 calories); I  didn't feel unwell, but just didn't need to eat again until this morning.

Today I've eaten about 1/2 of what I was eating before wegovy and felt completely satisfied. I quickly ate an orange before work this morning, planning to have porridge mid-morning, but I forgot and didn't need lunch until 2pm.

I'm so relieved it's working again, and just need to make sure I'm eating enough protein again.",2024-11-25,2,0,Wegovy
1gzvk6o,reddit,r/WegovyWeightLoss,"Bye Bye. I have just been told that my insurance is no longer covering Wegovy and have been prescribed Zepbound. I have lost 23 lbs and gone down two pant sizes. I’m so happy with this med. I hope I’m successful with the next one
 Good luck to you all🍀",2024-11-25,1,2,Wegovy
1gzvi5e,reddit,r/WegovyWeightLoss,"100lbs Down. From 220 in February to 120 this morning. My highest weight was 305lbs in 2021. 

I’m frustrated that I have 10-15lbs of loose skin and that my insurance will no longer cover any GLP1 in 2025. 

I still feel like I have so much to lose.",2024-11-25,1212,85,GLP-1
1gzvelr,reddit,r/WegovyWeightLoss,"Wegovy advice . Hi - looking for advice. I’m a 25M trying to understand if I should go on wegovy. My doctor recommended it to me as he’s wary of my BMI. I’m currently around the 30 BMI mark and want to get down to 24 (which would mean losing just over 35lbs). I’ve struggled with varying weight before and not sure whether I should try the traditional way again or give wegovy a shot (pun intended). Would others in a similar situation (trying to lose sub 50 lbs) say the side effects, cost etc were reasonable sacrifices? Appreciate the help!",2024-11-25,0,2,Wegovy
1gzva7m,reddit,r/WegovyWeightLoss,"No weight loss. I am very small at 4’9, and i weigh 80kg, I’m on my first week of 1mg. No weight loss at all on 0.25mg/0.5mg. I am not dieting, i do not count calories, because the whole reason i opted for wegovy is the appetite suppressive qualities. I have had none of that at all. I work around 50 hours a week always on my feet. I only drink water, my problem is being hungry all the time, if i don’t eat i feel faint or dizzy, hence why i’m not cutting calories or counting them. I don’t want to do that, i’ve had a lifetime of that and just want this drug to help me feel motivated hungry anymore. Any advice?",2024-11-25,0,12,Wegovy
1gzutsr,reddit,r/WegovyWeightLoss,"Celebrate the Win. I've not posted on here before, but I want to celebrate the win with a community. I am under 200 lbs for the first time in years! SW: 265 lbs, CW:199 lbs, GW: 165lbs.  Started Wegovy in March at 250lbs, so this milestone is also over 50 lbs lost. My main side effects have been hair loss (all labs indicate this is temporary) and some burps.  On the 1.7mg dose.  Weight loss has slowed in the last month, but overall average is just about 1.4 lbs/week and my dr is very pleased with that rate.  My stress levels have also been up recently and I'm not medicating with food. For me the weight on the scale is amazing, but it's about what I have gained as much as what I have lost - improved labs on almost every measure (blood sugar, liver enzymes, thyroid), the choice of what to eat (vs the constant siren call to eat all the time), I'm more active, have more confidence, better mental health and resilience and look forward to doing so much more. Wegovy is not a magic bullet, but it has been a game changer for me. I still have a ways to go, but I haven't been this hopeful about getting my weight to a healthy range as an adult and I have struggled with my weight since my teen years. Not looking forward to the additional ""oversight"" from my insurance plan in the new year, but feeling grateful for this medication.",2024-11-25,44,4,Wegovy
1gzuqpk,reddit,r/WegovyWeightLoss,"Refilled my 2.4 mg today. Called to refill my 2.4mg today and pharmacy said they are supposed to get that dose, Dec. 4th. That’s ok because I have one shot for this coming Friday. She stated again before I hung up, we are “suppose to get it the 4th, but not sure if we will, but I e ordered it for you” So apparently ALL Doses are on back order. Usually when I call to refill, I get it the next day or the day after that as the latest. I’ll be ok though, because I still have three weeks worth of 1.7 mg to fall back on if need be. Just throwing it out there for everyone that it seems most all doses are taking longer to get.",2024-11-25,7,0,GLP-1
1gzu497,reddit,r/WegovyWeightLoss,"PA only covers 4 ml of medicine and now insurance is not covering it, anyone have any experience with this?. Hello! Just completing month #2 and it has been absolutely life changing and I have already lost 30 lbs. When receiving my newest refill it led to the pharmacy denying it due to insurance issues and Express Scripts says it’s due to my current PA only covering 4 ml within 365 days and extra coverage is needed. I reached out to my doctor but am of course freaking out now as this past two months has been exactly what I needed. Has anyone else gone through this and what has the experience been like with this?",2024-11-25,1,6,GLP-1
1gztie2,reddit,r/WegovyWeightLoss,Feeling down . I been on Wegovy now since the summer and been doing great! I’m down 18lbs and I feel great. Every time I got the meds it was 25$. I tried getting my meds today and they said it was $639. I called my insurance company and they said it was only suppose to cover half of weight loss drugs and everything was billed wrong. They caught the mistake and said starting October 1  everything would be billed correctly going forward. So they only pay for half and the savings card took it down to 400$. Not sure what I’m going to do. 2 more months and I’d hit my out of pocket deductible but then it will be the new year and restart all over. Just upset because I won’t be able to continue. I have about 33 more lbs to go to get to my goal weight.,2024-11-25,1,0,Wegovy
1gzte1n,reddit,r/WegovyWeightLoss,"2 droplet after injecting second dose of 0.25mg flexpen. After the Wegovy pen hit 0, I counted to 10 before removing the needle. It started hurting and I removed the needle from my thigh. After removing it, I noticed two droplets. Did i injected correctly?",2024-11-25,0,2,Wegovy
1gzsc3r,reddit,r/WegovyWeightLoss,"Premier protein shakes omg - any recommendations for a brand that doesn't taste nasty af?. I need to up my protein. Bought a box of 8 premier protein shakes since they're recommended so much. I have to hold my nose to drink it. Just the smell is horrific. They taste chalky and totally artificial. I just can't.    

Btw, I have the same issue with zero sugar yogurt and any dannon high protein yogurt. Took one bite of light and fit key lime and yeeted it into the garbage. I just can't stand artificial chalky textured anything.",2024-11-25,44,157,GLP-1
1gzryou,reddit,r/WegovyWeightLoss,"Restarting Wegovy. Hello, 

I have been on Wegovy for about a year now. Recently, I went to the hospital for another incident that is not related. I stayed in the hospital for a while and came home and decided to give my body a break. Long story short, I have not been on Wegovy for three weeks. I was on 2.4 mg, so I asked my doctor to send in a prescription for .50. Needless to say, the pharmacy did not have it, and other areas did not have it. I don’t want to start back at the 2.4. I’m afraid I will get sick, so my question is, can I take my syringe and take half of this or a little less than half? 


I appreciate any help you can provide.",2024-11-25,1,2,Wegovy
1gzrivc,reddit,r/WegovyWeightLoss,"Small differences . From Halloween to this weekend, I’m seeing subtle changes. I’m not crazy. Week 4 on .25 along with tons of exercise and diet changes.",2024-11-25,34,1,GLP-1
1gzq2il,reddit,r/WegovyWeightLoss,"News did a spot on compounds 😳. Not sure when it ran but saw it online today. 

https://6abc.com/post/action-news-investigation-shot-dark-testing-online-weight-loss-medications-potency/15574461/",2024-11-25,1,2,GLP-1
1gzpnu0,reddit,r/WegovyWeightLoss,"Officially down 50lbs today. Started mid-May, so 6 monthe on. Starting weight was 387. I have never had a bad side effect except for the occasional gross burps once I hit the 1.7 dose.

Some days I feel like I see no difference. I realized I was bigger than I thought I was and do see a difference in pics now that ive allowed myself to be in one or two. I know I still have a long way to go. My first goal was 50lbs. My next goal is to be under 300lbs.

One thing I hate is clothes lol so many things are just too big that i already own and clothes are expensive. I am hoping to find more clothes thrifting over time as I just don't have a lot of disposable income at the moment. I also hate food now lol but I guess that's just part of it.

My doctor just bumped me up to 2.4 and I'll start that this week. I have a physical in a few weeks and I'm curious to see how my bloodwork looks after a 50lb loss. I'm also going to start working out more. It's amazing to not have an aching back after a few mins of activity.",2024-11-25,103,10,GLP-1
1gzofg4,reddit,r/WegovyWeightLoss,"Sulfur burps and diarrhea. Hi!

Bern using Wegovy for several months now.

I got a whole night of sulfur burps after eating breaded fish filet last week. I had quite a lot of them.

Yesterday I repeated the same mistake, trying only 1 though, and have now had 30 hours of sulfur butps and diarrhea feeling feverish and whole body aching. Do you think it is due to Wegovy or food poisoning? Still have a normal appetite

How can I stop the burps? Can I eat somrthing to make it stop? Tried water and mint tea and took some anti heartburn meds based on 
Aluminum aminoacetate and magnesium oxide called Alminox (from Denmark).

I feel super miserable 😫😫😫",2024-11-25,1,12,Wegovy
1gzmzqu,reddit,r/WegovyWeightLoss,Lost. I have been on this since july.  Current dose is 1.7.  I lost weight one month-around 5 pounds.  no real appetite to speak of…i cant understand why i am not losing weight steadily.  Doc is lost.  If the meds are not working i am struggling to stay motivated to keep taking it.  Main side effects have been gas and  minor constipation.  i am beyond frustrated-can not seem to get a win,2024-11-25,3,10,GLP-1
1gzmz2k,reddit,r/WegovyWeightLoss,"How hard is it to access  wegovy in France?. All, are there any expats that know how to access wegovy in France?

I’m moving there from the UK in January and was just wondering what the procedure is to attain one. 

I use boots online doctor in the UK and the process is pretty straightforward and simple, is it the same case in France?

Really appreciate the help.",2024-11-25,1,0,Wegovy
1gzmqe8,reddit,r/WegovyWeightLoss,Shortages? . Anyone else experiencing shortages and/or unable to get a refill? Have been on 1.0 for a month but am unable to get it refilled. My doctor has prescribed me 0.5 and 1.0 in the event I can get one filled over the other at this point but all pharmacies I’ve tried near me say there’s a back order on both.  Ugh.,2024-11-25,7,14,GLP-1
1gzmolv,reddit,r/WegovyWeightLoss,"Protein recipe . Found this recipe online, for anyone that needs a protein shake/smoothie, to get you through the day! I would also say, you could use any jello flavoring that you choose! Be creative and have fun with it! Plus it’s delicious!!",2024-11-25,19,1,GLP-1
1gzm2nv,reddit,r/WegovyWeightLoss,Any substitutions to Wegovy that have worked for you?BCBS FEP no longer covering. Hello everyone! 👋🏾 My BCBS FEP plan will no longer be covering Wegovy starting in 2025 which has me feeling stressed to say the least. I wanted to reach out to this beautiful community to see if anyone has had any luck with any “substitutions” like compounded semiglutide? I’m not too sure what company to go with as there seem to be so many different online options. I appreciate your assistance so much and look  forward to reading them! 🙏🏾💛🧝🏾‍♀️,2024-11-25,28,123,Wegovy
1gzltir,reddit,r/WegovyWeightLoss,"In desperate need of advice . Hello, 

I’m hoping someone can give me some clarity on my situation or has delt with something similar. So I started back in July on the .25mg it was really difficult to keep in stock but in my first month I lost around 11 pounds! I then wasn’t able to get my medication for a while which caused me to gain more weight. I saw my PCP and she bumped me up to .5mg in September. However, it was another wait to get that medication which caused me to gain more weight. I’ve been on .5mg since September and haven’t lost any weight so it looks like i’ve gain about a net 10 pounds. 

I have an appointment with my PCP next week and i’m really nervous she might take me off the medication or just make me feel bad about gaining weight. She was really dismissive towards me at my last appointment and I can’t really switch to new a doctor. Is what i’m experiencing normal? Will going up in dose help me lose more weight? Does the medication just not work for me? What should I tell my doctor? 

I should also not that during the first month it seemed like the medication was working great! I had no food noise and was physically unable to eat past the point of the fullness. Now that not really case and i’m able to eat large portions again.",2024-11-25,1,1,GLP-1
1gzlmtm,reddit,r/WegovyWeightLoss,"NSV - got my annual bloodwork results back . I just got my bloodwork results back from my annual physical. I’ve been on Wegovy for 12 weeks and have lost 27 lbs, which I’m very happy with. I thought maybe I would see a little improvement in cholesterol, but since I am still significantly overweight (SW 232 CW 205, height 5’5) and it’s only been a few months, I wasn’t sure. 

But everything improved noticeably! Good cholesterol up, bad cholesterol down, triglycerides down, risk ratios down! 

I still have room for improvement to get everything down to healthy range, but I’m pretty happy about this!",2024-11-25,37,1,Wegovy
1gzky6j,reddit,r/WegovyWeightLoss,"Caremark Weight Management Program Coverage . My employer (not them specifically but all state employees) are required to do the weight management program in order to get Wegovy covered. No big deal. I have my intake zoom soon…  

That said I have questions from those that are going through or have gone through the program:

1) I know blood work is involved. Do they specify particular places to get any bloodwork done? How often is this needed? What are the costs of it? Does your medical coverage help if the weight loss program does not?

2) Were you sent a smart scale or any other gadgets? If so what were you sent (brand of you know). 

3) I know some were sent a glucose/ketosis monitor - is a keto diet required for the program? I know the medication requires to limit the refined sugar and carbs but not sure if this is needing full keto and to send keto sis results to Caremark, or if this just more of a tool for those that may choose to go that route. 

4) Does Caremark/dietician have any specific goals that have to be met to keep coverage? Not just weight loss itself but diet/exercise/ect?",2024-11-25,3,3,Wegovy
1gzkixw,reddit,r/WegovyWeightLoss,Missed my shot today and now out of town for a week. Well it happened. Forgot to take my shot before going to the airport today. I don’t get back until til Saturday. I’m taking 1.7 right now. Will I feel like shit if I take the full amount on Saturday? Should I go back down to 1 for a week or two? Ugh. My brain isn’t braining today.,2024-11-25,1,4,GLP-1
1gzki8b,reddit,r/WegovyWeightLoss,"Target Weight Loss Per Month . Congratulations to everyone who super-responds to Wegovy - but what is a typical  weight loss per week on a therapeutic dose of Wegovy? 2% per month?  

On 2.4 - with a current weight of 254…. So at 2% maybe 5lbs/month?  

What does anyone else target?",2024-11-25,11,40,Wegovy
1gzkds8,reddit,r/WegovyWeightLoss,"Food noise reaction - curious about this. Every so often I will fantasise about food (usually a big meal like a Chinese takeaway) and the weirdest thing happens, it’s like my stomach reacts and starts making me feel sick almost as if I’ve had it, it’s strange because It doesn’t just feel like it’s in my mind when this happens, it feels like something is physically happening in my stomach to not even wanting to go near the food I was subconsciously thinking about - has anyone else had this? What is it?",2024-11-25,2,5,GLP-1
1gzk2km,reddit,r/WegovyWeightLoss,"One week completed . Hi, it’s been one week since I started taking the 0.25 mg Wegovy injection, but I haven’t noticed any weight loss yet. I’m curious—how long did it take for others to start seeing results? Did anyone notice changes in the first week itself?",2024-11-25,1,6,Wegovy
1gzji65,reddit,r/WegovyWeightLoss,"Anyone switch to zepbound due to fatigue? . I just took my first shot of the second batch last night and my fatigue is unreal. I am actually more tired than I was when I had pneumonia. The only comparison is first trimester pregnancy fatigue and I can’t take it anymore. 

For those who had fatigue, did you decide to stick it out? If so, did it get better? Anyone else switch and have a better result? I’m seriously nodding off right now.",2024-11-25,3,4,GLP-1
1gzj6f1,reddit,r/WegovyWeightLoss,"6 week update . Good morning! I have been taking Wegovy for 6 weeks now: 4 weeks at 0.25, and 2 weeks down at 0.5. As far as side effects, I mostly feel better than I did before! I no longer have low blood sugar episodes that make me shaky and trigger a migraine. I did have one episode of vomiting on my first day of 0.5; I was so hungry the night before my shot, ate half of an unhealthy buffalo chicken finger wrap with sides, and ralphed the next day 😅 lesson learned to be more careful! Overall, I feel like Wegovy has been so smooth and successful! Down 18 pounds in 6 weeks; starting at 253, currently at 235, hoping to get down closer to 150. (5'5"" female aged 38.) I have a consultation in a week for a breast reduction, and I'm so excited! Attached pictures show before starting wegovy and today: can you see a difference? It's a little difficult for me to see!",2024-11-25,393,14,Wegovy
1gziw2s,reddit,r/WegovyWeightLoss,"Why wegovy?. I am about to start zepbound and from what I've read it's on avg superior to wegovy in every way (weaker side effects, increased weight loss, lower cost). So why wegovy? Is it just those who had bad reactions to zepbound and do better in wegovy?",2024-11-25,0,43,Wegovy
1gziudf,reddit,r/WegovyWeightLoss,My first speed bump. Started taking Wegovy a month ago. Started on .25. This week I start .5. Started at 255 and last week right after my last shot of the .25 I was weighing at 249. 6 pounds felt huge for me. I’m definitely trying to eat better. Make smarter choices and being more active. We have a 2.5 year old and a 1 month older old. So trying to go on lots of walks with the kids and all around be more active. The food noise has been so much better this past month. Definitely my #1 noticed change. This past weekend though…Friday a wedding. Saturday a Spanish baby shower (I note that it was Latino. If you know. Then you know the amount of food and drinks there). Sunday we had a 1 year olds birthday party AND a Friendsgiving right after. There wasn’t any food noise this weekend but there was food and alcohol literally everywhere. This morning I do my weigh in. 256. I don’t feel discouraged at all. But I’d be lying if I said I wasn’t bummed out about that number. Especially with all the diarrhea I’ve been dealing with it lol. I know it’s just a bump in the road. Taking this weekends experience and going to try and be better and a bit more self aware. With the holiday season about to go into full swing and the amount of dinners and parties that will be put in front of me. Praying I pass the test.,2024-11-25,2,0,Wegovy
1gziidw,reddit,r/WegovyWeightLoss,"4-6kg lost in first 4 weeks of wegovy 💀. okay well let me start this by saying Ive turned 17 about 20 days ago and I'm clearly overweight I have tried many diets and stuff and I'm not gonna be a dumbass and blame it on the diet it's clearly my fault I didint have good consistency and lacked discipline and fell into temptations so I started researching sarms, anabolic steroids and stuff then I came across the beautiful wegovy semaglutide injection and wow how much it has done for me and I'm still on my first pen 💀 

I'm 17 168c-175cm ish 108kg kid well now I'm 103-102kg and Ive been going gym for about 8 months and sometimes I would really slack off and not go for months or weeks and it wasn't good but I had decent genetics good insertions and rapid muscle growth and strength gain. I was originally around 90-95 for a very long time then I slacked for a month or two and jumped up to 107-108kg and it wasn't good I tried starving my self it worked intially but the most stupid thing lost all strength and muscle but gained it back with maintenance diet and training it took me about 2-3 weeks then I went in for my blood test results I take bloods every now and then since it's free ( Australian Medicare) I only do it to check up on everything to make sure I'm healthy I mean it's free why not use it to my advantage I only do it every 3-6months and I was speaking to my doctor who semaglutide and he was warning me about the issues it can cause and side effects and he initially didint recommend it but after I explained my struggles he said it's up to me if I really wanna do it and I said yes and I do not regret it at all wow how amazing this drug is so I got my prescription then got my injection a few days later from the chemist and damn 250$ AUD is a lot for a monthly medication I wish Medicare covered it but it's like the only drug that's not supported by Medicare discounts and the first few days of my injection were absolute hell I got insomnia, nausea, dizzinessz, headaches, heat waves and worse I literally was ready to drop this drug after day 3-5 ish but I held through I would vomit so much on my first few days because my brain was used to eating what it usually does but the semaglutide triggered the glp¹ hoarmoans and caused a slower digestive system so I ate my regular food then half way my stomach is killing and then I go vomit I eat again and vomit and repeat this like 5 times before I realised to stop eating so my stomach can calm down and also to anyone who experiences these symptoms just avoid food for several hours and try drinking hot tea it helps sooth the stomach and relief it of sensitivity 

but yeah my experience has been good so far it was only the Begginng of the drug that was hard and it's really potent for me my next injection is in 2 days (Wednesday) and is my upped dosage of 0.5mg from 0.25 so I'm a bit excited to see how much stronger this will be since it's double and I know it won't be much of a difference since the body adapts to it and builds a tolerance but towards the end of my 0.25 I noticed it wasn't doing much at all and I would get frequently hungry more and more when before I could go 4 days without eating before realising oh shit I need to eat otherwise my body will burn my muscles instead of fat but now I have gone back to gym and I've been on a carnivore diet Ive basically been eating eggs and steak all day and sometimes, mangos, banana and so on but no processed carbs at all since they convert to glycogen

I'm just so confused how people loose 8 pounds (3.4ish kg ) after like 5 months, like what the fuck that's crazy honestly that's not worth it if your gonna loose 8 pounds I remember walking into my doctor's office and telling him I lost 6kg and bro lost his shit and before anyone comes at me saying it's muslcs it's definitely is but not a majority maybe a few 100 grams because my arms and legs and chest have been more lean and defined more then ever and my progression hasn't stopped one bit 

I can't wait to see my results after 5 months or so I'll probably come back here and do a edit about it and if you guys want edits just upvote it I'll do weekly or monthly reports on everything my diet symptoms weight loss and more!",2024-11-25,0,0,Wegovy
1gzi1e3,reddit,r/WegovyWeightLoss,"Stalled at 1.7. Moving on up to 2.4. Hey. SW 203, height 5'8"", CW 168. I went up in dose every month until I hit 1.7 and thought I'd stay a while.  All my weight lost was effortless , because I wasn't eating enough for sure.  I didn't count anything, didn't focus at all.  Well I stayed for 5 months at 1.7, plateaued at current weight for about 3 months now. And, all my side effects have disappeared (nausea, crushing fatigue, malaise). However, my food noise is back, my taste for wine is back (before it tasted gross) but I haven't gained so I guess I'm still eating less than I used to!  I'm super happy with my loss of 35lbs and fine if I never lost another pound.  However, I've come this far, why not go for more!  It's there to lose trust me.  So my goal is 150 and I just moved up to 2.4 last week. Slightest barely there nausea, slightly diminished food noise but not totally gone either.  I can tell this won't be effortless weight loss like before.

Who else has paused at 1.7 and then increased months later to 2.4? I'll have to put in the effort of mind over matter and deliberate food choices (which we should all do anyway right?) to reach my goal.",2024-11-25,1,5,GLP-1
1gzhry2,reddit,r/WegovyWeightLoss,"About to finish month 5 of Wegovy and have lost less than 10lbs - how long before I can say I failed on it?. I went through a lot of the bad symptoms the first few months.  Now, I have very few.  I don’t know how I haven’t managed to lose much honestly - for a while there I was barely eating, and everything went straight through me.  
  
Now, I’m more or less back to normal.  I can’t eat but small amounts of anything, and almost no food sounds good.  But still, no weight loss.  
  
I will say that the last two weeks (this is my first month on 2.4) I have had a sharp drop in my already pretty measly appetite, but still the scale doesn’t reflect much of anything.  So I’m willing to give it a bit more time since this is a change.  But my results have not matched any of the big successes I’ve seen here.  
  
At what point is it time to give up?  It’s a bummer, because phentermine/Topamax helped me lose 50lbs and I thought this would do the same.  I can’t go back to Topamax due to the severe depression symptoms that came along with it.",2024-11-25,1,7,Wegovy
1gzgjbw,reddit,r/WegovyWeightLoss,"Just started wegovy yesterday. Hey, I've injected my first wegovy shot last night (0.25) and I'm wondering.. what am I supposed to feel?
I had my first lunch, took a smaller plate than usual so I eat in smaller portions. I wasn't that hungry but I knew I was? Like I was hungry but the hunger levels were pretty low than I'm used to..
And I couldn't finish the meal.. I ate all of the protein but left a spoon and half of pasta. It wasn't because of me feeling full or disgusted or something like that... more like ""ok I got it, meh"" like I lost interest or something and I have no interest to finish the entire meal.

Is that normal? Is that what I'm supposed to feel? 

(I'm putting pictures and a hand measurement just so you can see the size of the plate) 
And sorry for any English mistakes, it's not my first language 🫣",2024-11-25,5,23,Wegovy
1gzentf,reddit,r/WegovyWeightLoss,"Vomiting during the night. This side effects is a first for me, I just want to see if this has happened to anyone else and if so how you've managed it? 
I had my first 1mg dose last night. I woke up in the middle of the night actively gagging and trying to vomit. My dinner hadn't settled and it was trying to come back up. I did eat a little later than usual at around 8pm, normally I eat at 7 so that's definitely something I'll make sure of going forward, but it wasn't a particularly heavy meal so this was quite surprising. 
It just scared me because I was laying on my back, if I had actually vomited I could have choked.",2024-11-25,1,1,GLP-1
1gzdv40,reddit,r/WegovyWeightLoss,"Medicare coverage & discount Rx cards?. I was unexpectedly approved for Medicare in Oct.  Wegovy was a dream do to cost. My cardiologist suggested Wegovy.  Lots of research from this site mostly, guided me to choose  AARP  United Rx coverage. No issue with approval.  Got my first script November 6 (start day) from Walmart witch cost $535. Which I thought was my 2024 drug deductible.
Now my doctor has sent my .5 monthly script and my text from Walmart says it will cost $538?  I can't pay that every month. It's working great so far 6.5lbs in 3 weeks no issues. Do any of the discount cards work to lower price? Like good Rx or simple care? I feel fortunate to have been approved so fast. And don't want to mess up a good thing by trying to change ins. Just hoping someone may have some insight. 59F SW211 CW205.",2024-11-25,0,9,Wegovy
1gzdhnb,reddit,r/WegovyWeightLoss,"5 months progress. Started 5 months ago - one month on 0.25, and since then on 0.5, and lost 13kg! (Around 28 pounds) - which is around 50% of the way to my goal!

Just bought jeans a size smaller than I had 💪🏻 still need to take some photos to compare to the photos I took 5 months ago 😅
It is so weird, I see some changes but then sometimes I don’t? Feels a bit like body dysmorphia. 

I feel like I am stalling for the last few weeks though as I don’t see movement on the scale. I want to increase a bit to 0.75 (I’m in EU so can use clicks to manage the dosage) to hopefully continue losing weight - still have another 13kg to go, which is usually the point that in previous weight loss yo-yoing was the point that I couldn’t go past it… in 3kg I will be in a weight that I haven’t seen since 2017-2018.",2024-11-25,3,2,GLP-1
1gzd834,reddit,r/WegovyWeightLoss,"Wegovy stomach pain 0.25….. help . Help, I started taking Wegovy 3 weeks ago and had no problems, expect maybe constipation. I went to bed on Saturday with a slight tummy ache, but woke up on Sunday morning at 2am with severe tummy pain. I consider myself to have quite a high pain threshold but this was something else. I was in the fetal position, crying, vomiting bile while I peed myself because my body was desperately heaving despite not having anything to come up. A trip to A&E later in storm Bert, I was discharged on oramorph and anti sickness with normal bloods. 15hours laters, I’ve been taking co codomol 30/500mg and sipping electrolytes but my tummy still hurts and I don’t know what to do or what else I can take to make myself more comfortable? Any help or advice would be greatly appreciated 🙂",2024-11-25,2,2,Wegovy
1gzcc88,reddit,r/WegovyWeightLoss,"PCOS . What’s your advice for weightloss with PCOS? I also take Metformin. 
What are you guys eating, cardio to strength training ratio? Which one should I focus more on? Protein shakes?
And also I’ve never kept track of like protein or fiber intake before. I don’t understand how I know how much protein my chicken breast is or how many calories is in a red potato 🤨 do food scales do that?",2024-11-25,1,0,GLP-1
1gzc9mz,reddit,r/WegovyWeightLoss,"SW: 185 GW:125. I know every body is different, but I’m just wondering. For those of you who started this meditation under 200 lbs.

How was the rate of weight-loss for you? Was it slow? Did it start slow then pick up? Or the other way around? Did you diet and/or exercise? 
What’s the most weight you lost, did you stop the medication, are you on a maintenance dose? 
Honest opinion, the website said I could lose 40 lbs. is me losing 60 lbs unrealistic? I’m only 5’0” I should be petite honestly even my feet are size 6.",2024-11-25,0,3,GLP-1
1gzc79v,reddit,r/WegovyWeightLoss,"Starting on 0.5 mg. Of course the 0.25 is on back order. However I have gallstones, fatty liver, hernia, horrendous amount of GERD and about the end up my rope comfort wise. My Endocrinologist has advised me to go ahead and take the 0.5 for the next two months. 

Any advice to ease the side effects? 
I work on my feet. Full-time at the hospital and a full-time student. I’d really like to avoid having days where I’m nonfunctional.",2024-11-25,1,2,GLP-1
1gzc724,reddit,r/WegovyWeightLoss,"Can someone give me some good juice recipes ?. Hey all,

I’ve been on Wegovy for a little while, I’m just starting on 1,7 and I’m at the point where all food is revolting 🤢 
I’ve been eating Greek yogurt and drinking protein shakes but I feel this is not a good “long term” diet. I have no desire to make or eat salads so to incorporate some fruits/veggies I bought a juicer. 
Can someone recommend some juices that are helpful while on Wegovy? Bonus points if they are not disgusting 😆",2024-11-25,0,1,Wegovy
1gzc6qq,reddit,r/WegovyWeightLoss,"Scared…. I was just told by my insurance that I’m no longer covered due to being a “normal” BMI. I am terrified. No option to wean off just BOOM. Done.

For anyone else who has had to quit cold turkey, when you went off, were you able to maintain your caloric input but the weight came back anyway? I know this has “fixed” something metabolic so I feel pretty sure that even if I eat the exact same things, the weight is going to come back. Maybe that’s irrational but I just feel like that’s what’s about to happen. 

I’ve been on for almost two years and have been at the same weight now for about 6 months. HW 220, SW 211, CW 146. I’m 5’7” 53F.  I do think the efficacy of the drug is much lower than it was a year ago for me - I’m def eating more than I was and have the urge to snack again in the evenings whereas that first year I could hardly eat past 2pm. I’ve plateaued which is fine - I don’t need to lose more weight. I can have a cookie at lunch, don’t think much about my calories just live like a normal person.

Would really like to hear your experiences if you’ve had to go cold turkey. I’m really scared about what’s going to happen.",2024-11-25,0,3,GLP-1
1gzbyn6,reddit,r/WegovyWeightLoss,"Super painful . Does anyone else find the pain,sting in the injections sometimes is super painful, and other times feels like nothing? Today my injection hurt so had I literally almost took it out mid way, the needle felt like extra long and sharp or something, but other times I barely feel anything. For reference I have a very high pain tolerance",2024-11-25,15,23,GLP-1
1gzaz9r,reddit,r/WegovyWeightLoss,"For the IVF gals . I am starting in December and looking to do an FET in February or March . Did this mess up your cycle ? Looking to do a natural modified which is based on your cycle . I don’t want to NOT take Wegovy , part of my infertility had been weight and high BMI. Thank you for sharing your experiences!",2024-11-25,2,1,Wegovy
1gza9vi,reddit,r/WegovyWeightLoss,"Thigh- Nervous it’s in the muscle. Hi, I just injected 1.7 in to my thigh for the first time. I didn’t punch, I was standing and injected in to my upper thigh. I’m freaking that I hit muscle.",2024-11-25,1,3,GLP-1
1gza3x4,reddit,r/WegovyWeightLoss,"New to wegovy. 3rd dose, 3rd round of nausea.. Like the title says, I am new to this. I have been taking my injections on Thursday evenings, and by Sunday evening I have felt sick every time so far. Sulfur burps, want/need to throw up and diarrhea. I know these are side effects, but does it get better? I’d honestly rather be fat if this keeps up.",2024-11-25,1,3,Wegovy
1gz9uve,reddit,r/WegovyWeightLoss,"Moving from Saxenda to Wegovy. . Hi all! I had some moderate success on Saxenda (-15kg) until I reached a six month plateau and my doctor has given me the opportunity to try Wegovy! 
The pharmacist advised me to give it a week between stopping Saxenda and beginning Wegovy, has anyone else gone through this change, or can give me some advice?",2024-11-25,1,1,Wegovy
1gz9m6q,reddit,r/WegovyWeightLoss,"A Win is a Win. I know some people think that this medication is “cheating” but I just ran 30 minutes uninterrupted today. For the first time in years I didn’t have a deep pain in my ankles or feel like I was going to have a xenomorph burst out of my chest. I cannot believe how much better I felt moving just being 20 pounds lighter. 

Was it the fastest I ever ran? No. Was it my best performance? Hell no. But did running feel enjoyable again for the first time in over a decade? Absolutely 🤩",2024-11-25,120,8,GLP-1
1gz9150,reddit,r/WegovyWeightLoss,"Picky Eater. Has anyone who started this journey been an extremely picky eater? I’m talking doesn’t like ANY type of vegetables and very few dried fruits? I’ve been pushing myself to try mand incorporate those things into my diet as I’ve done more research and prepare to start taking this medication, but I have some issues make me extremely sensitive to texture which unfortunately makes it all the harder. I haven’t been successful. I unfortunately gravitate towards high fat foods such as cheese, even though I follow a strict caloric intake. Any tips on how to improve? Or, anyone else who’s this picky and has been able to stay on without being miserable?",2024-11-25,4,3,GLP-1
1gz8zqp,reddit,r/WegovyWeightLoss,"Egg intolerance disappeared?. A few years ago I developed multiple autoimmune symptoms although no specialist ever pinpointed which one it was exactly. As part of that I suddenly developed alcohol, dairy, and egg intolerances along with other symptoms.  I was able to heal the alcohol and dairy intolerances by avoiding them completely for months, but not so with eggs.  Of the 3, my reaction to eggs was most immediate and…drastic. Like I couldn’t safely eat them in public. It would have been a disaster.

FF to now, 6 years later and about 7 months on Wegovy and I’ve tested my egg tolerance successfully. Meaning, I had half a deviled egg earlier this week and no bad reaction. So I tempted fate and ate an entire delicious hard boiled egg and again…nothing other than tears of joy because eggs are my favorite food ever

I’ve read others experiences with Wegovy reducing autoimmune symptoms so it made me wonder if that’s the case as well with me? Has anyone else overcome an egg intolerance with Wegovy?",2024-11-25,2,2,Wegovy
1gz7ob8,reddit,r/WegovyWeightLoss,Thanksgiving . Is anyone skipped their shot this week so they can actually eat on Thanksgiving? Is there risk to doing this?,2024-11-25,3,9,GLP-1
1gz7lkb,reddit,r/WegovyWeightLoss,"73.6 lbs and 50.75 inches!. Started March 21, 2024 on .5mg. Now on 1.7mg and slowly but steadily finding myself. YAY!!",2024-11-25,25,4,GLP-1
1gz7dpz,reddit,r/WegovyWeightLoss,Amazon back in stock?. I set today as the last day I was going to check Amazon for a refill since I'm down to two pens. I checked this afternoon and it said it was out and then I checked just now and it let me order one month's worth of .5 even though my script is for 3 months. It let me order 3 months worth last time but not this time. Now it's saying it's sold out for me again. So they might have it back but they're rationing it. If you have a script with them and were waiting you might want to check.,2024-11-25,1,0,GLP-1
1gz7bja,reddit,r/WegovyWeightLoss,Wegovy clicks please. Hi can someone tell me how many clicks to get a 1.7 shot from this brown pen. Ta.,2024-11-25,2,17,Wegovy
1gz6sb3,reddit,r/WegovyWeightLoss,"Pen malfunction . Hi all,
I am going to go to my pharmacy tomorrow but figured I’d ask here. I tried to take my 0.5 dose today and dialed it up, but it didn’t click down more than a tiny bit. I tried again and it didn’t move at all. (Yes, all caps were off and I had injected myself) Any tips? Otherwise I’ll go see if I can get a new one. Thanks",2024-11-25,1,1,GLP-1
1gz6q4q,reddit,r/WegovyWeightLoss,6 months on it and 40 lbs down! . Still have yet to be on maintenance dose. I’m starting 1.7 next week!,2024-11-25,27,2,GLP-1
1gz6ib8,reddit,r/WegovyWeightLoss,Anti Nausea tablets. I started 1.7mg last week and nausea is killing me. Does anyone have any recommendations for OTC Anti Nausea tablets that they've had success with?,2024-11-25,4,23,GLP-1
1gz66ov,reddit,r/WegovyWeightLoss,"WTF?. I hear everyone saying you can't eat grease on wegovy.  I can. I limit it, I'm at the highest dosage. I don't have anything I ""can't"" eat. Is this drug not working for me or what the hell?",2024-11-25,65,111,Wegovy
1gz6564,reddit,r/WegovyWeightLoss,I’ve lost a pound every day for the past 9 days. I feel like it’s crazy is this normal. I am having a hard time making myself eat much,2024-11-25,16,4,GLP-1
1gz5qng,reddit,r/WegovyWeightLoss,"What are you eating when nothing sounds good?. I’ve been on .25, moving up to .5 this week, and already having days when no food sounds all that appealing. What foods are you turning to when nothing sounds good?  

These usually work for me:  
- Celery with cream cheese and Everything But the Bagel seasoning 
- Oyster crackers, especially if I’m queasy 
- Protein shakes if all else fails, though I don’t love them (Fairlife is my favorite when I can find it)

What’s working for you?",2024-11-25,31,73,GLP-1
1gz5e5x,reddit,r/WegovyWeightLoss,"Wegovy and burning tounge?. Hey guys, have been on ozempic and recently switched to Wegovy, and my dose is 2mg.

Since then, I have a feeling of burning on my tounge, like drinking hot water. It appears that it is side effect of the medication. 

Any experience and advise?",2024-11-24,0,4,Both
1gz5cnn,reddit,r/WegovyWeightLoss,"Wegovy and burning tounge feeling?. Hey guys, have been on ozempic and recently switched to Wegovy, and my dose is 2mg.

Since then, I have a feeling of burning on my tounge, like drinking hot water. It appears that it is side effect of the medication. 

Any experience and advise?",2024-11-24,0,1,Both
1gz50bx,reddit,r/WegovyWeightLoss,"13 months on wegovy (then mj) - 97lbs lost - life changing . 


Really proud of myself! The stats on my scales wereall red/high/bad this time last year… 

SW 248, CW 150, F 28

I remember looking in this sub a few months into my journey looking at progress posts and still thinking that won’t be me, I’ll never figure it out. I had no self-confidence, not just in my physical self but in what I could actually DO and change in bmy life.

I changed to mounjaro in the summer as it is a fair bit cheaper and I am paying out of pocket so it adds up! I am taking a shot once every 2 weeks or so (sometimes take it sooner if I find myself struggling a bit). Making plans to slowly wean myself off by March 2025.

My life is TOTALLY different. Before I was in a rut, poor mental health, barely moved my body and the idea of movement was something I dreaded because it just felt hard, sweaty and no uncomfortable. I was eating processed food and takeaways all the time, eating at weird times of the day (e.g. not eating all day then binging at night) and blaming my busy job.

The drug helped massively in changing my desire for food, switching off the food noise and making me want to make healthy choices. It was just unbelievable how well it worked, especially the first 6 months or so. I also saw a nutritionist for a few sessions and did some blood work to try and make sure I was making informed nutritional and supplement decisions.

I started walking more, using the electric bikes in my city, I actually wanted to move again which felt like a huge moment for me. Then I started yoga and reformer Pilates which I now do 3-4x a week - it felt like accessible, enjoyable and mindful movement. Good for me in many ways. Started going to some classes with a neighbour and enjoying the routine of it. Now I just got a PT to build strength and recomp, I can’t wait to feel strong for the first time in my life! She’s amazing and really makes me feel like I can do this.

I’m working less, I think I used it as an excuse for my behaviours - I can’t change because my job is so demanding and I have no time for myself. But I just had to let that go and remember work really cannot be that important and I can put in 30% less time/effort and still be great at my job… nothing bad has happened! 

Some non-scale victories / things I noticed along the way that might be interesting:
- ankles and feet aren’t swollen - shoes/socks fit easily;
- don’t feel uncomfortable putting on shoes and can wear heels for work again;
- not wasting money buying new clothes to feel better / try look nicer when in reality it was the body beneath that I needed to work on (like I had about 10 pairs of black trousers - I kept buying more of the same thing in the hopes a different pair would make me feel nicer about myself);
- being able to find things in charity shops, buy off Vinted, shop in stores - not feel embarrassed shopping with friends and only being able to look at accessories or not shop at all; 
- massive decrease in Diet Coke & fizzy drinks - from probably 1-2L a day to 1L a week;
- haven’t drunk any alcohol since 1 Jan 2024; 
- don’t have to contort myself / move bits of my body around when getting beauty treatments e.g. waxing (and not worrying about massage tables etc. holding my weight or creaking);
- being able to feel some muscles when I tensed/flex;
- whilst I had no hygiene issues before, I find I smell a lot less “funky” if I’ve been active and sweat less on the day to day;
- mental health is hugely improved, feel generally good and only changes in mood are tied to monthly cycle rather than foods I’m eating;
- SO much more space in the bath, water not draining out;
- robes and towels at gyms/hotels/spas fit;
- can fit a lot more clothes in laundry, drying, suitcases etc.; 
- people mentioned I look a bit taller so think posture is improving; and
- I give myself a lot more grace now, not constantly beating myself up for being fat/lazy etc. and I wish I had given myself that grace the whole time. I had to really learn to give myself the love and care I deserved. It helped to think about if I was looking after this body for someone else I loved, how would I treat it. 

I’m sure there are so many more good things I am forgetting and I am looking forward to continuing to enjoy my life again! 

I would love to hear any of your experiences (or similarities with mine) and I am also happy to answer any questions if anyone has any.",2024-11-24,6,0,Wegovy
1gz4y2v,reddit,r/WegovyWeightLoss,All my rings look like this now. Thought it was physically impossible for my hands to be small enough to wear a 5.5 ring.,2024-11-24,109,17,GLP-1
1gz4haa,reddit,r/WegovyWeightLoss,7 weeks in. Weighed in 12 lbs lighter this morning. Let's gooooo! Super happy with the results so far. 💪🏼,2024-11-24,9,3,GLP-1
1gz430m,reddit,r/WegovyWeightLoss,"inguinal lymph node swollen. Hi I took my 4th dose of 2.4mg yesterday and I now feel a small 3cm ball in my inner thigh, close to my pubic area.


I always inject my thighs, I alternate between thighs each week. I just noticed this small ball today, so I presume its grown recently. 


I am currently well - no cold, not cough. Eating 1.5 meals a day. Dropping weight at a slow pace. I could do with drinking more water. My sleep is worsening, I get less sleep than before wegovy. My period (that I just finished) did come 7 days early, which is a big swing for me... normally I'm like clockwork. Ive noticed my periods are more frequent than before wegovy.


Im quite worried about swollen lymph nodes in general as people do report them on this sub... typically around the neck, not groin. Its weird and random to me why a appetite hormone would mess up lymph nodes? Unless its something serious, like its triggering like cancer.


(Q) Has anyone who injects in the thighs also had this groin lymph issue? Please could someone point me to more wegovy related information on the matter --- This is important as I would like to get pregnant next year and I dont want this wegovy shit to make me infertile because of some supposed freak 'low probability' side effect that I now have!!",2024-11-24,2,0,Wegovy
1gz3x9u,reddit,r/WegovyWeightLoss,"I’m stuck (F 60+). at 171/172 lbs. GW 145. It’s been 6 weeks and I can’t move the dial. I’m eating 1000 calories a day, tracking and measuring. I haven’t been limiting carbs , bc meat makes me gag. Eating cottage cheese, Greek yogurt, RXBARs for protein. On 1.7 mg. Can’t really exercise bc of physical limitations. I am pretty bummed right now.",2024-11-24,1,22,GLP-1
1gz3afs,reddit,r/WegovyWeightLoss,"For the ladies. For starters I am 50, so definitely in the perimenopause phase, have been for the last 4-5 yrs. 
I started Wegovy 7 months ago. Before Wegovy my periods were fairly predictable even being in perimenopause. 
After starting Wegovy, I’ve skipped a few periods and when they do come they are pretty bad. 
They use to last 3-5 day pre Wegovy, now when they come they are lasting 7-10 days, all be it the last few days are basically very light, compared to the first 5 or so days. 
My question is, has anyone else experienced longer periods on Wegovy ? 
I know perimenopause can be a BIG part of this, but because I have only felt with it since Wegovy, I was curious if anyone else has experienced it? 

F(50) Sw:312.5 Cw: 242 

Thanks for reading! 😊

Oh and I had my tubes tied 19 yrs ago 😂😂",2024-11-24,2,11,Wegovy
1gz2ewr,reddit,r/WegovyWeightLoss,"Food is revolting . I'm really struggling to eat. Not because I'm nauseous or not hungry, but bc every single thing just sounds revolting to me and causes an involuntary gag. And when I don't eat, then I do experience severe nausea. 

What foods are you all finding easy to eat? The only thing that appeals to me is drinks (like protein shakes or smoothies) but I've found more than one per day then I start to get the nausea from hunger. Pls help.",2024-11-24,16,24,GLP-1
1gz20sy,reddit,r/WegovyWeightLoss,"0.25 mg to 0.5 mg Not sure what to make of this. So I was on 0.25 of Wegovy for 4 weeks. Lost 15 lbs. Then went up to 0.50 mg. After 4 weeks I haven't lost anything but have way worse symptoms, especially acid reflux.

I don't know whether I should go up to the thereupetic dose or go back to 0.25. 0,50 has just been a weird ride for me. I don't know why I would lose weight on the lower dose and have more intrusive food thoughts on the higher dose. On the higher dose, though my acid reflux is worse because my stomach isn't physically capable of holding that much food or digesting it. So on 0.5 I desire more food but can eat / handle less of it.

All I know is it's almost 5PM and I haven't eaten anything but a couple of crackers and I'm still burping up yesterday's dinner. I don't know if I'll have dinner today. I feel a bit miserable.",2024-11-24,3,3,Wegovy
1gz0s27,reddit,r/WegovyWeightLoss,Got prescription but not available . I got a prescription for wegovy.  I have really good insurance with blue cross blue shield but the CVS they sent the prescription to says it's out of stock.  What am I supposed to do now?  It appears I am prescribed the .25 dosage. Any online pharmacist that ship?,2024-11-24,2,21,Wegovy
1gz0o9m,reddit,r/WegovyWeightLoss,"What are your side effects?. I'm on 1mg of wegovy, about to move up to 1.7mg.

My main side effects were vomiting (at the start), nausea every so often, early fullness, not hungry for HOURS, no food noise, light headedness 

🤔🤔",2024-11-24,9,38,Wegovy
1gz0k6p,reddit,r/WegovyWeightLoss,"Weight gain after wards?. I am looking to start a GLP1 soon. I am 5’3” and 160 lbs. I have high cholesterol and am also noticing a lot more health issues popping up. I want to get my life back under control and gain a better relationship with food and my body and this can definitely assist me in doing so. How much weight did you lose? How fast? Any tips for a natural looking weight loss??? I know some people who lost like 100lbs so fast and it is very drastic I’m only looking for like 30 or so pounds and I want it to be gradual not fast fast. Also what about weight gain after the fact??? When you stop, how much did you regain? How do you keep it off?",2024-11-24,0,7,GLP-1
1gyz2ap,reddit,r/WegovyWeightLoss,"insurance question. Hi All,

I have some questions related to insurrance covering. I'm going to switch my employer by the beginning of next year. But now everything is ongoing and I don't know if it will transfer smoothly. My current position will be ended by the end of this year, and my future position suppose to start in the first day of 2025, which unfortunatly can not be guranteed at this moment. I'm in the middle of the medicine procedure, and right now it's 1mg/ml. By the end of this year, it will be 1.7 mg/ml based on my PCP's plan. What should I do in this case? Wait or buy an temperaory insurance to cover like three months so the injection won't be stopped? Which kind of insurance will you recemmend? PS: I have no idea about the insurance system in USA.Thank you for your kindly help!",2024-11-24,1,3,GLP-1
1gyyhch,reddit,r/WegovyWeightLoss,"Thanksgiving. Looking forward this week to Thanksgiving (in the US) how is everyone planning on controlling side effects? I love Thanksgiving and usually am good about not over-stuffing but now I can’t even imagine how small my portions are going to have to be to not feel terrible. 

Is there anything anyone has been able to take to mitigate symptoms? Specifically stomach cramping after eating",2024-11-24,2,6,GLP-1
1gyxj4j,reddit,r/WegovyWeightLoss,Depo Shot . Has anyone been on wegovy and depo and continued to lose weight? Depo caused my weight gain and I came off it in January this year started wegovy in May and have lost 30 pounds I’m down to 130 finally. I was happy that I didn’t get my period back right away either. But now I’m finally having some weird spotting and the thought of having to deal with a period again is making me so upset like I love not having a period. But I’m worried that it would make the wegovy ineffective and I’ll gain back what I lost. Thoughts?,2024-11-24,2,10,Wegovy
1gyxgty,reddit,r/WegovyWeightLoss,Eyesight Change. Hello. Has anyone else experienced a change in their eyesight since they started taking Wegovy?,2024-11-24,1,5,Wegovy
1gyxfx3,reddit,r/WegovyWeightLoss,"Stalled, side effects. 6’2”, 255, started wegovy at the beginning of august, lost 15lbs fairly quickly but have been stuck at 240 for at least a month. Seems to be the weight my body always ends up if I’m not paying attention. Previously down to 200 mostly by paying attention to my diet and doing wildfit, essentially a low carb diet. Gained 55 after divorce. Thought I’d give wegovy a try to get a kickstart. 

I don’t think I eat much and mostly feel nauseated and constipated. Have added in  fiber, probiotics, anti-reflex meds, stool softeners. Mornings are usually the worst. Have to choke down my morning coffee. Probably should focus on what I eat. From a calorie stand point I don’t think I’m overeating but will admit that sometimes the only things I can eat are ritz crackers, graham crackers, oreos and some ice cream. Went out for breakfast with my sons, usually my favorite meal. Ended up just bringing it home with me.",2024-11-24,1,3,Wegovy
1gyxagy,reddit,r/WegovyWeightLoss,"Day 2 on wegovy and I’m struggling. I injected my first dose just over 24 hours ago, Saturday morning. Last night I felt nauseous and like I ate too much food. That’s ok. Today after brunch I am feeling so tired, dizzy, and clumsy. Like my brain is not working properly. Is this normal? Does it go away? There is no way I could function like this at work",2024-11-24,0,5,Wegovy
1gywc1o,reddit,r/WegovyWeightLoss,"I finally weigh less than I did in high school!!!. Hi there!!! 23F 5'2 with PCOS ☺️ I've been on wegovy since early July 2024, started around 215-220lbs, and as of yesterday I'm down to 175lbs!! 🥳 the last time I remember seeing a number smaller than 180lbs on the scale was my freshman year of high school when I was 14, when I weighed 178lbs! 

I started on the 0.25mg dose, and have worked my way up by month to 2.4mg which I've been on for almost a month now. I have some pretty heavy nausea, but luckily not much constipation. I don't do much for purposeful exercise, but I work on my feet as a cashier for 6+ hours a day and am in college so I end up getting a good amount of movement in from that. I don't really feel hungry anymore, so instead of trying to eat three normal size meals a day, I eat small amounts throughout the day. I try to get protein in my diet too, so if I'm not hungry and feel nauseous I drink those fair life core protein shakes to get something in me lol. 

I'm just so so so cheesed about this and I only told a few people in my life about my wegovy, so it's nice to share with people that I know wont judge me for taking it hehe :) 
Have you guys had any big wins recently?!",2024-11-24,49,4,Wegovy
1gywaaj,reddit,r/WegovyWeightLoss,"Stretchy pants for weight loss?. My whole life has been bouncing between clothing sizes, especially pants. I'm really hopeful that with Wegovy I'm losing and then I'll be able to keep it off. I'm hoping to lose 6-8 sizes but I don't want to buy casual and work clothes a bunch of different times.

Is there a fix? Does anyone wear adjustable waist band clothes?",2024-11-24,2,3,Wegovy
